x,y,u,v,p
4.9,-0.9,2.6845573e-05,2.0169458e-05,-3.7651423e-06
4.9,-0.8,-4.9752303e-05,1.9888426e-05,-5.6366625e-06
5.0,-0.8,-4.970412e-05,1.36573735e-05,-1.8373973e-06
5.0,-0.9,2.7576918e-05,1.609902e-05,-1.2763574e-07
4.8,-0.9,2.7763921e-05,2.6477268e-05,-9.668074e-06
4.8,-0.8,-4.8576654e-05,2.9143512e-05,-1.1002226e-05
4.9,-0.7,-0.00010455825,1.9788698e-05,-9.0027725e-06
5.0,-0.7,-0.00010396746,1.3086741e-05,-5.7630987e-06
4.7,-0.9,3.123566e-05,2.9105948e-05,-1.5946152e-05
4.7,-0.8,-4.571451e-05,3.276399e-05,-1.686621e-05
4.8,-0.7,-0.00010525209,3.0271645e-05,-1.3330208e-05
4.9,-0.6,-0.0001440361,1.8096005e-05,-1.2638583e-05
5.0,-0.6,-0.00014281445,1.15345465e-05,-1.0422306e-05
4.6,-0.9,3.5097346e-05,2.8582917e-05,-2.1869433e-05
4.6,-0.8,-4.2138556e-05,3.248537e-05,-2.2484368e-05
4.7,-0.7,-0.00010474191,3.51301e-05,-1.8263861e-05
4.8,-0.6,-0.00014638655,2.8995004e-05,-1.6020716e-05
4.9,-0.5,-0.00017233798,1.5768112e-05,-1.6173282e-05
5.0,-0.5,-0.0001708221,9.841381e-06,-1.4740335e-05
4.5,-0.9,3.900366e-05,2.5891153e-05,-2.7249052e-05
4.5,-0.8,-3.8222897e-05,2.9766727e-05,-2.7613807e-05
4.6,-0.7,-0.000103055296,3.557519e-05,-2.324765e-05
4.7,-0.6,-0.00014812096,3.5113568e-05,-2.0026737e-05
4.8,-0.5,-0.00017558584,2.6116944e-05,-1.8721668e-05
4.9,-0.4,-0.00019277535,1.3133473e-05,-1.9306923e-05
5.0,-0.4,-0.00019124313,8.045285e-06,-1.839524e-05
4.4,-0.9,4.256755e-05,2.1826343e-05,-3.206911e-05
4.4,-0.8,-3.42977e-05,2.5476713e-05,-3.2238524e-05
4.5,-0.7,-0.000100514124,3.3243337e-05,-2.7972257e-05
4.6,-0.6,-0.00014874755,3.6731297e-05,-2.4255207e-05
4.7,-0.5,-0.00017891546,3.2801574e-05,-2.1873764e-05
4.8,-0.4,-0.00019626861,2.240302e-05,-2.1204605e-05
4.9,-0.3,-0.00020772406,1.0601077e-05,-2.19543e-05
5.0,-0.3,-0.00020633692,6.4067144e-06,-2.1371814e-05
4.3,-0.9,4.5700068e-05,1.6965254e-05,-3.627803e-05
4.3,-0.8,-3.0526593e-05,2.0239811e-05,-3.630468e-05
4.4,-0.7,-9.737816e-05,2.9114823e-05,-3.2302847e-05
4.5,-0.6,-0.00014825109,3.5260742e-05,-2.8406803e-05
4.6,-0.5,-0.00018154568,3.551174e-05,-2.5360965e-05
4.7,-0.4,-0.00020035924,2.9085199e-05,-2.3621049e-05
4.8,-0.3,-0.00021105552,1.8508103e-05,-2.3371189e-05
4.9,-0.2,-0.00021874759,8.324944e-06,-2.4106299e-05
5.0,-0.2,-0.00021755314,4.9806576e-06,-2.373555e-05
4.2,-0.9,4.829331e-05,1.1699597e-05,-3.9875624e-05
4.2,-0.8,-2.7052487e-05,1.451318e-05,-3.9794457e-05
4.3,-0.7,-9.3958e-05,2.3831572e-05,-3.6147663e-05
4.4,-0.6,-0.0001467929,3.1759853e-05,-3.2311127e-05
4.5,-0.5,-0.00018310687,3.519385e-05,-2.8905866e-05
4.6,-0.4,-0.00020432382,3.2548956e-05,-2.642086e-05
4.7,-0.3,-0.00021529317,2.4720195e-05,-2.5244444e-05
4.8,-0.2,-0.00022172972,1.4793082e-05,-2.5177336e-05
4.9,-0.1,-0.0002268743,6.355855e-06,-2.5805151e-05
5.0,-0.1,-0.00022586543,3.7762395e-06,-2.5570871e-05
4.1,-0.9,5.0319195e-05,6.3088046e-06,-4.2880394e-05
4.1,-0.8,-2.3957979e-05,8.62599e-06,-4.2721284e-05
4.2,-0.7,-9.0458205e-05,1.7921935e-05,-3.9478247e-05
4.3,-0.6,-0.00014460289,2.6847587e-05,-3.586286e-05
4.4,-0.5,-0.00018362986,3.2691707e-05,-3.232761e-05
4.5,-0.4,-0.00020755296,3.3243974e-05,-2.9411773e-05
4.6,-0.3,-0.00021985688,2.8470577e-05,-2.7486803e-05
4.7,-0.2,-0.00022576124,2.018961e-05,-2.6641736e-05
4.8,-0.1,-0.00022947499,1.1439277e-05,-2.6630323e-05
4.9,2.4230618e-14,-0.00023277686,4.6637983e-06,-2.7098527e-05
5.0,2.3092639e-14,-0.00023192004,2.75644e-06,-2.695228e-05
4.0,-0.9,5.1775085e-05,9.7806e-07,-4.533078e-05
4.0,-0.8,-2.1285789e-05,2.7955898e-06,-4.5116925e-05
4.1,-0.7,-8.702607e-05,1.1762956e-05,-4.2297645e-05
4.2,-0.6,-0.00014190597,2.1128177e-05,-3.898986e-05
4.3,-0.5,-0.00018315493,2.85713e-05,-3.5524507e-05
4.4,-0.4,-0.0002098294,3.1772117e-05,-3.238265e-05
4.5,-0.3,-0.00022411824,2.9871318e-05,-2.9947978e-05
4.6,-0.2,-0.00023040862,2.3796449e-05,-2.8444005e-05
4.7,-0.1,-0.0002331508,1.5873406e-05,-2.7799446e-05
4.8,2.4785729e-14,-0.00023503923,8.472796e-06,-2.7752905e-05
4.9,0.1,-0.00023689827,3.1952577e-06,-2.8031654e-05
5.0,0.1,-0.0002361529,1.8794487e-06,-2.7939985e-05
3.9,-0.9,5.2686835e-05,-4.1734247e-06,-4.727279e-05
3.9,-0.8,-1.9046616e-05,-2.838079e-06,-4.7022102e-05
4.0,-0.7,-8.375967e-05,5.6104086e-06,-4.4624536e-05
4.1,-0.6,-0.00013889774,1.5017205e-05,-4.1672138e-05
4.2,-0.5,-0.00018184034,2.3425002e-05,-3.8408583e-05
4.3,-0.4,-0.00021108634,2.865533e-05,-3.5208024e-05
4.4,-0.3,-0.0002276928,2.929227e-05,-3.2478678e-05
4.5,-0.2,-0.00023512225,2.556861e-05,-3.0475016e-05
4.6,-0.1,-0.00023759,1.9050967e-05,-2.9270053e-05
4.7,2.478226e-14,-0.00023834173,1.1897871e-05,-2.8712278e-05
4.8,0.1,-0.00023889897,5.84223e-06,-2.8573751e-05
4.9,0.2,-0.0002395193,1.8820274e-06,-2.8639472e-05
5.0,0.2,-0.00023884673,1.1035697e-06,-2.8577297e-05
3.8,-0.9,5.3091255e-05,-9.074726e-06,-4.8756796e-05
3.8,-0.8,-1.7232125e-05,-8.191082e-06,-4.8482914e-05
3.9,-0.7,-8.0721285e-05,-3.6760406e-07,-4.6489517e-05
4.0,-0.6,-0.00013572862,8.808267e-06,-4.391312e-05
4.1,-0.5,-0.00017986684,1.7710687e-05,-4.0926036e-05
4.2,-0.4,-0.00021136264,2.4365369e-05,-3.781746e-05
4.3,-0.3,-0.00023038975,2.7149712e-05,-3.495266e-05
4.4,-0.2,-0.00023947126,2.5668805e-05,-3.2618642e-05
4.5,-0.1,-0.00024235385,2.0858832e-05,-3.0962303e-05
4.6,2.590983e-14,-0.00024246742,1.447131e-05,-2.9938721e-05
4.7,0.1,-0.00024188685,8.270292e-06,-2.9390098e-05
4.8,0.2,-0.0002413471,3.4576142e-06,-2.9112927e-05
4.9,0.3,-0.00024080879,6.6070004e-07,-2.8944856e-05
5.0,0.3,-0.00024017418,3.838909e-07,-2.889279e-05
3.7,-0.9,5.303497e-05,-1.3690565e-05,-4.9834507e-05
3.7,-0.8,-1.5818374e-05,-1.3219733e-05,-4.9547383e-05
3.8,-0.7,-7.79449e-05,-6.066534e-06,-4.7930833e-05
3.9,-0.6,-0.00013251104,2.7031742e-06,-4.5730496e-05
4.0,-0.5,-0.00017740575,1.1754774e-05,-4.3061802e-05
4.1,-0.4,-0.00021075936,1.9342502e-05,-4.014563e-05
4.2,-0.3,-0.00023213429,2.3822868e-05,-3.7282214e-05
4.3,-0.2,-0.00024317506,2.436356e-05,-3.4767796e-05
4.4,-0.1,-0.00024703858,2.1351827e-05,-3.2787342e-05
4.5,2.6999236e-14,-0.00024707476,1.6076521e-05,-3.1376745e-05
4.6,0.1,-0.00024570883,1.0157734e-05,-3.0446015e-05
4.7,0.2,-0.00024411576,4.9256964e-06,-2.9840703e-05
4.8,0.3,-0.00024255183,1.2263409e-06,-2.9386734e-05
4.9,0.4,-0.00024084712,-5.278653e-07,-2.8959545e-05
5.0,0.4,-0.00024020902,-3.2003533e-07,-2.8898326e-05
3.6,-0.9,5.2564454e-05,-1.800755e-05,-5.0555445e-05
3.6,-0.8,-1.4776647e-05,-1.790949e-05,-5.0262115e-05
3.7,-0.7,-7.544415e-05,-1.14294335e-05,-4.8990427e-05
3.8,-0.6,-0.00012932456,-3.1664467e-06,-4.7151912e-05
3.9,-0.5,-0.00017459861,5.7907387e-06,-4.4819793e-05
4.0,-0.4,-0.00020941447,1.3928303e-05,-4.2157266e-05
4.1,-0.3,-0.00023293615,1.967082e-05,-3.9405964e-05
4.2,-0.2,-0.0002460736,2.1948383e-05,-3.6835994e-05
4.3,-0.1,-0.0002513339,2.0679321e-05,-3.4653975e-05
4.4,2.8095581e-14,-0.0002518103,1.6713517e-05,-3.2956035e-05
4.5,0.1,-0.0002500935,1.1408061e-05,-3.1702977e-05
4.6,0.2,-0.00024770683,6.095127e-06,-3.079085e-05
4.7,0.3,-0.00024520987,1.7629986e-06,-3.007449e-05
4.8,0.4,-0.00024259226,-9.5075825e-07,-2.9406385e-05
4.9,0.5,-0.00023963414,-1.7488928e-06,-2.8683331e-05
5.0,0.5,-0.00023895038,-1.0398468e-06,-2.859349e-05
3.5,-0.8,-1.40712455e-05,-2.226991e-05,-5.0673356e-05
3.5,-0.9,5.174743e-05,-2.2031036e-05,-5.0967814e-05
3.6,-0.7,-7.321877e-05,-1.643467e-05,-4.971049e-05
3.7,-0.6,-0.00012622557,-8.724187e-06,-4.8210848e-05
3.8,-0.5,-0.00017155964,-2.1693376e-08,-4.6215755e-05
3.9,-0.4,-0.00020746433,8.375819e-06,-4.3841585e-05
4.0,-0.3,-0.00023286162,1.5010029e-05,-4.1278894e-05
4.1,-0.2,-0.0002480898,1.8709368e-05,-3.875864e-05
4.2,-0.1,-0.00025502167,1.9043278e-05,-3.6488298e-05
4.3,2.9195396e-14,-0.00025637427,1.6458407e-05,-3.4598852e-05
4.4,0.1,-0.000254742,1.200248e-05,-3.310224e-05
4.5,0.2,-0.00025189883,6.9028083e-06,-3.1932104e-05
4.6,0.3,-0.00024867724,2.202391e-06,-3.0973413e-05
4.7,0.4,-0.00024524968,-1.3398842e-06,-3.0094307e-05
4.8,0.5,-0.00024146902,-3.1823772e-06,-2.9171777e-05
4.9,0.6,-0.00023709018,-3.0630258e-06,-2.8104425e-05
5.0,0.6,-0.00023632473,-1.8155613e-06,-2.7966196e-05
3.4,-0.8,-1.3673265e-05,-2.6313379e-05,-5.0820414e-05
3.4,-0.9,5.0575465e-05,-2.5777923e-05,-5.1110295e-05
3.5,-0.7,-7.125434e-05,-2.1083217e-05,-5.0132567e-05
3.6,-0.6,-0.00012324574,-1.3930925e-05,-4.8943035e-05
3.7,-0.5,-0.00016837765,-5.580664e-06,-4.7272828e-05
3.8,-0.4,-0.00020503318,2.8666439e-06,-4.520209e-05
3.9,-0.3,-0.00023200648,1.0092886e-05,-4.2876338e-05
4.0,-0.2,-0.0002492137,1.4907757e-05,-4.048748e-05
4.1,-0.1,-0.0002579562,1.665552e-05,-3.8228165e-05
4.2,2.9469517e-12,-0.00026052367,1.5433046e-05,-3.6241392e-05
4.3,0.1,-0.00025937756,1.1975423e-05,-3.4580666e-05
4.4,0.2,-0.0002564328,7.331775e-06,-3.321465e-05
4.5,0.3,-0.000252763,2.5235975e-06,-3.205809e-05
4.6,0.4,-0.0002487193,-1.6333477e-06,-3.0993553e-05
4.7,0.5,-0.0002442367,-4.505659e-06,-2.9900037e-05
4.8,0.6,-0.0002391047,-5.570777e-06,-2.867174e-05
4.9,0.7,-0.00023304783,-4.5339816e-06,-2.7200085e-05
5.0,0.7,-0.00023216137,-2.6934042e-06,-2.6988002e-05
3.3,-0.9,4.912255e-05,-2.9272334e-05,-5.1018404e-05
3.3,-0.8,-1.3541772e-05,-3.0056768e-05,-5.0737213e-05
3.4,-0.7,-6.953038e-05,-2.5384637e-05,-5.0294315e-05
3.5,-0.6,-0.00012039829,-1.8773748e-05,-4.9384555e-05
3.6,-0.5,-0.00016511562,-1.0826174e-05,-4.8018836e-05
3.7,-0.4,-0.00020222474,-2.4739684e-06,-4.6251145e-05
3.8,-0.3,-0.00023047587,5.110038e-06,-4.4189896e-05
3.9,-0.2,-0.00024948188,1.0770455e-05,-4.1989675e-05
4.0,-0.1,-0.00026006592,1.3717905e-05,-3.981933e-05
4.1,1.1073047e-11,-0.00026407596,1.3778175e-05,-3.782262e-05
4.2,0.1,-0.00026375492,1.1392736e-05,-3.6079262e-05
4.3,0.2,-0.0002610537,7.394723e-06,-3.4583543e-05
4.4,0.3,-0.00025722606,2.7201854e-06,-3.3283683e-05
4.5,0.4,-0.00025280894,-1.8121373e-06,-3.207851e-05
4.6,0.5,-0.00024783626,-5.532871e-06,-3.0851235e-05
4.7,0.6,-0.00024209415,-7.859442e-06,-2.9488834e-05
4.8,0.7,-0.0002353343,-8.210964e-06,-2.7890008e-05
4.9,0.8,-0.00022722915,-6.2327254e-06,-2.5935014e-05
5.0,0.8,-0.00022617877,-3.7155191e-06,-2.5615402e-05
3.2,-0.8,-1.3638689e-05,-3.35397e-05,-5.0461556e-05
3.2,-0.9,4.7456353e-05,-3.2540862e-05,-5.073376e-05
3.3,-0.7,-6.802667e-05,-2.9358127e-05,-5.022977e-05
3.4,-0.6,-0.00011768881,-2.3258965e-05,-4.9570164e-05
3.5,-0.5,-0.00016181835,-1.5730304e-05,-4.8484042e-05
3.6,-0.4,-0.00019912301,-7.565821e-06,-4.700787e-05
3.7,-0.3,-0.00022836839,2.002288e-07,-4.5221786e-05
3.8,-0.2,-0.00024895827,6.4797223e-06,-4.3246924e-05
3.9,-0.1,-0.0002613294,1.041813e-05,-4.122618e-05
4.0,1.7532482e-11,-0.0002669135,1.1645322e-05,-3.9290717e-05
4.1,0.1,-0.00026767855,1.0343453e-05,-3.7537895e-05
4.2,0.2,-0.0002655251,7.1249115e-06,-3.598376e-05
4.3,0.3,-0.00026182362,2.7948013e-06,-3.4598394e-05
4.4,0.4,-0.0002572779,-1.8705027e-06,-3.3304277e-05
4.5,0.5,-0.00025204226,-6.2024455e-06,-3.1993448e-05
4.6,0.6,-0.00024593683,-9.613187e-06,-3.0546486e-05
4.7,0.7,-0.0002386486,-1.1510298e-05,-2.8850478e-05
4.8,0.8,-0.00022987217,-1.1200168e-05,-2.6805736e-05
4.9,0.9,-0.00021919937,-8.220981e-06,-2.4264033e-05
5.0,0.9,-0.0002179453,-4.9265586e-06,-2.3788636e-05
3.1,-0.9,4.556042e-05,-3.5605928e-05,-5.0285675e-05
3.1,-0.8,-1.3939986e-05,-3.6796722e-05,-5.0023213e-05
3.2,-0.7,-6.6721586e-05,-3.30407e-05,-4.997261e-05
3.3,-0.6,-0.000115115115,-2.7405309e-05,-4.9532373e-05
3.4,-0.5,-0.00015851726,-2.0288966e-05,-4.869875e-05
3.5,-0.4,-0.00019579762,-1.23650225e-05,-4.7495825e-05
3.6,-0.3,-0.00022577253,-4.5418765e-06,-4.598241e-05
3.7,-0.2,-0.00024771737,2.1752185e-06,-4.4252512e-05
3.8,-0.1,-0.00026176037,6.915145e-06,-4.242308e-05
3.9,2.222108e-11,-0.00026896223,9.174907e-06,-4.061011e-05
4.0,0.1,-0.00027099616,8.9276755e-06,-3.8909948e-05
4.1,0.2,-0.00026964457,6.5709864e-06,-3.736116e-05
4.2,0.3,-0.0002663258,2.7568199e-06,-3.5949262e-05
4.3,0.4,-0.0002618833,-1.8116085e-06,-3.461906e-05
4.4,0.5,-0.000256597,-6.497646e-06,-3.3276614e-05
4.5,0.6,-0.00025035374,-1.0735479e-05,-3.1805215e-05
4.6,0.7,-0.00024281899,-1.39669855e-05,-3.007948e-05
4.7,0.8,-0.0002335856,-1.5535072e-05,-2.7975686e-05
4.8,0.9,-0.00022225945,-1.4609335e-05,-2.5390742e-05
4.9,1.0,-0.00020830192,-1.0543225e-05,-2.213904e-05
5.0,1.0,-0.00020682483,-6.371405e-06,-2.1434531e-05
3.0,-0.8,-1.4417416e-05,-3.9856157e-05,-4.944542e-05
3.0,-0.9,4.34846e-05,-3.8497317e-05,-4.969816e-05
3.1,-0.7,-6.5589855e-05,-3.6471203e-05,-4.9551538e-05
3.2,-0.6,-0.00011267051,-3.124405e-05,-4.9301394e-05
3.3,-0.5,-0.00015523154,-2.4514187e-05,-4.8692185e-05
3.4,-0.4,-0.00019230122,-1.685374e-05,-4.7739977e-05
3.5,-0.3,-0.00022276805,-9.057586e-06,-4.6488007e-05
3.6,-0.2,-0.00024583505,-2.0423288e-06,-4.5008674e-05
3.7,-0.1,-0.0002613987,3.3361282e-06,-4.3396005e-05
3.8,2.4956585e-11,-0.00027019315,6.4904484e-06,-4.174874e-05
3.9,0.1,-0.0002736018,7.2382268e-06,-4.0154056e-05
4.0,0.2,-0.00027324283,5.78511e-06,-3.8668917e-05
4.1,0.3,-0.0002705292,2.6210434e-06,-3.7284586e-05
4.2,0.4,-0.00026639525,-1.6457086e-06,-3.5969857e-05
4.3,0.5,-0.00026124477,-6.431006e-06,-3.4645793e-05
4.4,0.6,-0.0002550479,-1.1205825e-05,-3.3205764e-05
4.5,0.7,-0.00024749254,-1.5462098e-05,-3.1520118e-05
4.6,0.8,-0.00023811581,-1.8626344e-05,-2.9450324e-05
4.7,0.9,-0.0002263821,-1.9957663e-05,-2.6856056e-05
4.8,1.0,-0.00021177852,-1.8442082e-05,-2.3619794e-05
4.9,1.1,-0.00019354407,-1.3181535e-05,-1.9516425e-05
5.0,1.1,-0.00019186464,-8.056563e-06,-1.8471266e-05
2.9,-0.9,4.124747e-05,-4.1246163e-05,-4.899509e-05
2.9,-0.8,-1.5051139e-05,-4.2751806e-05,-4.8750902e-05
3.0,-0.7,-6.460954e-05,-3.9683422e-05,-4.8990678e-05
3.1,-0.6,-0.0001103432,-3.4811175e-05,-4.890439e-05
3.2,-0.5,-0.00015197224,-2.843033e-05,-4.8491896e-05
3.3,-0.4,-0.00018867338,-2.1033431e-05,-4.7765534e-05
3.4,-0.3,-0.00021942076,-1.3315657e-05,-4.675783e-05
3.5,-0.2,-0.00024338612,-6.105511e-06,-4.55245e-05
3.6,-0.1,-0.0002602953,-2.2269413e-07,-4.4140397e-05
3.7,2.7366609e-11,-0.00027060826,3.7001032e-06,-4.2687956e-05
3.8,0.1,-0.00027543388,5.365764e-06,-4.12391e-05
3.9,0.2,-0.00027619762,4.8221664e-06,-3.986126e-05
4.0,0.3,-0.0002742611,2.4042145e-06,-3.8557555e-05
4.1,0.4,-0.00027060971,-1.3884226e-06,-3.7304897e-05
4.2,0.5,-0.00026574903,-6.0365505e-06,-3.6045607e-05
4.3,0.6,-0.0002597398,-1.1057198e-05,-3.468527e-05
4.4,0.7,-0.00025231717,-1.5991853e-05,-3.310195e-05
4.5,0.8,-0.00024300633,-2.0353904e-05,-3.1147454e-05
4.6,0.9,-0.0002312018,-2.3529627e-05,-2.866497e-05
4.7,1.0,-0.00021620691,-2.4682964e-05,-2.5491721e-05
4.8,1.1,-0.00019732148,-2.2576989e-05,-2.1483675e-05
4.9,1.2,-0.00017343587,-1.60555e-05,-1.6399754e-05
5.0,1.2,-0.00017165723,-9.979216e-06,-1.4837612e-05
2.8,-0.9,3.887051e-05,-4.3879678e-05,-4.8195347e-05
2.8,-0.8,-1.5820262e-05,-4.5515575e-05,-4.7959213e-05
2.9,-0.7,-6.376345e-05,-4.271181e-05,-4.831186e-05
3.0,-0.6,-0.000108120286,-3.8143524e-05,-4.8365462e-05
3.1,-0.5,-0.0001487435,-3.2069245e-05,-4.812326e-05
3.2,-0.4,-0.00018494338,-2.491976e-05,-4.7597096e-05
3.3,-0.3,-0.00021578494,-1.7306162e-05,-4.6812682e-05
3.4,-0.2,-0.00024043859,-9.973402e-06,-4.581352e-05
3.5,-0.1,-0.000258508,-3.6928598e-06,-4.465883e-05
3.6,2.9190705e-11,-0.00027023023,8.8739927e-07,-4.341639e-05
3.7,0.1,-0.00027645726,3.385877e-06,-4.2146825e-05
3.8,0.2,-0.0002784187,3.7342054e-06,-4.090827e-05
3.9,0.3,-0.0002773872,2.1242693e-06,-3.9725863e-05
4.0,0.4,-0.00027435352,-1.05865e-06,-3.8577185e-05
4.1,0.5,-0.00026990537,-5.362866e-06,-3.7422436e-05
4.2,0.6,-0.00026418464,-1.0357083e-05,-3.618316e-05
4.3,0.7,-0.00025698548,-1.5628264e-05,-3.4748344e-05
4.4,0.8,-0.00024785043,-2.0764419e-05,-3.2977627e-05
4.5,0.9,-0.00023614126,-2.5263207e-05,-3.0703737e-05
4.6,1.0,-0.0002210821,-2.847048e-05,-2.7743701e-05
4.7,1.1,-0.00020177299,-2.9437011e-05,-2.390367e-05
4.8,1.2,-0.00017720173,-2.673671e-05,-1.901655e-05
4.9,1.3,-0.00014576426,-1.8860213e-05,-1.2846433e-05
5.0,1.3,-0.00014404749,-1.1959206e-05,-1.0555085e-05
2.7,-0.9,3.6361667e-05,-4.643195e-05,-4.7315047e-05
2.7,-0.8,-1.6715461e-05,-4.818168e-05,-4.7086953e-05
2.8,-0.7,-6.303404e-05,-4.5591212e-05,-4.75341e-05
2.9,-0.6,-0.000105989035,-4.1277675e-05,-4.7705802e-05
3.0,-0.5,-0.00014554564,-3.5465935e-05,-4.7609254e-05
3.1,-0.4,-0.00018113173,-2.853783e-05,-4.7257992e-05
3.2,-0.3,-0.00021190454,-2.1035015e-05,-4.667387e-05
3.3,-0.2,-0.00023705269,-1.36266035e-05,-4.5891993e-05
3.4,-0.1,-0.00025609677,-7.029805e-06,-4.495962e-05
3.5,3.0507014e-11,-0.0002690944,-1.8858085e-06,-4.3931443e-05
3.6,0.1,-0.00027667193,1.3629909e-06,-4.285926e-05
3.7,0.2,-0.00027985472,2.5621985e-06,-4.1784824e-05
3.8,0.3,-0.000279803,1.7931432e-06,-4.0756382e-05
3.9,0.4,-0.00027749277,-6.7708714e-07,-3.97445e-05
4.0,0.5,-0.00027354254,-4.465842e-06,-3.8728413e-05
4.1,0.6,-0.0002681802,-9.192953e-06,-3.764261e-05
4.2,0.7,-0.00026125298,-1.4492548e-05,-3.6391117e-05
4.3,0.8,-0.00025232474,-2.0000762e-05,-3.485013e-05
4.4,0.9,-0.00024075723,-2.530733e-05,-3.2855532e-05
4.5,1.0,-0.0002257253,-2.9893858e-05,-3.0218423e-05
4.6,1.1,-0.00020625518,-3.3037373e-05,-2.6720552e-05
4.7,1.2,-0.00018117577,-3.371895e-05,-2.2144182e-05
4.8,1.3,-0.0001490533,-3.038659e-05,-1.6306816e-05
4.9,1.4,-0.00010754144,-2.151455e-05,-9.1256625e-06
5.0,1.4,-0.00010610069,-1.4237271e-05,-5.952381e-06
2.5986981,-0.90091246,3.42012e-05,-4.8951923e-05,-4.635711e-05
2.5986333,-0.80068034,-1.7417946e-05,-5.0825227e-05,-4.6137582e-05
2.7,-0.7,-6.2415646e-05,-4.835974e-05,-4.6673813e-05
2.8,-0.6,-0.0001039411,-4.4250406e-05,-4.6944122e-05
2.9,-0.5,-0.00014237533,-3.8655908e-05,-4.6970803e-05
3.0,-0.4,-0.00017725273,-3.1917938e-05,-4.6769866e-05
3.1,-0.3,-0.00020781437,-2.4519242e-05,-4.636242e-05
3.2,-0.2,-0.00023328088,-1.706193e-05,-4.577783e-05
3.3,-0.1,-0.0002531188,-1.0208415e-05,-4.505483e-05
3.4,3.2010585e-11,-0.0002672439,-4.5785478e-06,-4.4237255e-05
3.5,0.1,-0.00027608947,-6.471017e-07,-4.3370084e-05
3.6,0.2,-0.00028048942,1.3491356e-06,-4.2480126e-05
3.7,0.3,-0.00028144612,1.4227005e-06,-4.161614e-05
3.8,0.4,-0.0002799198,-2.5832514e-07,-4.077438e-05
3.9,0.5,-0.00027653758,-3.40238e-06,-3.991794e-05
4.0,0.6,-0.00027157136,-7.666385e-06,-3.9012215e-05
4.1,0.7,-0.0002649296,-1.272804e-05,-3.7972564e-05
4.2,0.8,-0.00025620323,-1.8261702e-05,-3.6687325e-05
4.3,0.9,-0.0002447466,-2.392343e-05,-3.5013745e-05
4.4,1.0,-0.00022971508,-2.9282935e-05,-3.2766115e-05
4.5,1.1,-0.00021007699,-3.3780416e-05,-2.972668e-05
4.6,1.2,-0.00018462563,-3.665165e-05,-2.5661291e-05
4.7,1.3,-0.00015181722,-3.691279e-05,-2.0335136e-05
4.8,1.4,-0.00010971423,-3.2947453e-05,-1.3562107e-05
4.9,1.5,-5.4994685e-05,-2.2999646e-05,-5.482034e-06
5.0,1.5,-5.3708056e-05,-1.5966247e-05,-2.0216146e-06
2.4970655,-0.9034,3.272729e-05,-5.1414005e-05,-4.5346005e-05
2.496086,-0.8048135,-1.6675001e-05,-5.3433705e-05,-4.5134737e-05
2.5981228,-0.70117337,-6.140413e-05,-5.1120798e-05,-4.573348e-05
2.6988873,-0.6003483,-0.00010181751,-4.713856e-05,-4.608954e-05
2.8,-0.5,-0.0001392318,-4.167699e-05,-4.6226152e-05
2.9,-0.4,-0.00017331517,-3.509296e-05,-4.6152847e-05
3.0,-0.3,-0.00020354173,-2.7782973e-05,-4.5898516e-05
3.1,-0.2,-0.00022916766,-2.0288491e-05,-4.5489513e-05
3.2,-0.1,-0.00024962818,-1.3219238e-05,-4.4958957e-05
3.3,3.4221435e-11,-0.00026472745,-7.1671325e-06,-4.4342392e-05
3.4,0.1,-0.00027473015,-2.6139692e-06,-4.367805e-05
3.5,0.2,-0.00028030245,1.3832192e-07,-4.2992455e-05
3.6,0.3,-0.0002823011,1.0318086e-06,-4.2295123e-05
3.7,0.4,-0.00028157432,1.7884952e-07,-4.1630643e-05
3.8,0.5,-0.00027879592,-2.2254546e-06,-4.0961095e-05
3.9,0.6,-0.0002742535,-5.8754827e-06,-4.0249848e-05
4.0,0.7,-0.00026789034,-1.0485596e-05,-3.9438084e-05
4.1,0.8,-0.00025933396,-1.5764916e-05,-3.8427195e-05
4.2,0.9,-0.00024793466,-2.1409938e-05,-3.708951e-05
4.3,1.0,-0.00023282893,-2.7062473e-05,-3.5257617e-05
4.4,1.1,-0.00021294448,-3.2267377e-05,-3.2728218e-05
4.5,1.2,-0.0001870069,-3.6417085e-05,-2.927184e-05
4.6,1.3,-0.00015352906,-3.8760292e-05,-2.4630619e-05
4.7,1.4,-0.00011055228,-3.8320217e-05,-1.8570272e-05
4.8,1.5,-5.5737062e-05,-3.3416334e-05,-1.1057912e-05
4.9,1.6,1.8908942e-05,-2.5409076e-05,-3.3128317e-06
2.39379,-0.9089763,3.2648906e-05,-5.3784574e-05,-4.4278215e-05
2.3928306,-0.81102896,-1.5225331e-05,-5.5984237e-05,-4.4086817e-05
2.4952705,-0.7056273,-5.919786e-05,-5.3884894e-05,-4.4742614e-05
2.5975962,-0.60169655,-9.940891e-05,-4.9968734e-05,-4.5167235e-05
2.6987832,-0.5005583,-0.00013589485,-4.4620596e-05,-4.538566e-05
2.8,-0.4,-0.00016932726,-3.8099104e-05,-4.5424717e-05
2.9,-0.3,-0.00019910761,-3.085461e-05,-4.5301065e-05
3.0,-0.2,-0.00022475065,-2.3323912e-05,-4.504536e-05
3.1,-0.1,-0.00024567402,-1.6064749e-05,-4.4687822e-05
3.2,3.7231503e-11,-0.00026159626,-9.639478e-06,-4.4258082e-05
3.3,0.1,-0.00027263552,-4.5263955e-06,-4.3787077e-05
3.4,0.2,-0.00027929552,-1.053558e-06,-4.3304575e-05
3.5,0.3,-0.00028231813,6.3898756e-07,-4.2805877e-05
3.6,0.4,-0.0002824415,6.1601855e-07,-4.230595e-05
3.7,0.5,-0.00028026878,-9.799904e-07,-4.1828927e-05
3.8,0.6,-0.00027615743,-3.9121915e-06,-4.132783e-05
3.9,0.7,-0.00027006294,-7.909043e-06,-4.074924e-05
4.0,0.8,-0.00026163485,-1.271572e-05,-4.001629e-05
4.1,0.9,-0.00025023622,-1.8057752e-05,-3.901555e-05
4.2,1.0,-0.0002349821,-2.3630939e-05,-3.760014e-05
4.3,1.1,-0.00021477147,-2.9055718e-05,-3.5583307e-05
4.4,1.2,-0.00018829624,-3.384397e-05,-3.274651e-05
4.5,1.3,-0.00015403815,-3.73643e-05,-2.8848814e-05
4.6,1.4,-0.00011018294,-3.888836e-05,-2.3662316e-05
4.7,1.5,-5.435561e-05,-3.742093e-05,-1.7087053e-05
4.8,1.6,1.7404971e-05,-3.2450545e-05,-9.56481e-06
2.2898657,-0.81691027,-1.4181353e-05,-5.8480022e-05,-4.3001946e-05
2.2904923,-0.9158248,3.2976637e-05,-5.6055596e-05,-4.3172146e-05
2.3929534,-0.71189684,-5.6497796e-05,-5.6592362e-05,-4.372007e-05
2.4949071,-0.60514325,-9.6337295e-05,-5.2828877e-05,-4.4184464e-05
2.5974052,-0.5019317,-0.00013233128,-4.7500824e-05,-4.4472836e-05
2.6988838,-0.40061003,-0.00016508045,-4.103008e-05,-4.4597477e-05
2.8,-0.3,-0.00019452853,-3.3766315e-05,-4.45874e-05
2.9,-0.2,-0.00022006084,-2.6190695e-05,-4.446322e-05
3.0,-0.1,-0.00024129974,-1.8756438e-05,-4.425786e-05
3.1,4.0865467e-11,-0.0002578994,-1.1993526e-05,-4.399784e-05
3.2,0.1,-0.00026985578,-6.373073e-06,-4.3706586e-05
3.3,0.2,-0.00027751847,-2.2312029e-06,-4.3408298e-05
3.4,0.3,-0.0002814923,2.3941865e-07,-4.311611e-05
3.5,0.4,-0.0002824628,1.0361566e-06,-4.281616e-05
3.6,0.5,-0.00028093904,2.8483254e-07,-4.2515294e-05
3.7,0.6,-0.00027724786,-1.8542878e-06,-4.2224245e-05
3.8,0.7,-0.00027140975,-5.1271295e-06,-4.18788e-05
3.9,0.8,-0.00026308084,-9.302116e-06,-4.141618e-05
4.0,0.9,-0.00025163378,-1.4133146e-05,-4.074335e-05
4.1,1.0,-0.0002361758,-1.9351854e-05,-3.9730945e-05
4.2,1.1,-0.00021558942,-2.4640753e-05,-3.821185e-05
4.3,1.2,-0.00018855116,-2.9605379e-05,-3.5981644e-05
4.4,1.3,-0.00015354625,-3.3755314e-05,-3.2815715e-05
4.5,1.4,-0.00010882867,-3.645992e-05,-2.8484554e-05
4.6,1.5,-5.2268137e-05,-3.7102618e-05,-2.2903583e-05
4.7,1.6,1.9254134e-05,-3.52575e-05,-1.6178286e-05
2.187229,-0.8221068,-1.3704826e-05,-6.0958424e-05,-4.189442e-05
2.1878257,-0.92127424,3.230845e-05,-5.8315036e-05,-4.2044838e-05
2.2900555,-0.71701235,-5.4480115e-05,-5.9274174e-05,-4.2650256e-05
2.3919828,-0.61153585,-9.241778e-05,-5.5706605e-05,-4.316905e-05
2.4945798,-0.50527245,-0.00012817653,-5.042618e-05,-4.3496002e-05
2.5976987,-0.40199396,-0.00016058948,-4.3897475e-05,-4.3693984e-05
2.6991816,-0.30061316,-0.0001896378,-3.6603073e-05,-4.3771674e-05
2.8,-0.2,-0.00021512236,-2.8914636e-05,-4.375989e-05
2.9,-0.1,-0.00023654287,-2.1311145e-05,-4.3685843e-05
3.0,4.768244e-11,-0.0002536806,-1.4235489e-05,-4.357664e-05
3.1,0.1,-0.00026643404,-8.145233e-06,-4.3451062e-05
3.2,0.2,-0.00027502014,-3.3872584e-06,-4.3322012e-05
3.3,0.3,-0.00027989366,-1.7438042e-07,-4.3208667e-05
3.4,0.4,-0.00028164225,1.4271359e-06,-4.311954e-05
3.5,0.5,-0.00028077362,1.5183799e-06,-4.302121e-05
3.6,0.6,-0.00027752275,2.2824386e-07,-4.2923286e-05
3.7,0.7,-0.0002719297,-2.2497914e-06,-4.2804153e-05
3.8,0.8,-0.00026368193,-5.6890176e-06,-4.2601656e-05
3.9,0.9,-0.00025215777,-9.867152e-06,-4.223892e-05
4.0,1.0,-0.00023646932,-1.4547375e-05,-4.160484e-05
4.1,1.1,-0.00021549463,-1.94617e-05,-4.0551928e-05
4.2,1.2,-0.00018791636,-2.4293538e-05,-3.88943e-05
4.3,1.3,-0.00015224172,-2.866493e-05,-3.641828e-05
4.4,1.4,-0.00010681203,-3.212535e-05,-3.2907607e-05
4.5,1.5,-4.968861e-05,-3.4196702e-05,-2.8209803e-05
4.6,1.6,2.1454964e-05,-3.4619537e-05,-2.2393024e-05
2.1874669,-0.7219482,-5.2761632e-05,-6.194498e-05,-4.155922e-05
2.0853508,-0.8259649,-1.40519405e-05,-6.345362e-05,-4.078357e-05
2.0852559,-0.9259206,3.0944833e-05,-6.0588973e-05,-4.0907744e-05
2.2897942,-0.6173722,-8.890888e-05,-5.8529175e-05,-4.2122232e-05
2.3920274,-0.51045454,-0.00012358208,-5.336717e-05,-4.2483975e-05
2.495689,-0.40408936,-0.0001558593,-4.6759116e-05,-4.2719457e-05
2.598611,-0.30121544,-0.00018464318,-3.933933e-05,-4.287116e-05
2.7,-0.2,-0.0002099558,-3.1524767e-05,-4.2950804e-05
2.8,-0.1,-0.0002314359,-2.3748644e-05,-4.2987915e-05
2.9,5.6090937e-11,-0.0002489802,-1.637718e-05,-4.3009604e-05
3.0,0.1,-0.00026240878,-9.845517e-06,-4.303382e-05
3.1,0.2,-0.00027182288,-4.5108077e-06,-4.306694e-05
3.2,0.3,-0.00027755238,-5.952964e-07,-4.31192e-05
3.3,0.4,-0.00028005042,1.7925088e-06,-4.3205073e-05
3.4,0.5,-0.00027978313,2.706083e-06,-4.3317552e-05
3.5,0.6,-0.00027698715,2.2728768e-06,-4.3417833e-05
3.6,0.7,-0.00027164363,6.3413546e-07,-4.3513897e-05
3.7,0.8,-0.0002634727,-2.0082114e-06,-4.355752e-05
3.8,0.9,-0.00025186836,-5.4470074e-06,-4.348328e-05
3.9,1.0,-0.00023595276,-9.476061e-06,-4.3196265e-05
4.0,1.1,-0.00021461886,-1.3869509e-05,-4.2567477e-05
4.1,1.2,-0.00018656925,-1.8377119e-05,-4.1430252e-05
4.2,1.3,-0.00015035945,-2.2715536e-05,-3.958569e-05
4.3,1.4,-0.000104417486,-2.6571166e-05,-3.6823316e-05
4.4,1.5,-4.7019883e-05,-2.9625888e-05,-3.296518e-05
4.5,1.6,2.38356e-05,-3.1706168e-05,-2.7960428e-05
2.187687,-0.62230784,-8.589339e-05,-6.134378e-05,-4.104743e-05
2.0852926,-0.7263576,-5.1476436e-05,-6.4632135e-05,-4.0460334e-05
1.9835628,-0.82890743,-1.5022836e-05,-6.600112e-05,-3.9673538e-05
1.9835997,-0.92898715,2.855724e-05,-6.29141e-05,-3.9781906e-05
2.2893844,-0.5168163,-0.00011879322,-5.6332137e-05,-4.1441966e-05
2.392928,-0.40888438,-0.00015043133,-4.972635e-05,-4.1704177e-05
2.4965682,-0.30338094,-0.00017913403,-4.213621e-05,-4.189657e-05
2.5990057,-0.2010366,-0.00020434096,-3.4133107e-05,-4.2049574e-05
2.7,-0.1,-0.0002260043,-2.6092666e-05,-4.2179552e-05
2.8,6.529519e-11,-0.00024383557,-1.8433073e-05,-4.2312007e-05
2.9,0.1,-0.00025782117,-1.148292e-05,-4.2465927e-05
3.0,0.2,-0.00026796083,-5.601954e-06,-4.2648102e-05
3.1,0.3,-0.00027447753,-1.0226413e-06,-4.2861746e-05
3.2,0.4,-0.00027770724,2.1264093e-06,-4.3111704e-05
3.3,0.5,-0.00027801984,3.8475127e-06,-4.3402884e-05
3.4,0.6,-0.00027566045,4.2480447e-06,-4.3703923e-05
3.5,0.7,-0.0002705823,3.4572495e-06,-4.40051e-05
3.6,0.8,-0.00026250107,1.6402399e-06,-4.4278724e-05
3.7,0.9,-0.00025083544,-1.0173211e-06,-4.4469096e-05
3.8,1.0,-0.00023472775,-4.33454e-06,-4.4496082e-05
3.9,1.1,-0.00021309551,-8.125418e-06,-4.424678e-05
4.0,1.2,-0.00018468121,-1.2195947e-05,-4.357307e-05
4.1,1.3,-0.0001480981,-1.6343138e-05,-4.2292682e-05
4.2,1.4,-0.000101871854,-2.0358932e-05,-4.0203733e-05
4.3,1.5,-4.443915e-05,-2.405326e-05,-3.7117952e-05
4.4,1.6,2.5893098e-05,-2.7314907e-05,-3.29272e-05
2.1877391,-0.5221311,-0.00011447867,-5.925714e-05,-4.037819e-05
2.0855522,-0.62634915,-8.334377e-05,-6.418595e-05,-3.995498e-05
1.983609,-0.7293321,-5.0915605e-05,-6.736512e-05,-3.9362134e-05
1.8826375,-0.8303522,-1.6798847e-05,-6.862366e-05,-3.858168e-05
1.882634,-0.930354,2.5127245e-05,-6.532628e-05,-3.867446e-05
2.2899046,-0.4148733,-0.00014475865,-5.2750092e-05,-4.065394e-05
2.3940053,-0.3075785,-0.00017309471,-4.5028748e-05,-4.0873336e-05
2.4975145,-0.20273428,-0.0001983887,-3.67439e-05,-4.107026e-05
2.5991251,-0.10085373,-0.00022009903,-2.8439299e-05,-4.1272877e-05
2.7,7.4897324e-11,-0.00023827566,-2.0420404e-05,-4.1499614e-05
2.8,0.1,-0.0002527113,-1.3070026e-05,-4.176291e-05
2.9,0.2,-0.0002634783,-6.666629e-06,-4.207592e-05
3.0,0.3,-0.000270702,-1.4589183e-06,-4.243746e-05
3.1,0.4,-0.00027462587,2.4175035e-06,-4.2846557e-05
3.2,0.5,-0.00027551988,4.923792e-06,-4.3300264e-05
3.3,0.6,-0.00027358482,6.135254e-06,-4.378606e-05
3.4,0.7,-0.000268786,6.1754126e-06,-4.4281336e-05
3.5,0.8,-0.0002608213,5.1834627e-06,-4.4767512e-05
3.6,0.9,-0.0002491313,3.3167832e-06,-4.519818e-05
3.7,1.0,-0.00023288978,7.3334604e-07,-4.550593e-05
3.8,1.1,-0.00021104731,-2.4177332e-06,-4.5592853e-05
3.9,1.2,-0.00018239408,-5.9922236e-06,-4.5326753e-05
4.0,1.3,-0.0001456148,-9.852338e-06,-4.454313e-05
4.1,1.4,-9.932604e-05,-1.3874534e-05,-4.3052e-05
4.2,1.5,-4.2097763e-05,-1.7959286e-05,-4.0664767e-05
4.3,1.6,2.758728e-05,-2.2064829e-05,-3.7237074e-05
2.1885908,-0.42059314,-0.0001393034,-5.5746164e-05,-3.9591967e-05
2.086139,-0.52601224,-0.00011068475,-6.219281e-05,-3.929118e-05
1.9836359,-0.62939715,-8.127306e-05,-6.7078836e-05,-3.8858943e-05
1.8826386,-0.73035175,-5.1192066e-05,-7.017643e-05,-3.8275437e-05
1.7826365,-0.83035266,-1.9312989e-05,-7.13617e-05,-3.7521164e-05
1.7826304,-0.9303558,2.0861698e-05,-6.785365e-05,-3.7602465e-05
2.2918293,-0.31308606,-0.00016677089,-4.7991594e-05,-3.981848e-05
2.395325,-0.20632133,-0.00019190343,-3.946893e-05,-4.0033552e-05
2.4978828,-0.10254205,-0.00021377332,-3.0811025e-05,-4.0284445e-05
2.6,8.46984e-11,-0.0002323263,-2.2361284e-05,-4.0586354e-05
2.7,0.1,-0.0002471089,-1.4618645e-05,-4.0942876e-05
2.8,0.2,-0.00025841667,-7.714291e-06,-4.1366387e-05
2.9,0.3,-0.00026627333,-1.907403e-06,-4.185952e-05
3.0,0.4,-0.00027084057,2.6592438e-06,-4.2413205e-05
3.1,0.5,-0.00027230568,5.9188624e-06,-4.302349e-05
3.2,0.6,-0.000270806,7.916393e-06,-4.367486e-05
3.3,0.7,-0.00026630043,8.760029e-06,-4.4350872e-05
3.4,0.8,-0.00025848905,8.5720985e-06,-4.5031644e-05
3.5,0.9,-0.0002468276,7.4836694e-06,-4.5679226e-05
3.6,1.0,-0.00023052425,5.6283266e-06,-4.6236033e-05
3.7,1.1,-0.0002085757,3.1233053e-06,-4.6617748e-05
3.8,1.2,-0.00017982376,6.8911405e-08,-4.670736e-05
3.9,1.3,-0.00014302376,-3.4520249e-06,-4.6356145e-05
4.0,1.4,-9.688331e-05,-7.3793717e-06,-4.5389643e-05
4.1,1.5,-4.0073177e-05,-1.1683499e-05,-4.3623637e-05
4.2,1.6,2.8794615e-05,-1.6372407e-05,-4.0900533e-05
2.1897092,-0.3195749,-0.00016025669,-5.1045914e-05,-3.8740323e-05
2.0868063,-0.42562082,-0.00013407423,-5.8787657e-05,-3.8502898e-05
1.9839683,-0.5292558,-0.00010716132,-6.52097e-05,-3.8190534e-05
1.8826387,-0.63035166,-7.995326e-05,-7.002798e-05,-3.777134e-05
1.7826383,-0.7303518,-5.195399e-05,-7.3091025e-05,-3.721866e-05
1.6826347,-0.8303535,-2.2036817e-05,-7.422152e-05,-3.6496895e-05
1.6826243,-0.930359,1.635569e-05,-7.048467e-05,-3.656722e-05
2.2931535,-0.2112861,-0.00018505237,-4.229913e-05,-3.895697e-05
2.396599,-0.10524892,-0.00020704763,-3.324937e-05,-3.923267e-05
2.4990804,-0.0012299254,-0.00022582528,-2.4377985e-05,-3.9583854e-05
2.6,0.1,-0.00024104145,-1.6145848e-05,-4.0018185e-05
2.7,0.2,-0.00025280542,-8.756308e-06,-4.0536856e-05
2.8,0.3,-0.00026123106,-2.3725945e-06,-4.1142714e-05
2.9,0.4,-0.0002663968,2.8476445e-06,-4.1825442e-05
3.0,0.5,-0.00026841398,6.826224e-06,-4.257742e-05
3.1,0.6,-0.00026736027,9.578954e-06,-4.3384054e-05
3.2,0.7,-0.00026317287,1.1192857e-05,-4.4224584e-05
3.3,0.8,-0.0002555578,1.1776324e-05,-4.5082757e-05
3.4,0.9,-0.00024398809,1.1437867e-05,-4.59253e-05
3.5,1.0,-0.00022770782,1.0287253e-05,-4.6702393e-05
3.6,1.1,-0.00020576247,8.413304e-06,-4.7340734e-05
3.7,1.2,-0.0001770558,5.879569e-06,-4.7738064e-05
3.8,1.3,-0.00014040664,2.7220262e-06,-4.776062e-05
3.9,1.4,-9.460698e-05,-1.0463373e-06,-4.7249418e-05
4.0,1.5,-3.8409722e-05,-5.4485504e-06,-4.603044e-05
4.1,1.6,2.9495668e-05,-1.0533003e-05,-4.3940843e-05
2.191076,-0.21810357,-0.00017780904,-4.529462e-05,-3.7859892e-05
2.088048,-0.32419285,-0.00015412759,-5.4062915e-05,-3.763027e-05
1.9854937,-0.4281508,-0.00012946413,-6.181008e-05,-3.7392238e-05
1.8835305,-0.5296592,-0.000104459425,-6.8220965e-05,-3.709623e-05
1.7826387,-0.63035166,-7.902562e-05,-7.307896e-05,-3.6711717e-05
1.682638,-0.730352,-5.289023e-05,-7.61462e-05,-3.6197784e-05
1.5826315,-0.830355,-2.4989124e-05,-7.719596e-05,-3.5519217e-05
1.582614,-0.9303645,1.1595981e-05,-7.320068e-05,-3.557736e-05
2.29474,-0.11044876,-0.00019972581,-3.5899317e-05,-3.8137383e-05
2.3977332,-0.0043043946,-0.0002187627,-2.6541027e-05,-3.8512142e-05
2.4993353,0.09915156,-0.00023442796,-1.774069e-05,-3.8998467e-05
2.6,0.2,-0.00024667123,-9.805164e-06,-3.9598905e-05
2.7,0.3,-0.00025560748,-2.863255e-06,-4.0301114e-05
2.8,0.4,-0.0002613314,2.9820837e-06,-4.1097894e-05
2.9,0.5,-0.00026388638,7.645337e-06,-4.1975076e-05
3.0,0.6,-0.00026328588,1.1119143e-05,-4.2923813e-05
3.1,0.7,-0.0002594471,1.3466558e-05,-4.391558e-05
3.2,0.8,-0.00025207747,1.4781748e-05,-4.493498e-05
3.3,0.9,-0.0002406692,1.5155458e-05,-4.5952365e-05
3.4,1.0,-0.00022450283,1.467488e-05,-4.6923888e-05
3.5,1.1,-0.00020267535,1.34038955e-05,-4.7785383e-05
3.6,1.2,-0.00017415115,1.1375285e-05,-4.844714e-05
3.7,1.3,-0.00013781794,8.588836e-06,-4.8790575e-05
3.8,1.4,-9.2530885e-05,5.016156e-06,-4.867141e-05
3.9,1.5,-3.7117636e-05,6.01758e-07,-4.7928817e-05
4.0,1.6,2.9685343e-05,-4.738106e-06,-4.6402623e-05
2.1929524,-0.11609537,-0.00019215097,-3.8648097e-05,-3.700322e-05
2.0897074,-0.2231234,-0.00017081117,-4.8248225e-05,-3.673018e-05
1.9860197,-0.3278551,-0.00014814814,-5.7147347e-05,-3.649806e-05
1.883967,-0.42962122,-0.00012510274,-6.4928296e-05,-3.6275997e-05
1.7826388,-0.53035164,-0.00010176244,-7.1408984e-05,-3.6020214e-05
1.6826386,-0.63035166,-7.8227604e-05,-7.628938e-05,-3.568721e-05
1.5826373,-0.7303522,-5.4019238e-05,-7.9346304e-05,-3.522459e-05
2.2966292,-0.008475529,-0.000211291,-2.8827928e-05,-3.738713e-05
2.398551,0.09636578,-0.0002272523,-1.9501573e-05,-3.790576e-05
2.4994764,0.19900069,-0.00023996309,-1.0951831e-05,-3.856185e-05
2.6,0.3,-0.0002494287,-3.3877402e-06,-3.934796e-05
2.7,0.4,-0.00025567558,3.0613467e-06,-4.0243744e-05
2.8,0.5,-0.00025875506,8.378327e-06,-4.123449e-05
2.9,0.6,-0.00025862214,1.2538928e-05,-4.2307267e-05
3.0,0.7,-0.00025516265,1.5582298e-05,-4.3438133e-05
3.1,0.8,-0.00024809217,1.7585733e-05,-4.4603752e-05
3.2,0.9,-0.0002369188,1.862878e-05,-4.5777957e-05
3.3,1.0,-0.00022095985,1.8777142e-05,-4.692109e-05
3.4,1.1,-0.0001993638,1.8073473e-05,-4.797649e-05
3.5,1.2,-0.00017115547,1.6525473e-05,-4.8865237e-05
3.6,1.3,-0.0001352869,1.4104768e-05,-4.948246e-05
3.7,1.4,-9.067062e-05,1.0749188e-05,-4.96988e-05
3.8,1.5,-3.61876e-05,6.380046e-06,-4.9367376e-05
3.9,1.6,2.939065e-05,8.903783e-07,-4.8335896e-05
2.0918136,-0.121902205,-0.00018442831,-4.1490515e-05,-3.584823e-05
2.195503,-0.0142741455,-0.00020336983,-3.1318705e-05,-3.6226123e-05
1.9879268,-0.22716804,-0.00016384963,-5.1268944e-05,-3.557344e-05
1.8850881,-0.32918406,-0.00014260203,-6.0218903e-05,-3.5359226e-05
1.7826406,-0.4303516,-0.000120920085,-6.817804e-05,-3.517381e-05
1.6826389,-0.53035164,-9.931831e-05,-7.4728814e-05,-3.498154e-05
1.5826387,-0.63035166,-7.757742e-05,-7.967289e-05,-3.4709785e-05
1.4826359,-0.73035276,-5.537313e-05,-8.269238e-05,-3.431274e-05
1.4826257,-0.83035773,-2.8204731e-05,-8.0279395e-05,-3.4601097e-05
2.2977142,0.09236501,-0.00021960017,-2.1416401e-05,-3.675104e-05
2.3990002,0.19670632,-0.00023273111,-1.2240882e-05,-3.744478e-05
2.5,0.3,-0.00024271972,-3.957286e-06,-3.8295628e-05
2.6,0.4,-0.00024945574,3.082577e-06,-3.9276143e-05
2.7,0.5,-0.0002530479,9.026593e-06,-4.0368395e-05
2.8,0.6,-0.00025339873,1.3840959e-05,-4.1552572e-05
2.9,0.7,-0.00025035662,1.7543976e-05,-4.2807285e-05
3.0,0.8,-0.00024364001,2.0194648e-05,-4.410521e-05
3.1,0.9,-0.00023277655,2.186236e-05,-4.5420184e-05
3.2,1.0,-0.00021711843,2.2595952e-05,-4.6715068e-05
3.3,1.1,-0.00019586414,2.2420032e-05,-4.793915e-05
3.4,1.2,-0.00016809649,2.1322661e-05,-4.902267e-05
3.5,1.3,-0.00013282729,1.9253883e-05,-4.9872906e-05
3.6,1.4,-8.902322e-05,1.612663e-05,-5.037496e-05
3.7,1.5,-3.5596862e-05,1.1839473e-05,-5.0395636e-05
3.8,1.6,2.8648908e-05,6.2786944e-06,-4.9794467e-05
2.0941117,-0.021043576,-0.0001950753,-3.400172e-05,-3.503526e-05
1.9905815,-0.12585396,-0.00017674935,-4.4331053e-05,-3.4658395e-05
2.1971579,0.0867339,-0.00021148985,-2.3549632e-05,-3.5557758e-05
1.8867738,-0.22880663,-0.00015716693,-5.42703e-05,-3.439905e-05
1.7837517,-0.32992253,-0.00013708723,-6.344973e-05,-3.4224693e-05
1.6826423,-0.43035153,-0.000116944815,-7.1550035e-05,-3.4110242e-05
1.582639,-0.5303516,-9.697034e-05,-7.824572e-05,-3.3988912e-05
1.4826384,-0.6303518,-7.7104305e-05,-8.323718e-05,-3.3793967e-05
1.3826334,-0.7303538,-5.6989826e-05,-8.6175285e-05,-3.347847e-05
1.3826154,-0.8303627,-3.1723604e-05,-8.345814e-05,-3.3758915e-05
2.298538,0.19284078,-0.00022498828,-1.37239385e-05,-3.626287e-05
2.3994765,0.29780832,-0.00023543368,-4.751368e-06,-3.7153997e-05
2.5,0.4,-0.00024269552,3.0379558e-06,-3.8207785e-05
2.6,0.5,-0.00024679073,9.591825e-06,-3.9388422e-05
2.7,0.6,-0.00024764158,1.5029613e-05,-4.0673338e-05
2.8,0.7,-0.00024505827,1.9358311e-05,-4.2038548e-05
2.9,0.8,-0.00023875314,2.261942e-05,-4.3455806e-05
3.0,0.9,-0.00022827435,2.4869156e-05,-4.4897115e-05
3.1,1.0,-0.00021300865,2.6144464e-05,-4.6326568e-05
3.2,1.1,-0.00019220143,2.6455826e-05,-4.76979e-05
3.3,1.2,-0.00016499056,2.5776213e-05,-4.894872e-05
3.4,1.3,-0.00013044264,2.403999e-05,-4.9997107e-05
3.5,1.4,-8.757163e-05,2.1143682e-05,-5.0741728e-05
3.6,1.5,-3.5316778e-05,1.696425e-05,-5.1061907e-05
3.7,1.6,2.7507842e-05,1.13862925e-05,-5.0831764e-05
2.09681,0.08019291,-0.00020299327,-2.58784e-05,-3.433348e-05
1.9933156,-0.025441628,-0.00018678664,-3.66272e-05,-3.3810145e-05
1.8895954,-0.12813534,-0.00016909272,-4.7202317e-05,-3.344855e-05
2.1983016,0.18743326,-0.00021677247,-1.5435542e-05,-3.503328e-05
1.7852731,-0.22966804,-0.00015044597,-5.7418096e-05,-3.3222725e-05
1.6826737,-0.330352,-0.00013158997,-6.68657e-05,-3.311799e-05
1.5826458,-0.4303514,-0.000113003516,-7.513985e-05,-3.309108e-05
1.4826391,-0.5303516,-9.474225e-05,-8.197231e-05,-3.30573e-05
1.3826383,-0.6303518,-7.684313e-05,-8.6977314e-05,-3.2956774e-05
1.2826285,-0.7303558,-5.891145e-05,-8.9770605e-05,-3.2741857e-05
1.2825975,-0.8303716,-3.5589543e-05,-8.6705404e-05,-3.301293e-05
2.2996354,0.29329887,-0.00022767998,-5.812813e-06,-3.5950812e-05
2.3996568,0.39873883,-0.00023540106,2.8236907e-06,-3.7046797e-05
2.5,0.5,-0.00024000503,1.0073047e-05,-3.830683e-05
2.6,0.6,-0.00024137314,1.61122e-05,-3.968182e-05
2.7,0.7,-0.00023929008,2.1036323e-05,-4.1146224e-05
2.8,0.8,-0.00023345632,2.4873818e-05,-4.2671283e-05
2.9,0.9,-0.0002234364,2.7667158e-05,-4.4226203e-05
3.0,1.0,-0.00020865182,2.9443085e-05,-4.5775654e-05
3.1,1.1,-0.0001883916,3.0202855e-05,-4.727596e-05
3.2,1.2,-0.00016184484,2.9907498e-05,-4.867104e-05
3.3,1.3,-0.0001281277,2.8480374e-05,-4.988807e-05
3.4,1.4,-8.629537e-05,2.5810326e-05,-5.0837632e-05
3.5,1.5,-3.531233e-05,2.1761576e-05,-5.1413153e-05
3.6,1.6,2.6015481e-05,1.6197233e-05,-5.1498784e-05
2.09765,0.18092074,-0.00020806513,-1.7382574e-05,-3.375851e-05
1.9956697,0.075006366,-0.0001941834,-2.8260753e-05,-3.306118e-05
1.8924729,-0.027956648,-0.00017839088,-3.9267037e-05,-3.255544e-05
1.788365,-0.12921101,-0.00016135254,-5.018311e-05,-3.222754e-05
2.1997516,0.28807977,-0.00021944202,-7.0562824e-06,-3.4687804e-05
1.684993,-0.22984172,-0.00014376674,-6.0701514e-05,-3.2076627e-05
1.582705,-0.3303525,-0.0001261758,-7.045794e-05,-3.2060638e-05
1.4826524,-0.43035126,-0.000109116976,-7.8965306e-05,-3.2132233e-05
1.3826396,-0.5303514,-9.2666676e-05,-8.591012e-05,-3.2204218e-05
1.282637,-0.6303522,-7.683454e-05,-9.087042e-05,-3.2218104e-05
1.1826202,-0.7303594,-6.118194e-05,-9.343037e-05,-3.2126918e-05
1.1825664,-0.8303875,-3.9845938e-05,-8.997408e-05,-3.2387954e-05
2.3002114,0.39488372,-0.00022770083,2.3122639e-06,-3.5820198e-05
2.400196,0.49878526,-0.0002327664,1.0374994e-05,-3.7136106e-05
2.5,0.6,-0.00023461091,1.7095717e-05,-3.858988e-05
2.6,0.7,-0.00023306935,2.2590499e-05,-4.0144012e-05
2.7,0.8,-0.00022776666,2.6974572e-05,-4.17662e-05
2.8,0.9,-0.00021828036,3.0277208e-05,-4.3423846e-05
2.9,1.0,-0.00020406186,3.251692e-05,-4.5080924e-05
3.0,1.1,-0.00018444294,3.3688928e-05,-4.6694837e-05
3.1,1.2,-0.00015865896,3.3745844e-05,-4.8215115e-05
3.2,1.3,-0.00012587177,3.2604006e-05,-4.9575985e-05
3.3,1.4,-8.51715e-05,3.0147252e-05,-5.0698207e-05
3.4,1.5,-3.5545865e-05,2.6238595e-05,-5.1489842e-05
3.5,1.6,2.421958e-05,2.0713771e-05,-5.1845236e-05
2.1009967,0.28164998,-0.00021082674,-8.536159e-06,-3.3394288e-05
1.9984369,0.17540467,-0.00019912109,-1.9380162e-05,-3.246456e-05
1.8954772,0.07190289,-0.00018524175,-3.0617466e-05,-3.176787e-05
1.7921818,-0.028509159,-0.00016991899,-4.1920717e-05,-3.1287425e-05
1.6873786,-0.12923913,-0.00015352367,-5.330467e-05,-3.1016913e-05
2.201507,0.38930508,-0.00021959239,1.5358643e-06,-3.4539735e-05
1.5843892,-0.22977221,-0.00013697165,-6.42309e-05,-3.0961266e-05
1.4827642,-0.33035353,-0.00012074292,-7.430991e-05,-3.10611e-05
1.3826659,-0.43035093,-0.00010531185,-8.303449e-05,-3.1251133e-05
1.2826397,-0.5303514,-9.078062e-05,-9.0039764e-05,-3.1449996e-05
1.182637,-0.6303522,-7.7116674e-05,-9.48657e-05,-3.160097e-05
1.0826032,-0.7303665,-6.3837426e-05,-9.706605e-05,-3.1663756e-05
1.0825127,-0.8304156,-4.4530043e-05,-9.318432e-05,-3.1914253e-05
2.3009999,0.49599642,-0.00022513406,1.04496e-05,-3.589241e-05
2.4,0.6,-0.0002273618,1.798483e-05,-3.740894e-05
2.5,0.7,-0.00022640852,2.403456e-05,-3.904416e-05
2.6,0.8,-0.00022169591,2.8939734e-05,-4.0754257e-05
2.7,0.9,-0.00021281645,3.2722444e-05,-4.2505315e-05
2.8,1.0,-0.00019924712,3.539376e-05,-4.4259396e-05
2.9,1.1,-0.00018035782,3.6944806e-05,-4.59745e-05
3.0,1.2,-0.00015542761,3.732517e-05,-4.7603935e-05
3.1,1.3,-0.00012365919,3.6445217e-05,-4.9088227e-05
3.2,1.4,-8.417499e-05,3.418773e-05,-5.0356717e-05
3.3,1.5,-3.5977555e-05,3.0410738e-05,-5.132821e-05
3.4,1.6,2.2145556e-05,2.4959498e-05,-5.1913285e-05
2.1040888,0.38290545,-0.0002111256,5.462156e-07,-3.322599e-05
2.0026,0.2756642,-0.00020180784,-1.0131407e-05,-3.2067986e-05
1.8989092,0.17159732,-0.00018981674,-2.1400327e-05,-3.1133975e-05
1.7956629,0.07074674,-0.00017609465,-3.298248e-05,-3.0457046e-05
1.6923916,-0.028852584,-0.00016121769,-4.476802e-05,-3.003469e-05
1.5878943,-0.1293253,-0.00014560025,-5.6639914e-05,-2.985723e-05
2.202576,0.49136302,-0.0002171385,1.0253821e-05,-3.4589855e-05
1.4853112,-0.22979306,-0.00013016576,-6.799033e-05,-2.9915376e-05
1.3839108,-0.33007446,-0.00011539591,-7.837361e-05,-3.0144312e-05
1.2836926,-0.4303999,-0.000101655874,-8.7291235e-05,-3.0475905e-05
1.183699,-0.53053355,-8.911812e-05,-9.426463e-05,-3.082614e-05
1.0837613,-0.63100225,-7.7641496e-05,-9.881692e-05,-3.114201e-05
0.9825747,-0.7303792,-6.689093e-05,-0.000100531965,-3.138622e-05
0.9824223,-0.83046466,-4.9656377e-05,-9.621669e-05,-3.1625455e-05
2.3010292,0.59830683,-0.00021982586,1.8641922e-05,-3.615746e-05
2.4,0.7,-0.00021930995,2.5381587e-05,-3.7857943e-05
2.5,0.8,-0.0002152499,3.078897e-05,-3.9648377e-05
2.6,0.9,-0.00020704951,3.5027166e-05,-4.148447e-05
2.7,1.0,-0.00019420935,3.8102622e-05,-4.3326934e-05
2.8,1.1,-0.00017613404,4.0003484e-05,-4.5132976e-05
2.9,1.2,-0.00015214157,4.0680126e-05,-4.6858422e-05
3.0,1.3,-0.00012147198,4.0040497e-05,-4.8449332e-05
3.1,1.4,-8.327664e-05,3.7968726e-05,-4.9842096e-05
3.2,1.5,-3.6569843e-05,3.432086e-05,-5.0965406e-05
3.3,1.6,1.9861562e-05,2.8956136e-05,-5.1739782e-05
2.1062198,0.48517933,-0.00020889028,9.783463e-06,-3.325877e-05
2.007906,0.37607226,-0.00020231363,-6.387024e-07,-3.189129e-05
1.9046645,0.270405,-0.00019240676,-1.1823555e-05,-3.0719093e-05
1.7997475,0.16924244,-0.00018018192,-2.3467255e-05,-2.9786974e-05
1.6955249,0.07046279,-0.00016659309,-3.549263e-05,-2.913947e-05
1.5927285,-0.029762385,-0.00015220974,-4.7924557e-05,-2.8815619e-05
1.4890649,-0.12919505,-0.00013755204,-6.0219594e-05,-2.8748536e-05
2.2034664,0.59433997,-0.00021206621,1.9000656e-05,-3.485154e-05
1.3867964,-0.2295891,-0.00012333233,-7.200622e-05,-2.894325e-05
1.2855396,-0.33010414,-0.00011007564,-8.2690836e-05,-2.932783e-05
1.1856357,-0.4305292,-9.8175915e-05,-9.1677946e-05,-2.982827e-05
1.085791,-0.5313931,-8.767189e-05,-9.848517e-05,-3.0359546e-05
0.9853959,-0.6320177,-7.848848e-05,-0.00010258595,-3.0867926e-05
0.8832197,-0.7312433,-7.0196125e-05,-0.00010357267,-3.133767e-05
0.8822699,-0.83055013,-5.5215944e-05,-9.891584e-05,-3.1561995e-05
2.301287,0.69997823,-0.0002118752,2.6626596e-05,-3.661448e-05
2.4,0.8,-0.00020843066,3.2540924e-05,-3.8460068e-05
2.5,0.9,-0.00020097705,3.7216054e-05,-4.0374794e-05
2.6,1.0,-0.0001889458,4.0673083e-05,-4.229778e-05
2.7,1.1,-0.00017176461,4.2898864e-05,-4.418634e-05
2.8,1.2,-0.00014878852,4.384656e-05,-4.5997298e-05
2.9,1.3,-0.00011929124,4.3426855e-05,-4.768071e-05
3.0,1.4,-8.2449544e-05,4.1525993e-05,-4.9179354e-05
3.1,1.5,-3.72898e-05,3.800535e-05,-5.043118e-05
3.2,1.6,1.7415303e-05,3.2724136e-05,-5.136484e-05
2.011591,0.47777376,-0.00020036973,9.045592e-06,-3.1908552e-05
2.108361,0.58938074,-0.00020410924,1.9133713e-05,-3.352068e-05
1.9110167,0.36917603,-0.00019297474,-2.0035216e-06,-3.051941e-05
1.8052139,0.2668308,-0.00018241133,-1.3558289e-05,-2.9324836e-05
1.7010448,0.16780728,-0.00017020068,-2.5649277e-05,-2.8439212e-05
1.5964586,0.06968962,-0.00015680194,-3.8281123e-05,-2.7858561e-05
1.493352,-0.029859237,-0.00014299445,-5.1292845e-05,-2.7632314e-05
1.3903772,-0.12932298,-0.00012931932,-6.412891e-05,-2.770834e-05
2.202517,0.69794667,-0.00020416392,2.7634249e-05,-3.5296613e-05
1.2879808,-0.2295023,-0.000116402196,-7.632984e-05,-2.8060056e-05
1.1883298,-0.33021176,-0.00010488158,-8.716153e-05,-2.8637554e-05
1.0886573,-0.4313189,-9.487248e-05,-9.609268e-05,-2.9334835e-05
0.9886981,-0.53267556,-8.649832e-05,-0.00010252523,-3.0076055e-05
0.88593847,-0.63277376,-7.971475e-05,-0.00010599959,-3.081194e-05
0.7840719,-0.7326309,-7.377209e-05,-0.00010592182,-3.155492e-05
0.7822308,-0.8318826,-6.0928764e-05,-0.000100986275,-3.1769676e-05
2.3,0.8,-0.0002012233,3.422225e-05,-3.7202848e-05
2.4,0.9,-0.00019459694,3.9312446e-05,-3.9186514e-05
2.5,1.0,-0.00018344748,4.313419e-05,-4.118558e-05
2.6,1.1,-0.00016723943,4.5664387e-05,-4.3149186e-05
2.7,1.2,-0.00014535413,4.686138e-05,-4.5036988e-05
2.8,1.3,-0.00011709738,4.664141e-05,-4.680138e-05
2.9,1.4,-8.1669554e-05,4.4895933e-05,-4.8390528e-05
3.0,1.5,-3.8107253e-05,4.149295e-05,-4.975014e-05
3.1,1.6,1.4819703e-05,3.629213e-05,-5.0819148e-05
2.0153556,0.58167833,-0.00019603677,1.887204e-05,-3.216682e-05
1.9184604,0.46875927,-0.00019157985,7.991671e-06,-3.0550535e-05
2.1078033,0.6952052,-0.00019642092,2.8446526e-05,-3.3969627e-05
1.8138548,0.36383724,-0.00018310362,-3.3888361e-06,-2.9121587e-05
1.707463,0.26460406,-0.00017212493,-1.5335296e-05,-2.7941705e-05
1.6012791,0.1679095,-0.00015969237,-2.794529e-05,-2.7077373e-05
1.4979855,0.069547735,-0.00014673009,-4.1283496e-05,-2.6612524e-05
1.3940866,-0.029272543,-0.00013352842,-5.4919747e-05,-2.6499612e-05
1.2924237,-0.129567,-0.00012098864,-6.833337e-05,-2.6763413e-05
2.2003746,0.80128956,-0.00019350067,3.5945475e-05,-3.5900026e-05
1.1911085,-0.2294602,-0.000109580695,-8.080765e-05,-2.730548e-05
1.0912648,-0.33049634,-9.978414e-05,-9.171292e-05,-2.8090244e-05
0.9927503,-0.4331315,-9.177747e-05,-0.00010035388,-2.9026063e-05
0.8909418,-0.534699,-8.556745e-05,-0.00010618054,-3.0003375e-05
0.786876,-0.63372004,-8.1164704e-05,-0.000108633045,-3.102419e-05
0.6837694,-0.73281175,-7.766608e-05,-0.00010733544,-3.206548e-05
0.6817336,-0.8323188,-6.706045e-05,-0.00010232391,-3.229256e-05
2.3,0.9,-0.00018788445,4.1344134e-05,-3.793494e-05
2.4,1.0,-0.00017770453,4.5515866e-05,-4.0000778e-05
2.5,1.1,-0.0001625448,4.8332236e-05,-4.2034844e-05
2.6,1.2,-0.00014182222,4.9760096e-05,-4.399216e-05
2.7,1.3,-0.00011487028,4.9721348e-05,-4.582824e-05
2.8,1.4,-8.0911836e-05,4.811601e-05,-4.749526e-05
2.9,1.5,-3.899478e-05,4.4819117e-05,-4.8945454e-05
3.0,1.6,1.2118077e-05,3.9691502e-05,-5.0127437e-05
2.010673,0.68670774,-0.00018848146,2.8693525e-05,-3.253581e-05
1.9241608,0.57095927,-0.00018781271,1.8156272e-05,-3.0800184e-05
1.82302,0.4597004,-0.0001820803,6.759502e-06,-2.9141098e-05
2.096483,0.7987038,-0.00018546869,3.7341266e-05,-3.4443587e-05
1.7166128,0.36034974,-0.00017268358,-4.7746494e-06,-2.7706032e-05
1.6084917,0.26445135,-0.00016120698,-1.7145263e-05,-2.65358e-05
1.5039016,0.1675203,-0.00014898386,-3.0516696e-05,-2.5777259e-05
1.3990211,0.06942977,-0.00013623748,-4.462999e-05,-2.541016e-05
1.2962917,-0.029911004,-0.00012390812,-5.8944494e-05,-2.5477384e-05
1.1942959,-0.12954363,-0.000112528105,-7.2796895e-05,-2.5920246e-05
2.1968925,0.9004869,-0.00018059614,4.3418582e-05,-3.659344e-05
1.094063,-0.22982363,-0.00010273648,-8.543326e-05,-2.669531e-05
0.9969473,-0.33245668,-9.49203e-05,-9.609711e-05,-2.773957e-05
0.8963353,-0.43577296,-8.888379e-05,-0.00010421451,-2.8920018e-05
0.79357994,-0.53661346,-8.485343e-05,-0.000109000954,-3.0166384e-05
0.68847525,-0.63501465,-8.267894e-05,-0.00011000385,-3.1513966e-05
2.3,1.0,-0.00017169015,4.783393e-05,-3.8759157e-05
2.4,1.1,-0.00015766396,5.093534e-05,-4.0854997e-05
2.5,1.2,-0.00013817538,5.2577896e-05,-4.2875792e-05
2.6,1.3,-0.00011259098,5.2703654e-05,-4.4775905e-05
2.7,1.4,-8.015391e-05,5.122238e-05,-4.6510573e-05
2.8,1.5,-3.9924093e-05,4.801879e-05,-4.8037404e-05
2.9,1.6,9.336734e-06,4.2957177e-05,-4.9313734e-05
1.9250846,0.6768622,-0.00018122076,2.8582888e-05,-3.1243817e-05
1.995801,0.78978425,-0.0001778638,3.8094247e-05,-3.2944226e-05
1.8376126,0.5567242,-0.00017978306,1.6913687e-05,-2.9472125e-05
1.7261544,0.45577538,-0.00017170105,5.8886835e-06,-2.7702583e-05
2.081311,0.90305835,-0.00017162226,4.5892488e-05,-3.5030364e-05
1.6186926,0.3607629,-0.00016157817,-5.9558456e-06,-2.6267531e-05
1.512241,0.26546443,-0.00015007927,-1.903093e-05,-2.5179668e-05
1.4056286,0.16811296,-0.00013773204,-3.3320663e-05,-2.4497145e-05
1.3011851,0.069387406,-0.0001255042,-4.8275488e-05,-2.4291587e-05
1.1978223,-0.029669002,-0.00011400672,-6.321881e-05,-2.4537316e-05
1.0973485,-0.12962568,-0.00010405718,-7.73725e-05,-2.5224008e-05
2.1985223,0.9987017,-0.00016556318,5.006695e-05,-3.74354e-05
0.9996512,-0.23046963,-9.613166e-05,-8.983522e-05,-2.626396e-05
0.90304315,-0.3355841,-9.024683e-05,-0.000100078774,-2.7591914e-05
0.80151,-0.43915427,-8.619672e-05,-0.00010713994,-2.9050772e-05
0.6955769,-0.5380951,-8.420513e-05,-0.000110400906,-3.0598225e-05
0.58908314,-0.6360224,-8.39478e-05,-0.00010970992,-3.2342872e-05
0.5833978,-0.7336031,-8.132682e-05,-0.000107338776,-3.2944256e-05
2.3,1.1,-0.0001525795,5.349518e-05,-3.9622744e-05
2.4,1.2,-0.00013439606,5.5350087e-05,-4.170008e-05
2.5,1.3,-0.000110241934,5.562697e-05,-4.3658023e-05
2.6,1.4,-7.937875e-05,5.4252276e-05,-4.5451736e-05
2.7,1.5,-4.0876894e-05,5.1124884e-05,-4.704354e-05
2.8,1.6,6.504276e-06,4.611983e-05,-4.839773e-05
1.8909037,0.77486205,-0.00016985995,3.826367e-05,-3.1331874e-05
1.8372873,0.6557427,-0.0001740339,2.7201577e-05,-2.9832348e-05
1.9695829,0.8873674,-0.0001648342,4.6821115e-05,-3.332688e-05
1.7463901,0.54405487,-0.00017063737,1.5674204e-05,-2.8081786e-05
1.6349608,0.4555111,-0.00016127854,5.2634846e-06,-2.6339421e-05
2.1,1.0,-0.00015887302,5.2491505e-05,-3.6122037e-05
1.524192,0.36364996,-0.00015026961,-7.026187e-06,-2.4879784e-05
1.4150711,0.2671282,-0.00013831261,-2.1142941e-05,-2.3835915e-05
1.3097355,0.16818693,-0.00012630038,-3.644948e-05,-2.3311926e-05
1.2033515,0.06884789,-0.000114435185,-5.230759e-05,-2.3270914e-05
1.0999604,-0.0300931,-0.00010394872,-6.7742505e-05,-2.3742097e-05
1.0003589,-0.12976941,-9.55673e-05,-8.186859e-05,-2.4684385e-05
2.199441,1.098397,-0.00014755779,5.599609e-05,-3.8319624e-05
0.9079154,-0.23385581,-8.982161e-05,-9.3862596e-05,-2.6062135e-05
0.8103708,-0.34158638,-8.580077e-05,-0.000103231745,-2.7718337e-05
0.70598495,-0.4414247,-8.352111e-05,-0.00010853278,-2.9427993e-05
0.5974387,-0.538027,-8.321641e-05,-0.000109752276,-3.1338484e-05
0.48926193,-0.63584125,-8.4425184e-05,-0.00010722698,-3.346687e-05
0.483181,-0.73420274,-8.4407766e-05,-0.00010566812,-3.4180215e-05
2.2988813,1.1998767,-0.00013044973,5.81307e-05,-4.046148e-05
2.3983958,1.299999,-0.00010776356,5.8570215e-05,-4.2467982e-05
2.4983804,1.3998877,-7.8589845e-05,5.7288897e-05,-4.431382e-05
2.598702,1.4998901,-4.1887764e-05,5.421225e-05,-4.5965186e-05
2.7,1.6,3.6349252e-06,4.920699e-05,-4.739741e-05
1.778669,0.7471416,-0.0001612403,3.700167e-05,-2.947327e-05
1.863705,0.87382674,-0.00015732383,4.7640086e-05,-3.1702584e-05
1.7679178,0.62138605,-0.00016893778,2.4026822e-05,-2.8626926e-05
2.0145257,1.0013055,-0.0001527831,5.4553337e-05,-3.497173e-05
1.9365351,0.983293,-0.0001497313,5.504966e-05,-3.3721273e-05
1.658561,0.54991406,-0.00016046368,1.6281754e-05,-2.677211e-05
1.5411061,0.46145144,-0.00014981536,5.1564953e-06,-2.4927387e-05
2.1018972,1.0980735,-0.00014218823,5.851913e-05,-3.703652e-05
1.4284353,0.36683267,-0.00013823976,-8.301192e-06,-2.3491648e-05
1.3212117,0.26770464,-0.00012643184,-2.3608523e-05,-2.259103e-05
1.21291,0.16783516,-0.00011432722,-3.999747e-05,-2.2199807e-05
1.105397,0.06786019,-0.00010305738,-5.6655044e-05,-2.2374872e-05
1.001023,-0.030335644,-9.3666495e-05,-7.2251016e-05,-2.308766e-05
0.9058805,-0.12588885,-8.7119355e-05,-8.537447e-05,-2.42844e-05
2.1982489,1.1975726,-0.00012682554,6.083204e-05,-3.9169492e-05
0.8187806,-0.24234375,-8.390328e-05,-9.729913e-05,-2.6158692e-05
0.7172452,-0.34457767,-8.130549e-05,-0.00010465539,-2.8040493e-05
0.61043185,-0.44151294,-8.043909e-05,-0.000107598345,-3.0058156e-05
0.49927056,-0.5381168,-8.121777e-05,-0.0001063639,-3.2389442e-05
0.38862327,-0.63540703,-8.33253e-05,-0.000101895,-3.4934223e-05
0.38271528,-0.73447216,-8.635849e-05,-0.00010195141,-3.5774512e-05
2.2965515,1.2984682,-0.00010557104,6.1485334e-05,-4.1219642e-05
2.3964436,1.3992064,-7.791392e-05,6.0320664e-05,-4.3119293e-05
2.4973385,1.4992472,-4.3084357e-05,5.728423e-05,-4.482665e-05
2.598255,1.5998402,6.195446e-07,5.2309064e-05,-4.6309997e-05
1.7652609,0.8591852,-0.00014988054,4.8148046e-05,-3.0137573e-05
1.7208887,0.64497095,-0.00016240547,2.6767417e-05,-2.8015624e-05
1.8422846,0.9767007,-0.00014327567,5.675013e-05,-3.2329754e-05
1.9130985,1.0881745,-0.00013243471,6.288821e-05,-3.4405e-05
2.00455,1.0935323,-0.00013726547,6.0776372e-05,-3.570205e-05
1.57262,0.5586615,-0.00014991651,1.714049e-05,-2.5470626e-05
1.4481728,0.46692076,-0.00013790987,4.8488605e-06,-2.3540999e-05
2.0979683,1.1956251,-0.00012288245,6.3582476e-05,-3.7858994e-05
1.3337289,0.36820444,-0.00012577936,-1.004184e-05,-2.2162532e-05
1.2261999,0.267827,-0.000113889924,-2.6480007e-05,-2.1400834e-05
1.1164287,0.16692126,-0.000101996935,-4.3900083e-05,-2.1201186e-05
1.0058299,0.0659204,-9.130471e-05,-6.120686e-05,-2.1628915e-05
0.89799786,-0.034282602,-8.2969455e-05,-7.6721946e-05,-2.2694434e-05
0.820273,-0.14284706,-8.0219776e-05,-8.946572e-05,-2.4420484e-05
2.194682,1.2964172,-0.00010331809,6.4426735e-05,-3.9932365e-05
0.7344979,-0.2528917,-7.8618315e-05,-9.927422e-05,-2.6487442e-05
0.62913376,-0.3440805,-7.658643e-05,-0.000103604194,-2.8498076e-05
0.51556706,-0.43928725,-7.623506e-05,-0.000103474675,-3.0926272e-05
0.4001218,-0.5371546,-7.733115e-05,-9.9348355e-05,-3.3716537e-05
0.28708062,-0.63418305,-7.949038e-05,-9.313795e-05,-3.67217e-05
0.28323373,-0.73516905,-8.637719e-05,-9.5976124e-05,-3.773408e-05
2.2942798,1.3971468,-7.754234e-05,6.3372354e-05,-4.1874096e-05
2.3946304,1.4977156,-4.455512e-05,6.041704e-05,-4.362239e-05
2.4957554,1.5982566,-3.0315073e-06,5.5469776e-05,-4.5154848e-05
1.7497411,0.97038954,-0.00013644909,5.843406e-05,-3.0954714e-05
1.6693026,0.8552077,-0.00014097302,4.957172e-05,-2.8685974e-05
1.6676179,0.74283046,-0.00015008838,3.782243e-05,-2.7758637e-05
1.6233417,0.6517593,-0.00015112832,2.7963502e-05,-2.655617e-05
1.8257594,1.0816866,-0.00012765091,6.4900094e-05,-3.3140215e-05
1.9064941,1.1904279,-0.00011476166,6.8951966e-05,-3.5300094e-05
1.9998652,1.1929431,-0.00011888581,6.628494e-05,-3.6555455e-05
1.4751164,0.56655127,-0.00013743683,1.7849308e-05,-2.4007672e-05
1.3490149,0.46867204,-0.00012466422,3.824778e-06,-2.2094708e-05
2.0949419,1.2944162,-0.00010089008,6.737396e-05,-3.864981e-05
1.241248,0.36882985,-0.00011303277,-1.21140965e-05,-2.0924548e-05
1.1319636,0.26801935,-0.00010092925,-2.9637933e-05,-2.0304326e-05
1.0195984,0.16513646,-8.9325426e-05,-4.806205e-05,-2.0341775e-05
0.90276176,0.061077587,-7.912503e-05,-6.575031e-05,-2.1109823e-05
0.7795941,-0.050364997,-7.1442046e-05,-8.090097e-05,-2.2745484e-05
0.75144064,-0.1700563,-7.5848526e-05,-9.294751e-05,-2.4917283e-05
2.1922615,1.3953724,-7.691425e-05,6.648367e-05,-4.060328e-05
0.6513876,-0.24439009,-7.21885e-05,-9.7727745e-05,-2.6656337e-05
0.5399567,-0.3403327,-7.0736656e-05,-9.917895e-05,-2.9127288e-05
0.42053944,-0.43859974,-7.0330905e-05,-9.539506e-05,-3.2051783e-05
0.29664132,-0.5343746,-6.9975984e-05,-8.7400455e-05,-3.5307516e-05
0.18521497,-0.632915,-7.18074e-05,-8.054096e-05,-3.865409e-05
0.18470153,-0.73741186,-8.3803e-05,-8.782191e-05,-4.0012244e-05
2.291628,1.4956071,-4.610241e-05,6.360998e-05,-4.237552e-05
2.3921916,1.5961912,-6.82889e-06,5.8707912e-05,-4.3941338e-05
1.6588115,0.9658567,-0.00012905702,6.0273054e-05,-2.9614455e-05
1.7352481,1.0779474,-0.00012183788,6.7246205e-05,-3.1865056e-05
1.5676578,0.74590576,-0.00013875973,3.9251212e-05,-2.6288306e-05
1.5768706,0.85744977,-0.00013131912,5.1524545e-05,-2.7358104e-05
1.5162734,0.65734106,-0.00013809939,2.9126084e-05,-2.495569e-05
1.8143513,1.1867235,-0.000110604364,7.164618e-05,-3.404469e-05
1.9002843,1.2916434,-9.519681e-05,7.346932e-05,-3.613109e-05
1.9972955,1.2931211,-9.813438e-05,7.037141e-05,-3.738811e-05
1.3783356,0.5713444,-0.00012453974,1.8026956e-05,-2.257433e-05
1.2610737,0.4703403,-0.00011230964,2.7345006e-06,-2.0860494e-05
2.09069,1.3935747,-7.611357e-05,6.9671776e-05,-3.931954e-05
1.1507198,0.37116042,-9.990423e-05,-1.4188998e-05,-1.977067e-05
1.0383726,0.26767546,-8.762843e-05,-3.3085926e-05,-1.9324429e-05
0.92291,0.16243319,-7.650297e-05,-5.210241e-05,-1.965748e-05
0.8021596,0.05668393,-6.7243775e-05,-6.876779e-05,-2.083005e-05
0.7074412,-0.14021498,-7.0180715e-05,-8.9976944e-05,-2.4461924e-05
2.1890578,1.4939746,-4.7335147e-05,6.686039e-05,-4.111071e-05
0.5744474,-0.23768249,-6.54692e-05,-9.352266e-05,-2.7004146e-05
0.45102137,-0.33857894,-6.351728e-05,-9.0766145e-05,-2.9999566e-05
0.32361498,-0.43793756,-6.148832e-05,-8.2248414e-05,-3.3377186e-05
0.19311321,-0.53292024,-5.8208178e-05,-7.033564e-05,-3.6986487e-05
0.091523446,-0.64151525,-6.240924e-05,-6.693271e-05,-4.067343e-05
0.08695968,-0.7436642,-7.83505e-05,-7.773686e-05,-4.2645726e-05
2.289014,1.5939884,-1.0542723e-05,6.199997e-05,-4.2698204e-05
1.5689362,0.96695787,-0.000120698714,6.264431e-05,-2.8367664e-05
1.6451578,1.0756178,-0.000115453266,6.977534e-05,-3.0620242e-05
1.7228292,1.1839514,-0.00010598079,7.4499905e-05,-3.281611e-05
1.4891708,0.867182,-0.00012108293,5.4256685e-05,-2.6198653e-05
1.4891826,0.76090574,-0.000128628,4.191779e-05,-2.5234227e-05
1.4024309,0.677157,-0.0001226271,3.213883e-05,-2.3359105e-05
1.8060553,1.2896842,-9.220152e-05,7.66129e-05,-3.491284e-05
1.8946153,1.3919995,-7.355537e-05,7.6235716e-05,-3.6849106e-05
1.9919903,1.3925351,-7.4969124e-05,7.289784e-05,-3.8071266e-05
1.2833159,0.5677345,-0.000111552254,1.6899401e-05,-2.1181819e-05
1.1710896,0.4751294,-9.887893e-05,1.7863262e-06,-1.9676621e-05
2.088431,1.4929696,-4.8229926e-05,7.014873e-05,-3.9859482e-05
1.0606204,0.3728275,-8.631059e-05,-1.6656893e-05,-1.869771e-05
0.9461272,0.26687175,-7.422219e-05,-3.6541023e-05,-1.8483872e-05
0.8263086,0.16108762,-6.354089e-05,-5.5024444e-05,-1.9132005e-05
0.70437926,0.06057382,-5.505775e-05,-6.805685e-05,-2.0608426e-05
0.6694358,-0.036951154,-5.8734997e-05,-7.836336e-05,-2.2581085e-05
0.61401004,-0.1351342,-6.0873062e-05,-8.626846e-05,-2.4762128e-05
2.187009,1.5926553,-1.3775759e-05,6.531413e-05,-4.144949e-05
0.48758566,-0.23536955,-5.7083646e-05,-8.519319e-05,-2.7662349e-05
0.3597222,-0.33844188,-5.3848355e-05,-7.718745e-05,-3.1079027e-05
0.22245915,-0.4346153,-4.7576556e-05,-6.2248066e-05,-3.4788565e-05
0.07539341,-0.52976984,-3.7425325e-05,-4.3472304e-05,-3.87275e-05
1.4788749,0.9683803,-0.00011183013,6.509174e-05,-2.7155524e-05
1.555796,1.0736519,-0.00010865628,7.2396164e-05,-2.9413803e-05
1.6318673,1.1819501,-0.00010091794,7.751468e-05,-3.162526e-05
1.7119012,1.2880723,-8.887933e-05,7.994132e-05,-3.371684e-05
1.4041958,0.86275196,-0.000111722,5.5337954e-05,-2.4964978e-05
1.4068199,0.791852,-0.000116720796,4.679972e-05,-2.4290124e-05
1.3318224,0.7563419,-0.000109206005,4.3179127e-05,-2.288642e-05
1.7985716,1.3912407,-7.204418e-05,7.970076e-05,-3.5658286e-05
1.2886734,0.6621905,-0.000108035354,3.0504456e-05,-2.1601683e-05
1.8894808,1.491969,-4.937826e-05,7.708437e-05,-3.7401598e-05
1.9879079,1.4922194,-4.8930895e-05,7.357135e-05,-3.8610317e-05
1.1915257,0.5773257,-9.763283e-05,1.7485752e-05,-1.9944486e-05
1.083134,0.48028693,-8.507327e-05,6.151448e-07,-1.8557801e-05
2.0850928,1.5917422,-1.677105e-05,6.872574e-05,-4.0193398e-05
0.9714822,0.3734546,-7.250112e-05,-1.9460836e-05,-1.7729473e-05
0.8553362,0.26634148,-6.0860864e-05,-3.9424194e-05,-1.7782464e-05
0.7357141,0.16307098,-5.116739e-05,-5.539109e-05,-1.8742754e-05
0.57417,-0.032784715,-4.7414076e-05,-7.1816314e-05,-2.2774815e-05
0.61057943,0.06702446,-4.2823613e-05,-6.270724e-05,-2.050697e-05
0.52883476,-0.13267122,-5.1593503e-05,-7.882904e-05,-2.5194884e-05
0.4007816,-0.23581918,-4.7038287e-05,-7.191734e-05,-2.8529832e-05
0.26951122,-0.33746582,-4.0830742e-05,-5.7978767e-05,-3.2190237e-05
0.13079278,-0.42391953,-2.8509927e-05,-3.6687834e-05,-3.592257e-05
1.4659448,1.0725855,-0.00010126057,7.5173644e-05,-2.8246563e-05
1.3911002,0.9670498,-0.00010289143,6.723611e-05,-2.5979927e-05
1.5414519,1.1803235,-9.546963e-05,8.065959e-05,-3.0480775e-05
1.6196942,1.2864053,-8.536312e-05,8.3372805e-05,-3.257789e-05
1.7025583,1.390436,-7.036516e-05,8.3364976e-05,-3.449641e-05
1.3172582,0.86413586,-0.00010116067,5.7051777e-05,-2.3784505e-05
1.2591279,0.7557174,-9.9385725e-05,4.3712516e-05,-2.1875772e-05
1.7908536,1.4918617,-4.9694096e-05,8.0795064e-05,-3.6215373e-05
1.2201937,0.6558016,-9.844451e-05,2.9513145e-05,-2.0579308e-05
1.884451,1.5913224,-2.203695e-05,7.5861295e-05,-3.774726e-05
1.9843495,1.5913566,-1.9490819e-05,7.222945e-05,-3.895656e-05
1.1147078,0.5979916,-8.5000785e-05,1.965877e-05,-1.901595e-05
1.0002681,0.48498726,-7.163322e-05,-8.0095236e-07,-1.7529417e-05
0.88478976,0.3740153,-5.8837613e-05,-2.2107046e-05,-1.688278e-05
0.7669742,0.26835144,-4.7743295e-05,-4.06218e-05,-1.7180873e-05
0.645828,0.16845836,-3.8631057e-05,-5.1923398e-05,-1.8421058e-05
0.51885223,0.07274141,-3.0268036e-05,-5.1149425e-05,-2.0569614e-05
0.47991186,-0.027429633,-3.477904e-05,-5.8210117e-05,-2.31051e-05
0.4397462,-0.13038045,-4.0288243e-05,-6.5174834e-05,-2.578252e-05
0.31466204,-0.23914906,-3.4682365e-05,-5.3204436e-05,-2.9541447e-05
0.18297341,-0.33053127,-2.3225175e-05,-3.2601372e-05,-3.3192588e-05
0.049805034,-0.38704723,0.0,0.0,-3.621487e-05
-0.012142437,-0.4657312,0.0,0.0,-3.8776005e-05
1.4516464,1.1777576,-8.975978e-05,8.382217e-05,-2.9379715e-05
1.3771238,1.0697882,-9.359803e-05,7.779509e-05,-2.7115913e-05
1.3038024,0.9625033,-9.36304e-05,6.895849e-05,-2.4808167e-05
1.5278203,1.2852541,-8.149383e-05,8.697528e-05,-3.1495085e-05
1.6086049,1.3893454,-6.858897e-05,8.714523e-05,-3.3401142e-05
1.6942668,1.4916947,-4.993083e-05,8.463822e-05,-3.5091765e-05
1.2323744,0.85255754,-9.0957255e-05,5.69003e-05,-2.2529768e-05
1.1597325,0.74336356,-8.576021e-05,4.215898e-05,-2.0442565e-05
1.7854055,1.591655,-2.443948e-05,7.964336e-05,-3.657915e-05
1.0353551,0.59896135,-7.2352355e-05,1.8445679e-05,-1.8018014e-05
0.9145322,0.48298436,-5.7737197e-05,-3.6258107e-06,-1.6562619e-05
0.79738104,0.37478468,-4.5083485e-05,-2.4167477e-05,-1.610236e-05
0.6791553,0.27248442,-3.4787838e-05,-3.909274e-05,-1.6638673e-05
0.5581467,0.17646691,-2.6235242e-05,-4.302833e-05,-1.8101531e-05
0.4349735,0.088878974,-1.662682e-05,-3.127372e-05,-2.0561238e-05
0.38383517,-0.0255217,-1.984083e-05,-3.5399135e-05,-2.3641718e-05
0.36044288,-0.13804813,-2.929267e-05,-4.8436887e-05,-2.6632359e-05
0.23515657,-0.23786879,-1.9348945e-05,-2.9531626e-05,-3.0442112e-05
0.109111734,-0.30635417,0.0,0.0,-3.3478245e-05
1.437632,1.2821347,-7.762394e-05,9.0544636e-05,-3.046974e-05
1.3631073,1.1737212,-8.381024e-05,8.6873915e-05,-2.8333652e-05
1.2896981,1.0642946,-8.569155e-05,8.003926e-05,-2.601997e-05
1.2169876,0.9521457,-8.407282e-05,6.971226e-05,-2.3610084e-05
1.5144415,1.3879807,-6.665017e-05,9.111305e-05,-3.236198e-05
1.5972089,1.4911726,-5.0155584e-05,8.871115e-05,-3.4016517e-05
1.6867551,1.591743,-2.6901505e-05,8.362254e-05,-3.5461995e-05
1.1439573,0.835335,-7.9726524e-05,5.5478922e-05,-2.119515e-05
1.0538611,0.7095662,-7.104803e-05,3.6457815e-05,-1.8819457e-05
0.9398843,0.59221154,-5.690097e-05,1.5140425e-05,-1.682271e-05
0.82564765,0.4816304,-4.3282907e-05,-6.4947612e-06,-1.5621712e-05
0.71046543,0.3771791,-3.169291e-05,-2.4557212e-05,-1.5356261e-05
0.5933872,0.2799225,-2.2530838e-05,-3.3100652e-05,-1.604965e-05
0.47433913,0.18853764,-1.3847101e-05,-2.6797667e-05,-1.7893377e-05
0.3587798,0.12680537,0.0,0.0,-2.0398133e-05
0.31581962,0.03634498,0.0,0.0,-2.2864779e-05
0.30588686,-0.07853557,-1.1787085e-05,-2.0884057e-05,-2.5604255e-05
0.28198949,-0.150409,-1.6386619e-05,-2.694095e-05,-2.7772709e-05
0.16552849,-0.22361511,0.0,0.0,-3.075271e-05
1.420957,1.3856786,-6.46196e-05,9.516817e-05,-3.140014e-05
1.347067,1.2778931,-7.344717e-05,9.411573e-05,-2.9503184e-05
1.2743376,1.1669915,-7.750987e-05,8.964083e-05,-2.7317683e-05
1.2023371,1.0537175,-7.7415636e-05,8.148527e-05,-2.4910252e-05
1.1300663,0.93719983,-7.3890806e-05,6.934142e-05,-2.238967e-05
1.5017613,1.490086,-5.038497e-05,9.290351e-05,-3.303135e-05
1.0531825,0.8170804,-6.7279696e-05,5.3021104e-05,-1.9871306e-05
0.95756793,0.69789445,-5.595509e-05,3.2991597e-05,-1.7569459e-05
0.84896874,0.5874199,-4.2079002e-05,1.1548111e-05,-1.5757623e-05
0.73864865,0.48178086,-2.9507431e-05,-8.654888e-06,-1.4713154e-05
0.62541795,0.38379166,-1.9441715e-05,-2.1636555e-05,-1.4521999e-05
0.5110317,0.2927593,-1.1036619e-05,-2.084271e-05,-1.5550291e-05
0.39760643,0.21911544,0.0,0.0,-1.7657758e-05
0.26916113,-0.05226453,0.0,0.0,-2.5408237e-05
0.21893883,-0.13890387,0.0,0.0,-2.8170976e-05
1.405578,1.4883835,-5.0595365e-05,9.726303e-05,-3.2135464e-05
1.3293647,1.3818408,-6.253021e-05,9.913829e-05,-3.054208e-05
1.2583313,1.271559,-6.907633e-05,9.7391996e-05,-2.8619514e-05
1.1876792,1.157431,-7.09094e-05,9.178744e-05,-2.635769e-05
1.1163415,1.0403934,-6.860226e-05,8.1990154e-05,-2.3834016e-05
1.0426735,0.9216126,-6.282065e-05,6.7927365e-05,-2.1203221e-05
0.959884,0.80394745,-5.3466425e-05,4.9939725e-05,-1.866386e-05
0.8644951,0.6926427,-4.1005413e-05,2.9331604e-05,-1.6448474e-05
0.7607279,0.58656627,-2.79432e-05,8.096853e-06,-1.473118e-05
0.65264314,0.48612404,-1.7123815e-05,-8.888161e-06,-1.3693892e-05
0.5421655,0.3938902,-8.739665e-06,-1.4101677e-05,-1.3825049e-05
0.43195033,0.31318536,0.0,0.0,-1.5346006e-05
1.311304,1.4850554,-5.086222e-05,0.00010155364,-3.137243e-05
1.2382454,1.3756566,-6.029619e-05,0.00010287862,-2.9780547e-05
1.1697829,1.2611635,-6.438973e-05,0.00010005869,-2.7786347e-05
1.1007974,1.1441598,-6.369964e-05,9.2939394e-05,-2.5422261e-05
1.0293697,1.0264375,-5.8886726e-05,8.137342e-05,-2.280538e-05
0.9533456,0.9093492,-5.0646922e-05,6.5464264e-05,-2.0122128e-05
0.86809474,0.7972579,-3.9403523e-05,4.6088448e-05,-1.759083e-05
0.7733026,0.6912412,-2.66036e-05,2.4768491e-05,-1.5370997e-05
0.67320025,0.58983594,-1.5423202e-05,4.989309e-06,-1.3581979e-05
0.56829584,0.49464896,-7.0124224e-06,-6.2819686e-06,-1.2837121e-05
0.46125457,0.40894508,0.0,0.0,-1.35680275e-05
1.2176336,1.4794002,-5.1114836e-05,0.00010563897,-3.0746032e-05
1.1487883,1.3648701,-5.7907688e-05,0.00010595649,-2.9100842e-05
1.0824234,1.2476392,-5.9156926e-05,0.00010170666,-2.7025892e-05
1.0136878,1.1303815,-5.5655157e-05,9.281562e-05,-2.4566296e-05
0.9439029,1.0134299,-4.8593793e-05,7.9177604e-05,-2.1886295e-05
0.8653519,0.90128016,-3.8217764e-05,6.144911e-05,-1.917488e-05
0.77955675,0.79398173,-2.6046044e-05,4.0502935e-05,-1.659683e-05
0.685931,0.69275147,-1.4452189e-05,1.8948904e-05,-1.4210211e-05
0.5875499,0.59620494,-5.7865436e-06,2.3570167e-06,-1.2653691e-05
0.48523554,0.50617456,0.0,0.0,-1.2543408e-05
1.1255845,1.4696152,-5.127631e-05,0.00010914766,-3.0248839e-05
1.0611544,1.3508991,-5.4976426e-05,0.00010795909,-2.8536688e-05
0.9945295,1.2335796,-5.305246e-05,0.000101921374,-2.6368865e-05
0.9282194,1.1174724,-4.6989295e-05,9.081226e-05,-2.3836914e-05
0.8557029,1.0045621,-3.7486843e-05,7.485442e-05,-2.1093507e-05
0.7786129,0.8960179,-2.6072243e-05,5.480832e-05,-1.8307526e-05
0.69202393,0.79417706,-1.4346294e-05,3.2205335e-05,-1.5526395e-05
0.6000458,0.69690084,-5.2162936e-06,1.119086e-05,-1.3301222e-05
0.5030652,0.60471654,0.0,0.0,-1.2365727e-05
1.0357437,1.4543645,-5.1002593e-05,0.000111516165,-2.987693e-05
0.9727984,1.3354517,-5.1145667e-05,0.00010834561,-2.8104385e-05
0.9082246,1.2194719,-4.6199413e-05,9.9857934e-05,-2.5842863e-05
0.8408654,1.1071494,-3.7568057e-05,8.6007945e-05,-2.3238708e-05
0.7687156,0.99904096,-2.6524027e-05,6.7127155e-05,-2.042286e-05
0.6898919,0.8957378,-1.490661e-05,4.4044555e-05,-1.742487e-05
0.6053168,0.7978364,-5.289066e-06,1.9692752e-05,-1.4717634e-05
0.5146098,0.7041921,0.0,0.0,-1.3050657e-05
0.94703186,1.4368168,-4.9756894e-05,0.00011205572,-2.9673914e-05
0.88405544,1.3217282,-4.6290934e-05,0.000106281695,-2.784891e-05
0.82145345,1.2087855,-3.8588063e-05,9.464313e-05,-2.5502168e-05
0.7548114,1.1004312,-2.8045602e-05,7.719685e-05,-2.2805081e-05
0.68154037,0.9973645,-1.636596e-05,5.4130862e-05,-1.9811027e-05
0.60360736,0.89865935,-6.0470447e-06,2.7207048e-05,-1.6815724e-05
0.5196128,0.80421025,0.0,0.0,-1.4518951e-05
0.85676235,1.4215262,-4.7202157e-05,0.00010989082,-2.9717314e-05
0.79647356,1.309068,-4.0442374e-05,0.00010049346,-2.7780445e-05
0.7345549,1.2006717,-3.0346704e-05,8.461381e-05,-2.534358e-05
0.6666121,1.0980046,-1.8584864e-05,6.1927836e-05,-2.2515893e-05
0.5950502,0.9992476,-7.467387e-06,3.3340726e-05,-1.9471032e-05
0.51780665,0.9043371,0.0,0.0,-1.6693055e-05
0.7671018,1.4084018,-4.319798e-05,0.00010368852,-3.0014606e-05
0.7080184,1.3012489,-3.3495224e-05,8.941744e-05,-2.7987344e-05
0.6466687,1.1976829,-2.1639778e-05,6.7629655e-05,-2.540914e-05
0.5800368,1.099069,-9.46191e-06,3.790794e-05,-2.249645e-05
0.50927395,1.0041162,0.0,0.0,-1.9459301e-05
0.6771061,1.3996893,-3.7475867e-05,9.179988e-05,-3.058347e-05
0.6188999,1.297214,-2.5205374e-05,7.075639e-05,-2.8396897e-05
0.5586352,1.1978488,-1.188742e-05,4.0911877e-05,-2.5708065e-05
0.49375513,1.1030495,0.0,0.0,-2.2620186e-05
0.5866246,1.394309,-2.9429937e-05,7.217618e-05,-3.133478e-05
0.5306295,1.2951638,-1.460098e-05,4.2448813e-05,-2.8964738e-05
0.471325,1.2006484,0.0,0.0,-2.596492e-05
0.49616662,1.3913093,-1.7640537e-05,4.295931e-05,-3.2223445e-05
0.44203073,1.2964112,0.0,0.0,-2.934943e-05
-0.3,-4.9,0.00045396702,2.2412212e-07,0.0004922796
-0.2,-4.9,0.00045378183,4.041356e-07,0.0004743197
-0.2,-5.0,0.0,0.0,0.00047445783
-0.3,-5.0,0.0,0.0,0.00049242657
-0.3,-4.8,0.00081828574,-1.9386407e-07,0.00049176393
-0.2,-4.8,0.0008190872,3.342378e-07,0.0004738324
-0.1,-4.9,0.00045335008,5.780793e-07,0.00045666017
-0.1,-5.0,0.0,0.0,0.0004567925
-0.2,-4.7,0.0010994292,-1.127594e-06,0.00047279216
-0.3,-4.7,0.0010969891,-2.0661341e-06,0.00049070764
-0.1,-4.8,0.00081950234,8.3562577e-07,0.00045621025
2.5104918e-14,-4.9,0.0004526785,7.4352585e-07,0.00043932674
2.3980817e-14,-5.0,0.0,0.0,0.00043944715
-0.3,-4.6,0.0012987388,-5.653269e-06,0.0004889378
-0.2,-4.6,0.0013030169,-4.2885363e-06,0.00047102067
-0.1,-4.7,0.0011014343,-2.0035556e-07,0.00045518632
2.5687785e-14,-4.8,0.0008195414,1.3305892e-06,0.0004389083
0.1,-4.9,0.00045177725,9.076143e-07,0.00042232996
0.1,-5.0,0.0,0.0,0.0004224453
-0.3,-4.5,0.0014358065,-1.1017114e-05,0.0004863799
-0.2,-4.5,0.0014418475,-9.240417e-06,0.0004684545
-0.1,-4.6,0.0013068613,-2.9245903e-06,0.00045341803
-2.4743332e-12,-4.7,0.0011029968,7.2045344e-07,0.00043790598
0.1,-4.8,0.0008192056,1.8090726e-06,0.00042193523
0.2,-4.9,0.00045065492,1.0707859e-06,0.00040568592
0.2,-5.0,0.0,0.0,0.0004058021
-0.3,-4.4,0.0015223521,-1.8040959e-05,0.0004830498
-0.2,-4.4,0.0015299708,-1.587817e-05,0.00046509894
-0.1,-4.5,0.0014474832,-7.460962e-06,0.00045086356
-1.2435844e-11,-4.6,0.0013102596,-1.5694342e-06,0.00043615862
0.1,-4.7,0.0011041127,1.6102232e-06,0.00042098114
0.2,-4.8,0.0008184955,2.255755e-06,0.00040531473
0.3,-4.9,0.0004493206,1.2272833e-06,0.00038941088
0.3,-5.0,0.0,0.0,0.00038952028
-0.2,-4.3,0.0015817037,-2.3979173e-05,0.00046099533
-0.3,-4.3,0.0015727589,-2.6502032e-05,0.00047898758
-0.1,-4.4,0.0015372141,-1.369831e-05,0.00044749564
-2.1937382e-11,-4.5,0.0014527073,-5.684693e-06,0.00043362138
0.1,-4.6,0.0013132122,-2.3504073e-07,0.00041925837
0.2,-4.7,0.0011047946,2.4555738e-06,0.0004044173
0.3,-4.8,0.000817424,2.6892255e-06,0.0003890675
0.4,-4.9,0.000447783,1.3736603e-06,0.00037350846
0.4,-5.0,0.0,0.0,0.00037361117
-0.3,-4.2,0.0016000713,-3.6141457e-05,0.00047422276
-0.2,-4.2,0.0016100511,-3.3259992e-05,0.00045618278
-0.1,-4.3,0.0015902884,-2.1427793e-05,0.00044336848
-3.0983174e-11,-4.4,0.0015440711,-1.15131725e-05,0.00043025488
0.1,-4.5,0.0014575134,-3.9176525e-06,0.00041673263
0.2,-4.6,0.0013157215,1.0734059e-06,0.00040271867
0.3,-4.7,0.0011050483,3.2833805e-06,0.00038821067
0.4,-4.8,0.0008160048,3.1096713e-06,0.00037319714
0.5,-4.9,0.00044605086,1.5113083e-06,0.00035799056
0.5,-5.0,0.0,0.0,0.00035808582
-0.3,-4.1,0.0016145026,-4.6669025e-05,0.00046873515
-0.2,-4.1,0.0016252226,-4.3414504e-05,0.00045063946
-0.1,-4.2,0.0016196579,-3.0341505e-05,0.00043851548
-3.9706627e-11,-4.3,0.0015985012,-1.8862303e-05,0.00042612568
0.1,-4.4,0.0015505325,-9.337642e-06,0.00041339148
0.2,-4.5,0.0014618887,-2.171071e-06,0.00040021597
0.3,-4.6,0.0013177826,2.359523e-06,0.00038654977
0.4,-4.7,0.0011048751,4.0947602e-06,0.00037237958
0.5,-4.8,0.0008142502,3.5100604e-06,0.00035770665
0.6,-4.9,0.0004441391,1.6408115e-06,0.0003428653
0.6,-5.0,0.0,0.0,0.00034295104
-0.3,-4.0,0.0016232469,-5.7816374e-05,0.00046251633
-0.2,-4.0,0.0016344672,-5.4191314e-05,0.00044435935
-0.1,-4.1,0.001635565,-4.012702e-05,0.0004329423
-5.02218e-11,-4.2,0.0016288948,-2.7403363e-05,0.0004212603
0.1,-4.3,0.0016063364,-1.629744e-05,0.00040927832
0.2,-4.4,0.0015565921,-7.1827167e-06,0.00039691755
0.3,-4.5,0.0014658282,-4.531522e-07,0.00038409338
0.4,-4.6,0.001319393,3.611932e-06,0.0003707681
0.5,-4.7,0.0011042843,4.866779e-06,0.0003569298
0.6,-4.8,0.00081217295,3.889354e-06,0.00034260578
0.7,-4.9,0.0004420588,1.7617953e-06,0.0003281324
0.7,-5.0,0.0,0.0,0.00032820908
-0.3,-3.9,0.0016308682,-6.939604e-05,0.00045554322
-0.2,-3.9,0.0016424223,-6.538882e-05,0.0004373341
-0.1,-4.0,0.0016453136,-5.0534407e-05,0.0004266455
-6.567602e-11,-4.1,0.0016455359,-3.682391e-05,0.00041568084
0.1,-4.2,0.001637764,-2.4463696e-05,0.00040442744
0.2,-4.3,0.0016137904,-1.3745342e-05,0.00039283364
0.3,-4.4,0.0015622475,-5.0525414e-06,0.00038083945
0.4,-4.5,0.0014693367,1.22983e-06,0.0003683644
0.5,-4.6,0.0013205606,4.810998e-06,0.00035538131
0.6,-4.7,0.0011032837,5.595497e-06,0.00034186992
0.7,-4.8,0.00080978824,4.248886e-06,0.00032790133
0.8,-4.9,0.00043981837,1.8765498e-06,0.00031379514
0.8,-5.0,0.0,0.0,0.00031386304
-0.3,-3.8,0.0016396826,-8.1268976e-05,0.0004477499
-0.2,-3.8,0.0016514724,-7.685462e-05,0.0004294988
-0.1,-3.9,0.0016535837,-6.1347535e-05,0.0004196045
-8.4019264e-11,-4.0,0.0016557825,-4.6863257e-05,0.00040938827
0.1,-4.1,0.0016551425,-3.3520235e-05,0.00039886739
0.2,-4.2,0.0016462677,-2.1538022e-05,0.00038801724
0.3,-4.3,0.0016208611,-1.1216814e-05,0.0003767977
0.4,-4.4,0.0015674998,-2.9532462e-06,0.00036515636
0.5,-4.5,0.0014724165,2.8693855e-06,0.00035302818
0.6,-4.6,0.0013212947,5.960621e-06,0.00034038525
0.7,-4.7,0.0011018844,6.292195e-06,0.0003272112
0.8,-4.8,0.00080711034,4.5864176e-06,0.000313589
0.9,-4.9,0.00043742615,1.9851836e-06,0.00029985633
0.9,-5.0,0.0,0.0,0.000299915
-0.2,-3.7,0.0016626887,-8.8518274e-05,0.00042079214
-0.3,-3.7,0.0016507143,-9.336722e-05,0.00043906792
-0.1,-3.8,0.001662845,-7.240977e-05,0.0004117624
-1.0392394e-10,-3.9,0.001664354,-5.729306e-05,0.00040235976
0.1,-4.0,0.0016658778,-4.319198e-05,0.0003925988
0.2,-4.1,0.0016643894,-3.0230234e-05,0.0003824986
0.3,-4.2,0.001654406,-1.8636738e-05,0.0003720306
0.4,-4.3,0.0016275481,-8.7226435e-06,0.00036117426
0.5,-4.4,0.001572345,-8.937605e-07,0.00034987196
0.6,-4.5,0.0014750672,4.464687e-06,0.000338089
0.7,-4.6,0.0013215973,7.073497e-06,0.00032578228
0.8,-4.7,0.0011001003,6.959309e-06,0.00031295305
0.9,-4.8,0.0008041462,4.90215e-06,0.0002996726
1.0,-4.9,0.00043489406,2.0815858e-06,0.00028631685
1.0,-5.0,0.0,0.0,0.00028636563
-0.3,-3.6,0.0016643045,-0.00010565274,0.0004294119
-0.2,-3.6,0.0016764366,-0.000100335994,0.00041113104
-0.1,-3.7,0.0016742157,-8.3645515e-05,0.0004030651
-1.2476153e-10,-3.8,0.0016738054,-6.7956484e-05,0.00039454256
0.1,-3.9,0.0016747373,-5.324279e-05,0.00038560366
0.2,-4.0,0.0016756053,-3.9533927e-05,0.00037627545
0.3,-4.1,0.0016732737,-2.696477e-05,0.00036656612
0.4,-4.2,0.0016621784,-1.5768266e-05,0.00035646942
0.5,-4.3,0.001633851,-6.2726613e-06,0.00034596675
0.6,-4.4,0.0015767785,1.1180359e-06,0.00033499964
0.7,-4.5,0.0014772878,6.0166453e-06,0.00032355223
0.8,-4.6,0.0013214739,8.152122e-06,0.0003115831
0.9,-4.7,0.0010979455,7.591974e-06,0.00029909078
1.0,-4.8,0.00080091297,5.1960646e-06,0.00028616225
1.1,-4.9,0.0004322359,2.165471e-06,0.0002731745
1.1,-5.0,0.0,0.0,0.0002732144
-0.3,-3.5,0.001680508,-0.00011810618,0.00041869254
-0.2,-3.5,0.0016927869,-0.000112289374,0.00040043233
-0.1,-3.6,0.0016880903,-9.5005875e-05,0.00039343792
-1.4955043e-10,-3.7,0.0016853048,-7.8772275e-05,0.0003858876
0.1,-3.8,0.0016843622,-6.3514526e-05,0.00037783914
0.2,-3.9,0.0016847411,-4.9211627e-05,0.00036933323
0.3,-4.0,0.0016849658,-3.590345e-05,0.00036040766
0.4,-4.1,0.001681796,-2.3733919e-05,0.00035107238
0.5,-4.2,0.0016695855,-1.2941307e-05,0.00034133534
0.6,-4.3,0.0016397702,-3.871853e-06,0.00033117746
0.7,-4.4,0.0015808039,3.0786273e-06,0.0003205428
0.8,-4.5,0.0014790825,7.5146854e-06,0.00030942194
0.9,-4.6,0.0013209423,9.186204e-06,0.0002977803
1.0,-4.7,0.0010954363,8.183016e-06,0.0002856192
1.1,-4.8,0.00079743436,5.468294e-06,0.00027305196
1.2,-4.9,0.00042946203,2.2417207e-06,0.00026042637
1.2,-5.0,0.0,0.0,0.00026045897
-0.3,-3.4,0.001699303,-0.00013072423,0.00040680895
-0.2,-3.4,0.0017117229,-0.0001243703,0.00038860587
-0.1,-3.5,0.0017045558,-0.000106472435,0.0003828031
-1.8074617e-10,-3.6,0.0016992785,-8.968701e-05,0.00037632836
0.1,-3.7,0.001695968,-7.39186e-05,0.00036925555
0.2,-3.8,0.0016945231,-5.910045e-05,0.00036164364
0.3,-3.9,0.0016943727,-4.52144e-05,0.0003535427
0.4,-4.0,0.0016939634,-3.231376e-05,0.00034499515
0.5,-4.1,0.0016899612,-2.0547983e-05,0.00033602156
0.6,-4.2,0.0016766285,-1.0163849e-05,0.00032662827
0.7,-4.3,0.0016453099,-1.5229115e-06,0.00031680384
0.8,-4.4,0.0015844271,4.981967e-06,0.00030649363
0.9,-4.5,0.0014804623,8.948731e-06,0.00029569404
1.0,-4.6,0.0013200132,1.0155287e-05,0.00028436215
1.1,-4.7,0.0010925857,8.739211e-06,0.00027254358
1.2,-4.8,0.00079372525,5.7196585e-06,0.00026033213
1.3,-4.9,0.00042658127,2.3113369e-06,0.00024807002
1.3,-5.0,0.0,0.0,0.00024809575
-0.3,-3.3,0.001720653,-0.00014349495,0.00039365666
-0.2,-3.3,0.0017332043,-0.0001365675,0.00037555452
-0.1,-3.4,0.0017235974,-0.00011803284,0.00037107733
-2.1136501e-10,-3.5,0.0017158297,-0.00010068083,0.00036579283
0.1,-3.6,0.0017100149,-8.440022e-05,0.0003597925
0.2,-3.7,0.0017062159,-6.910246e-05,0.00035315673
0.3,-3.8,0.0017042964,-5.4728564e-05,0.0003459482
0.4,-3.9,0.0017036393,-4.126472e-05,0.0003382286
0.5,-4.0,0.0017026059,-2.8774848e-05,0.00033003953
0.6,-4.1,0.0016977744,-1.7415807e-05,0.0003214107
0.7,-4.2,0.0016833101,-7.442956e-06,0.00031234647
0.8,-4.3,0.0016504735,7.690692e-07,0.0003028387
0.9,-4.4,0.0015876514,6.8215877e-06,0.00029284868
1.0,-4.5,0.0014814346,1.0318917e-05,0.00028236277
1.1,-4.6,0.0013186875,1.1065247e-05,0.00027134098
1.2,-4.7,0.0010894086,9.263574e-06,0.0002598652
1.3,-4.8,0.0007897967,5.9528875e-06,0.00024800238
1.4,-4.9,0.00042360218,2.3739315e-06,0.00023610143
1.4,-5.0,0.0,0.0,0.00023612038
-0.2,-3.2,0.0017571974,-0.00014887941,0.00036114975
-0.3,-3.2,0.0017445302,-0.00015642322,0.0003791018
-0.1,-3.3,0.0017451714,-0.00012967602,0.000358172
-2.414624e-10,-3.4,0.0017349452,-0.0001117394,0.00035420363
0.1,-3.5,0.0017266249,-9.493678e-05,0.00034938668
0.2,-3.6,0.0017203143,-7.9164354e-05,0.00034381676
0.3,-3.7,0.0017160589,-6.434009e-05,0.0003375799
0.4,-3.8,0.0017136933,-5.041193e-05,0.0003307487
0.5,-3.9,0.0017125474,-3.7373014e-05,0.00032338515
0.6,-4.0,0.0017109001,-2.5294938e-05,0.00031553596
0.7,-4.1,0.0017052405,-1.4344564e-05,0.00030723517
0.8,-4.2,0.0016896344,-4.7860835e-06,0.00029848696
0.9,-4.3,0.0016552602,2.997875e-06,0.000289282
1.0,-4.4,0.00159048,8.599173e-06,0.00027960681
1.1,-4.5,0.0014820024,1.1630019e-05,0.00026942862
1.2,-4.6,0.0013169758,1.1928438e-05,0.00025872522
1.3,-4.7,0.0010859212,9.752813e-06,0.00024757374
1.4,-4.8,0.0007856613,6.1690853e-06,0.00023606062
1.5,-4.9,0.00042053364,2.4295298e-06,0.00022451598
1.5,-5.0,0.0,0.0,0.00022452814
-0.20080642,-3.1010282,0.0017832748,-0.00016117492,0.00034563293
-0.3,-3.1,0.0017709077,-0.00016945065,0.0003630419
-0.1,-3.2,0.0017692354,-0.00014139952,0.0003439664
-2.7136654e-10,-3.3,0.0017565783,-0.00012284817,0.00034148304
0.1,-3.4,0.0017457864,-0.00010551306,0.00033796518
0.2,-3.5,0.001736959,-8.925973e-05,0.00033356756
0.3,-3.6,0.0017301913,-7.399601e-05,0.00032838725
0.4,-3.7,0.0017255106,-5.9644804e-05,0.00032251756
0.5,-3.8,0.0017227235,-4.616196e-05,0.00031603573
0.6,-3.9,0.0017211048,-3.3547978e-05,0.00030900555
0.7,-4.0,0.0017188531,-2.1881562e-05,0.00030147855
0.8,-4.1,0.0017123645,-1.1340229e-05,0.00029349016
0.9,-4.2,0.0016956046,-2.1992428e-06,0.00028504734
1.0,-4.3,0.00165967,5.1585016e-06,0.00027614026
1.1,-4.4,0.0015929162,1.0315415e-05,0.0002667662
1.2,-4.5,0.0014821698,1.2883878e-05,0.00025689357
1.3,-4.6,0.001314895,1.2746746e-05,0.00024650482
1.4,-4.7,0.0010821316,1.02072545e-05,0.00023566683
1.5,-4.8,0.0007813345,6.362878e-06,0.00022450184
1.6,-4.9,0.00041738592,2.4787341e-06,0.00021330852
1.6,-5.0,0.0,0.0,0.00021331367
-0.30143398,-2.999982,0.001799586,-0.00018275807,0.00034554364
-0.20225266,-3.0019264,0.0018117114,-0.00017369463,0.00032857992
-0.10043939,-3.1013334,0.001795318,-0.00015300568,0.00032870725
-3.0476185e-10,-3.2,0.001780684,-0.00013401406,0.00032751344
0.1,-3.3,0.0017674506,-0.00011611071,0.00032546086
0.2,-3.4,0.0017561417,-9.9373065e-05,0.00032234058
0.3,-3.5,0.0017468497,-8.366596e-05,0.0003183176
0.4,-3.6,0.0017396604,-6.890851e-05,0.00031349066
0.5,-3.7,0.0017345838,-5.5027966e-05,0.00030795828
0.6,-3.8,0.0017313971,-4.1988318e-05,0.00030179968
0.7,-3.9,0.0017293207,-2.9797362e-05,0.00029508333
0.8,-4.0,0.0017264715,-1.8541308e-05,0.00028786133
0.9,-4.1,0.0017191513,-8.407654e-06,0.0002801705
1.0,-4.2,0.0017012246,3.158342e-07,0.00027202422
1.1,-4.3,0.0016637088,7.2485423e-06,0.00026340893
1.2,-4.4,0.0015949636,1.1966887e-05,0.00025432426
1.3,-4.5,0.0014819469,1.4084254e-05,0.00024475553
1.4,-4.6,0.0013124595,1.3518623e-05,0.0002346689
1.5,-4.7,0.0010780558,1.06276675e-05,0.0002241507
1.6,-4.8,0.00077683345,6.533215e-06,0.00021331837
1.7,-4.9,0.00041416878,2.5222273e-06,0.00020247258
1.7,-5.0,0.0,0.0,0.00020247074
-0.30339226,-2.8985624,0.0018310287,-0.00019623416,0.00032613266
-0.20513974,-2.9034138,0.0018420895,-0.00018609739,0.0003103646
-0.102114215,-3.0040195,0.0018231879,-0.00016466963,0.00031236833
-0.40085274,-2.9988592,0.0017864209,-0.00019184256,0.00036361557
-0.4,-3.1,0.0017574466,-0.00017771481,0.00038163317
-0.000221755,-3.1016142,0.0018067374,-0.00014498217,0.0003125535
0.1,-3.2,0.0017915682,-0.00012673993,0.0003117605
0.2,-3.3,0.0017778124,-0.0001094824,0.0003100765
0.3,-3.4,0.0017660316,-9.333519e-05,0.00030730723
0.4,-3.5,0.0017563142,-7.816902e-05,0.00030361893
0.5,-3.6,0.0017487361,-6.391292e-05,0.0002991126
0.6,-3.7,0.001743291,-5.049916e-05,0.00029388972
0.7,-3.8,0.0017397251,-3.789881e-05,0.00028803202
0.8,-3.9,0.001737204,-2.6127605e-05,0.0002816104
0.9,-4.0,0.0017337621,-1.527967e-05,0.00027467753
1.0,-4.1,0.001725606,-5.550782e-06,0.00026727078
1.1,-4.2,0.0017064996,2.758354e-06,0.00025941
1.2,-4.3,0.0016673841,9.267713e-06,0.00025107665
1.3,-4.4,0.0015966297,1.3545703e-05,0.00024227727
1.4,-4.5,0.0014813524,1.5230789e-05,0.00023300026
1.5,-4.6,0.0013096846,1.4236622e-05,0.00022320612
1.6,-4.7,0.0010737188,1.1014188e-05,0.00021301353
1.7,-4.8,0.0007721725,6.6855127e-06,0.00020250339
1.8,-4.9,0.0004108904,2.5602446e-06,0.00019200111
1.8,-5.0,0.0,0.0,0.00019199238
-0.30839097,-2.7922776,0.0018660927,-0.00021095909,0.0003040073
-0.21169014,-2.8063781,0.0018736074,-0.00019911527,0.00029111674
-0.10570207,-2.9092638,0.0018522049,-0.00017606141,0.00029541831
-0.40210184,-2.8965294,0.001818239,-0.00020625647,0.00034352407
-0.002047859,-3.0058353,0.0018340994,-0.00015585095,0.00029689618
-0.5,-3.1,0.0017432692,-0.00018598765,0.00040111196
-0.5,-3.0,0.0017718513,-0.00020064691,0.00038297704
0.099942036,-3.1014853,0.0018176608,-0.00013715553,0.00029706984
0.2,-3.2,0.0018019144,-0.00011959573,0.0002966749
0.3,-3.3,0.0017876866,-0.00010297758,0.00029530385
0.4,-3.4,0.0017754763,-8.7412314e-05,0.00029284373
0.5,-3.5,0.0017653697,-7.278012e-05,0.0002894539
0.6,-3.6,0.0017574335,-5.901857e-05,0.0002852383
0.7,-3.7,0.0017516448,-4.6066005e-05,0.0002803001
0.8,-3.8,0.001747718,-3.3899807e-05,0.00027472273
0.9,-3.9,0.0017447635,-2.2543903e-05,0.00026857798
1.0,-4.0,0.001740732,-1.2100916e-05,0.00026191972
1.1,-4.1,0.0017317346,-2.7731317e-06,0.00025478465
1.2,-4.2,0.0017114362,5.1258953e-06,0.0002471956
1.3,-4.3,0.001670701,1.12107155e-05,0.00023913612
1.4,-4.4,0.0015979264,1.5051848e-05,0.00023061284
1.5,-4.5,0.0014803973,1.6304368e-05,0.00022160842
1.6,-4.6,0.0013065827,1.4906395e-05,0.0002121157
1.7,-4.7,0.0010691367,1.1367642e-05,0.00020223892
1.8,-4.8,0.00076736434,6.8217755e-06,0.0001920517
1.9,-4.9,0.00040755834,2.593023e-06,0.00018188692
1.9,-5.0,0.0,0.0,0.00018187136
-0.30856302,-2.673783,0.0019087368,-0.00022653125,0.00027546196
-0.20406526,-2.7237287,0.0019036498,-0.00020840127,0.00027112782
-0.108804226,-2.8178244,0.0018819764,-0.00018714744,0.0002774792
-0.40214562,-2.7914488,0.0018536339,-0.00022095413,0.00032041216
-0.0044072485,-2.9110498,0.0018631743,-0.00016654743,0.00028012722
-0.4999918,-2.8975027,0.0018037714,-0.00021579076,0.00036237066
0.098513,-3.0055597,0.0018450662,-0.00014741355,0.0002817157
-0.6,-3.0,0.0017566918,-0.00020971011,0.00040327277
-0.6,-3.1,0.0017283238,-0.00019423821,0.00042151133
0.20001708,-3.1011534,0.0018280685,-0.00012952101,0.0002822623
0.3,-3.2,0.0018117514,-0.00011260167,0.00028222107
0.4,-3.3,0.0017970962,-9.661055e-05,0.0002811183
0.5,-3.4,0.0017844952,-8.161529e-05,0.00027892893
0.6,-3.5,0.001774033,-6.75083e-05,0.00027580475
0.7,-3.6,0.0017657666,-5.4232954e-05,0.0002718531
0.8,-3.7,0.001759657,-4.17346e-05,0.0002671772
0.9,-3.8,0.0017553861,-2.9996465e-05,0.00026186122
1.0,-3.9,0.0017520076,-1.9050447e-05,0.00025597704
1.1,-4.0,0.0017473883,-9.0082e-06,0.00024957975
1.2,-4.1,0.001737543,-7.7833924e-08,0.00024270458
1.3,-4.2,0.0017160384,7.4152363e-06,0.00023537155
1.4,-4.3,0.0016736637,1.3075831e-05,0.00022758187
1.5,-4.4,0.0015988596,1.648795e-05,0.00021932341
1.6,-4.5,0.0014790811,1.730586e-05,0.00021058774
1.7,-4.6,0.0013031667,1.553373e-05,0.00020139624
1.8,-4.7,0.0010643207,1.1690664e-05,0.00019182479
1.9,-4.8,0.00076242135,6.9420776e-06,0.00018195638
2.0,-4.9,0.00040417985,2.6205703e-06,0.00017212235
2.0,-5.0,0.0,0.0,0.00017210018
-0.40950724,-2.6762028,0.0018941625,-0.0002379128,0.0002932314
-0.11434937,-2.7259426,0.0019134228,-0.00019829696,0.000258079
-0.21284011,-2.6279182,0.0019377243,-0.00022092437,0.00024918676
-0.008950862,-2.8180404,0.0018932167,-0.00017722805,0.00026256617
-0.5007874,-2.7937746,0.0018385948,-0.00023132804,0.00033931347
0.09633812,-2.9100425,0.0018743179,-0.00015759486,0.00026519515
-0.6,-2.9,0.0017876166,-0.00022534964,0.00038298627
0.19922149,-3.0036135,0.0018559599,-0.00013933211,0.0002669528
0.3,-3.1,0.0018381592,-0.00012214523,0.00026800323
0.4,-3.2,0.0018211064,-0.00010577035,0.00026836837
0.5,-3.3,0.0018060638,-9.039196e-05,0.00026749418
0.6,-3.4,0.0017931081,-7.595273e-05,0.00026554122
0.7,-3.5,0.0017823203,-6.236045e-05,0.00026265404
0.8,-3.6,0.0017737496,-4.956197e-05,0.00025894254
0.9,-3.7,0.0017673399,-3.7509795e-05,0.00025450875
1.0,-3.8,0.0017627396,-2.619287e-05,0.0002494369
1.1,-3.9,0.0017589449,-1.5650621e-05,0.00024379842
1.2,-4.0,0.0017537383,-6.003978e-06,0.00023764906
1.3,-4.1,0.001743037,2.5314487e-06,0.00023102321
1.4,-4.2,0.0017203072,9.623562e-06,0.00022393686
1.5,-4.3,0.0016762777,1.4867667e-05,0.00021640878
1.6,-4.4,0.0015994321,1.785209e-05,0.00020840972
1.7,-4.5,0.0014774118,1.824981e-05,0.00019994665
1.8,-4.6,0.0012994531,1.611522e-05,0.00019103516
1.9,-4.7,0.0010592836,1.1986755e-05,0.00018176684
2.0,-4.8,0.0007573556,7.046588e-06,0.00017220998
2.1,-4.9,0.00040076234,2.6423825e-06,0.00016269939
2.1,-5.0,0.0,0.0,0.0001626709
-0.42113653,-2.5610228,0.0019364087,-0.00025561132,0.0002632125
-0.32405418,-2.553748,0.0019522413,-0.00024396082,0.0002456372
-0.50504696,-2.6872,0.0018762858,-0.0002478319,0.00031340233
-0.015499415,-2.7255192,0.0019245584,-0.0001879008,0.00024384433
-0.11841182,-2.6327324,0.0019469731,-0.00020923102,0.00023667332
-0.22716604,-2.5418587,0.0019687475,-0.00023311524,0.00022812869
0.09213457,-2.816179,0.0019045994,-0.00016769372,0.00024788707
-0.6,-2.8,0.0018210656,-0.00024129167,0.00036026535
0.19708009,-2.9082482,0.0018850791,-0.00014894754,0.00025090488
0.29950753,-3.0031264,0.0018658168,-0.00013134493,0.00025317134
0.4,-3.1,0.0018474321,-0.00011484131,0.0002545361
0.5,-3.2,0.0018300026,-9.911104e-05,0.00025508727
0.6,-3.3,0.0018146116,-8.4328065e-05,0.00025440592
0.7,-3.4,0.0018013333,-7.0431e-05,0.00025265984
0.8,-3.5,0.0017902476,-5.7341822e-05,0.0002499849
0.9,-3.6,0.0017813959,-4.5010158e-05,0.0002464923
1.0,-3.7,0.0017747048,-3.339533e-05,0.00024228243
1.1,-3.8,0.0017697884,-2.2492128e-05,0.00023743919
1.2,-3.9,0.0017655836,-1.2347095e-05,0.00023203283
1.3,-4.0,0.0017597892,-3.0900956e-06,0.00022611915
1.4,-4.1,0.001748221,5.0530607e-06,0.00021973441
1.5,-4.2,0.0017242468,1.1749757e-05,0.00021289072
1.6,-4.3,0.001678548,1.658593e-05,0.00020561017
1.7,-4.4,0.0015996501,1.9146286e-05,0.00019786746
1.8,-4.5,0.0014754056,1.9136967e-05,0.00018967119
1.9,-4.6,0.0012954508,1.6651498e-05,0.0001810227
2.0,-4.7,0.0010540399,1.2253286e-05,0.0001720583
2.1,-4.8,0.0007521797,7.1358527e-06,0.00016280513
2.2,-4.9,0.00039731298,2.658414e-06,0.00015360974
2.2,-5.0,0.0,0.0,0.0001535754
-0.5196054,-2.5685275,0.0019193061,-0.0002674333,0.00028251033
-0.32720995,-2.4477916,0.0019940243,-0.0002575281,0.0002146791
-0.42480525,-2.4528463,0.001979382,-0.00027081295,0.00023068927
-0.6,-2.7,0.0018568827,-0.00025725804,0.0003350304
0.08593004,-2.722551,0.0019361916,-0.00017783308,0.0002294931
-0.022667855,-2.6335874,0.0019570254,-0.0001984309,0.0002238579
-0.12506922,-2.538221,0.0019818447,-0.0002207357,0.00021327031
-0.22866502,-2.4430206,0.0020075818,-0.00024449395,0.00019983017
0.19346774,-2.813314,0.0019156613,-0.00015850856,0.00023382841
0.29779443,-2.9063222,0.0018953031,-0.00014054326,0.00023730035
0.3999622,-3.0015297,0.0018754954,-0.0001236701,0.00023983007
0.5,-3.1,0.0018562303,-0.00010773131,0.00024165372
0.6,-3.2,0.0018384666,-9.2628885e-05,0.00024234597
0.7,-3.3,0.0018227597,-7.842326e-05,0.0002418305
0.8,-3.4,0.0018091882,-6.5054846e-05,0.00024026546
0.9,-3.5,0.0017978298,-5.245633e-05,0.00023778113
1.0,-3.6,0.0017887184,-4.0580853e-05,0.00023448851
1.1,-3.7,0.0017817629,-2.9393974e-05,0.00023048624
1.2,-3.8,0.001776542,-1.8896475e-05,0.00022585745
1.3,-3.9,0.001771932,-9.141857e-06,0.00022067102
1.4,-4.0,0.0017655472,-2.6774543e-07,0.00021498196
1.5,-4.1,0.0017531007,7.488282e-06,0.00020883026
1.6,-4.2,0.0017278654,1.3794211e-05,0.0002022211
1.7,-4.3,0.0016804796,1.822764e-05,0.00019517966
1.8,-4.4,0.0015995217,2.0374526e-05,0.00018769028
1.9,-4.5,0.0014730755,1.997137e-05,0.00017974961
2.0,-4.6,0.0012911686,1.7144397e-05,0.00017136395
2.1,-4.7,0.0010486066,1.2486049e-05,0.00016268935
2.2,-4.8,0.0007469071,7.2107964e-06,0.00015373323
2.3,-4.9,0.00039383845,2.6692837e-06,0.00014484498
-0.5194245,-2.449085,0.0019678855,-0.00028512665,0.0002446868
-0.6148571,-2.6181939,0.0018849224,-0.00027221668,0.0003154712
-0.32793537,-2.3450744,0.002035182,-0.0002696452,0.00018179546
-0.42543572,-2.3468845,0.0020229525,-0.00028446145,0.00019547815
0.18697773,-2.7203434,0.0019468627,-0.00016801836,0.00021616455
0.07979095,-2.628843,0.001969208,-0.00018781066,0.00020959802
-0.02462968,-2.5356774,0.0019934073,-0.0002088994,0.00019990833
-0.12814845,-2.440481,0.00201943,-0.00023144382,0.0001865606
-0.2285185,-2.3428633,0.0020464964,-0.00025507258,0.00016889657
0.2947904,-2.8107536,0.0019260212,-0.00014956889,0.00022055604
0.39842594,-2.9050229,0.0019047821,-0.00013232221,0.00022447118
0.50001085,-3.0013814,0.0018842163,-0.00011611923,0.00022735796
0.6,-3.1,0.001864583,-0.00010082125,0.00022931401
0.7,-3.2,0.0018465202,-8.632754e-05,0.00023012019
0.8,-3.3,0.0018305273,-7.268145e-05,0.00022974689
0.9,-3.4,0.0018166895,-5.9827496e-05,0.00022833982
1.0,-3.5,0.0018050813,-4.7706704e-05,0.00022602694
1.1,-3.6,0.0017957299,-3.627635e-05,0.0002229176
1.2,-3.7,0.0017885253,-2.5507667e-05,0.00021910836
1.3,-3.8,0.0017830099,-1.5407406e-05,0.00021468113
1.4,-3.9,0.0017779977,-6.036173e-06,0.00020970356
1.5,-4.0,0.0017710188,2.4622173e-06,0.00020422923
1.6,-4.1,0.0017576827,9.837553e-06,0.0001983
1.7,-4.2,0.0017311701,1.5756912e-05,0.00019191664
1.8,-4.3,0.0016820801,1.978984e-05,0.00018510957
1.9,-4.4,0.001599062,2.1547927e-05,0.00017786774
2.0,-4.5,0.0014704346,2.0746083e-05,0.00017016745
2.1,-4.6,0.0012866276,1.7594875e-05,0.0001620539
2.2,-4.7,0.0010429999,1.2688533e-05,0.00015364922
2.3,-4.8,0.0007415499,7.272277e-06,0.00014498536
-0.61339223,-2.4378622,0.0019583558,-0.00030083518,0.00025747358
-0.61679333,-2.5223274,0.0019223838,-0.00028792096,0.00028652072
-0.52379787,-2.344148,0.002011156,-0.00030056108,0.00020886573
-0.7073974,-2.610746,0.001872297,-0.00028619604,0.00033215157
-0.7030617,-2.7048533,0.0018378791,-0.0002688647,0.0003577572
-0.32772937,-2.243735,0.0020712398,-0.00027948432,0.0001463586
-0.4260473,-2.245146,0.0020620092,-0.00029617193,0.00015832722
0.28889823,-2.7165782,0.0019575262,-0.00015856473,0.00020316316
0.1814289,-2.6262856,0.001979852,-0.0001773538,0.00019673923
0.07529437,-2.5343285,0.0020037505,-0.00019743161,0.00018762176
-0.027937066,-2.4392312,0.0020297668,-0.00021866702,0.00017464867
-0.12861341,-2.341697,0.0020561556,-0.00024084284,0.00015733985
-0.22861548,-2.2417107,0.0020789402,-0.00026335387,0.0001352819
0.39562967,-2.8095114,0.0019353381,-0.00014082878,0.00020825076
0.49922073,-2.9031272,0.0019139469,-0.000124383,0.00021212231
0.6,-3.0,0.001892836,-0.000108896005,0.0002152551
0.7,-3.1,0.0018725197,-9.411682e-05,0.00021748758
0.8,-3.2,0.0018541839,-8.0210484e-05,0.0002183883
0.9,-3.3,0.0018379329,-6.710505e-05,0.00021813407
1.0,-3.4,0.0018238529,-5.4750795e-05,0.00021686539
1.1,-3.5,0.001812016,-4.3094657e-05,0.00021470722
1.2,-3.6,0.001802442,-3.2098083e-05,0.00021176647
1.3,-3.7,0.0017950021,-2.1737633e-05,0.00020813722
1.4,-3.8,0.0017892006,-1.2025821e-05,0.0002038998
1.5,-3.9,0.0017837888,-3.0305512e-06,0.00019912094
1.6,-4.0,0.0017762104,5.098982e-06,0.00019385183
1.7,-4.1,0.0017619736,1.21002695e-05,0.00018813279
1.8,-4.2,0.0017341659,1.7635823e-05,0.00018196905
1.9,-4.3,0.0016833596,2.1277847e-05,0.0001753848
2.0,-4.4,0.0015982869,2.2652412e-05,0.00016837426
2.1,-4.5,0.0014674948,2.1460337e-05,0.00016091576
2.2,-4.6,0.0012818482,1.8003391e-05,0.00015306959
2.3,-4.7,0.0010372332,1.2865148e-05,0.00014493045
-0.6987139,-2.5292056,0.0019060216,-0.00029899972,0.00030506006
-0.7009731,-2.4326081,0.0019460641,-0.0003154585,0.00027256657
-0.62280095,-2.3406394,0.0019982196,-0.00031759226,0.0002233903
-0.5248013,-2.2453535,0.0020511805,-0.00031364014,0.00017104296
-0.79991627,-2.6018887,0.0018590767,-0.0002998884,0.00034976422
-0.8011907,-2.7030253,0.0018209153,-0.0002810652,0.00037927562
-0.42673162,-2.1447704,0.0020891528,-0.00030356794,0.0001186735
-0.32792675,-2.143035,0.0020930325,-0.00028481713,0.00010867506
0.2828654,-2.6241357,0.001989639,-0.0001672289,0.00018480181
0.3914271,-2.71492,0.0019669258,-0.0001491817,0.0001911824
0.17637336,-2.532249,0.0020137348,-0.00018631155,0.00017576212
0.072479196,-2.4385152,0.0020390213,-0.00020628318,0.0001635566
-0.028613176,-2.3416967,0.0020641463,-0.00022700337,0.00014700135
-0.12861364,-2.241697,0.0020846245,-0.00024761478,0.00012575863
-0.22861731,-2.1417243,0.0020951328,-0.00026687962,9.998924e-05
0.49680114,-2.8073416,0.0019444571,-0.00013240735,0.00019634895
0.59985614,-2.9013114,0.0019226146,-0.00011669456,0.00020035835
0.7,-3.0,0.0019006253,-0.000101778765,0.0002038782
0.8,-3.1,0.0018800563,-8.761702e-05,0.00020615282
0.9,-3.2,0.0018614779,-7.42775e-05,0.00020712623
1.0,-3.3,0.0018449937,-6.169517e-05,0.00020697224
1.1,-3.4,0.0018306932,-4.9825612e-05,0.00020582571
1.2,-3.5,0.0018186469,-3.8621016e-05,0.00020380763
1.3,-3.6,0.0018088665,-2.804675e-05,0.00020102243
1.4,-3.7,0.0018012034,-1.8084475e-05,0.00019756153
1.5,-3.8,0.0017951229,-8.752143e-06,0.00019350325
1.6,-3.9,0.0017893128,-1.2502193e-07,0.00018891349
1.7,-4.0,0.0017811285,7.6416245e-06,0.00018384024
1.8,-4.1,0.0017659779,1.4275544e-05,0.00017831988
1.9,-4.2,0.0017368579,1.9431289e-05,0.00017237022
2.0,-4.3,0.0016843246,2.2693224e-05,0.00016599675
2.1,-4.4,0.0015971974,2.367322e-05,0.00015920195
2.2,-4.5,0.0014642661,2.2124637e-05,0.00015199363
2.3,-4.6,0.001276842,1.8371407e-05,0.00014440097
-0.7217141,-2.3479197,0.0019789024,-0.00033344788,0.00024406429
-0.7931558,-2.488925,0.0019060508,-0.00031988363,0.0003112383
-0.62323403,-2.2471623,0.0020377305,-0.00033132805,0.0001857799
-0.5259421,-2.1467338,0.0020830024,-0.00032321818,0.0001300414
-0.42719468,-2.046339,0.002094361,-0.00030441248,7.779067e-05
-0.3276732,-2.0442128,0.0020901095,-0.00028365757,7.06362e-05
0.3854258,-2.62147,0.0019990918,-0.00015738318,0.00017329091
0.27815664,-2.529992,0.0020230885,-0.000175522,0.00016457289
0.49346116,-2.7117994,0.0019762395,-0.00014028004,0.00017958629
0.17329742,-2.4371157,0.0020476673,-0.00019439685,0.00015291922
0.07138685,-2.3416967,0.0020710009,-0.00021367935,0.00013739365
-0.028613176,-2.2416966,0.0020889237,-0.00023252428,0.00011686018
-0.1286141,-2.1416974,0.0020956972,-0.00024974186,9.25851e-05
-0.22862053,-2.0417514,0.0020834422,-0.00026409837,6.423787e-05
0.5978592,-2.8052487,0.0019530747,-0.00012426099,0.00018503386
0.6999002,-2.901223,0.0019302525,-0.00010916983,0.00018946282
0.8,-3.0,0.0019080018,-9.488683e-05,0.00019299354
0.9,-3.1,0.0018872176,-8.132109e-05,0.00019528282
1.0,-3.2,0.0018684205,-6.852781e-05,0.00019631324
1.1,-3.3,0.0018517257,-5.6451896e-05,0.00019624356
1.2,-3.4,0.0018372247,-4.5052046e-05,0.00019520514
1.3,-3.5,0.0018249863,-3.4285902e-05,0.00019331445
1.4,-3.6,0.001815014,-2.4122437e-05,0.00019067327
1.5,-3.7,0.0018071387,-1.4548269e-05,0.00018737026
1.6,-3.8,0.0018007852,-5.586394e-06,0.00018348136
1.7,-3.9,0.0017945772,2.680518e-06,0.00017907146
1.8,-4.0,0.0017857787,1.0089253e-05,0.00017418581
1.9,-4.1,0.0017696988,1.6362826e-05,0.00016885718
2.0,-4.2,0.0017392515,2.1146232e-05,0.00016311342
2.1,-4.3,0.001684978,2.4029723e-05,0.00015694511
2.2,-4.4,0.0015957942,2.4624303e-05,0.00015036477
2.3,-4.5,0.0014607614,2.2738584e-05,0.00014339245
-0.8045019,-2.3759685,0.0019521168,-0.0003426,0.00027172535
-0.723412,-2.2502906,0.00202126,-0.00034950284,0.00020352667
-0.62427634,-2.1498303,0.0020738516,-0.0003432,0.00014328424
-0.5264931,-2.0493083,0.002096069,-0.0003263611,8.648511e-05
-0.32755956,-1.9454724,0.0020387354,-0.0002722405,3.3401328e-05
-0.42736903,-1.9479725,0.0020586243,-0.0002955921,3.7144688e-05
0.38001123,-2.5274134,0.0020318637,-0.00016513726,0.00015394548
0.48836583,-2.6181211,0.002008238,-0.00014789288,0.0001621926
0.27375188,-2.4356205,0.0020554776,-0.0001830095,0.00014296359
0.59479016,-2.7100055,0.0019845364,-0.00013164007,0.00016888443
0.17133574,-2.3405485,0.002077156,-0.00020097861,0.00012810485
0.07138688,-2.2416966,0.0020921724,-0.00021811921,0.000108719956
-0.028613176,-2.1416967,0.0020948993,-0.0002335538,8.571185e-05
-0.12861504,-2.041698,0.0020754142,-0.00024558365,5.927085e-05
-0.22809003,-1.9428035,0.0020157176,-0.00025028532,3.0045669e-05
0.69880164,-2.8035917,0.0019610743,-0.00011636769,0.00017433283
0.8,-2.9,0.0019378272,-0.0001019731,0.00017887968
0.9,-3.0,0.0019150033,-8.822005e-05,0.0001825652
1.0,-3.1,0.0018940223,-7.5228156e-05,0.0001848562
1.1,-3.2,0.0018750291,-6.2960564e-05,0.0001859303
1.2,-3.3,0.0018581441,-5.137433e-05,0.00018593138
1.3,-3.4,0.0018434605,-4.0429517e-05,0.00018498894
1.4,-3.5,0.001831046,-3.0088831e-05,0.00018321461
1.5,-3.6,0.0018208951,-2.0324742e-05,0.00018070718
1.6,-3.7,0.001812817,-1.1128652e-05,0.00017755263
1.7,-3.8,0.0018061956,-2.5282845e-06,0.00017382429
1.8,-3.9,0.0017995884,5.3863464e-06,0.00016958547
1.9,-4.0,0.0017901664,1.2442517e-05,0.00016488075
2.0,-4.1,0.0017731416,1.836275e-05,0.00015973904
2.1,-4.2,0.0017413526,2.27819e-05,0.0001541904
2.2,-4.3,0.0016853255,2.528862e-05,0.000148224
2.3,-4.4,0.0015940896,2.5512443e-05,0.00014185636
-0.81046385,-2.2703035,0.001997561,-0.00036274307,0.00022858176
-0.71972704,-2.1567388,0.0020604022,-0.00036250235,0.00015990935
-0.62622386,-2.0526423,0.002094706,-0.0003495986,9.7070726e-05
-0.5275484,-1.9519224,0.0020755657,-0.00032061702,4.2364278e-05
-0.42717516,-1.851249,0.0019438338,-0.00027034926,-2.869498e-07
-0.32715166,-1.8470249,0.0018983037,-0.00024398092,-1.0444514e-06
0.48219335,-2.5245075,0.0020401205,-0.00015511205,0.00014377052
0.375464,-2.433322,0.0020628243,-0.00017196103,0.0001332804
0.5906024,-2.6149204,0.0020167062,-0.0001387849,0.00015177425
0.2720614,-2.338694,0.0020825558,-0.00018873932,0.00011916825
0.6966877,-2.706674,0.001992906,-0.0001233479,0.00015838392
0.17138745,-2.2416954,0.0020945559,-0.00020441189,0.00010121816
0.07138695,-2.1416965,0.0020930131,-0.00021824194,7.94888e-05
-0.028613176,-2.0416968,0.002065769,-0.00022813257,5.4731197e-05
-0.1286169,-1.9416993,0.0019921365,-0.00023002815,2.7390453e-05
-0.22777897,-1.8442708,0.0018543227,-0.00022048785,-1.1259384e-06
0.79970485,-2.8013883,0.0019688278,-0.00010877943,0.00016403338
0.9,-2.9,0.0019446425,-9.493993e-05,0.00016893665
1.0,-3.0,0.0019216434,-8.1775135e-05,0.000172572
1.1,-3.1,0.0019004886,-6.933484e-05,0.00017485394
1.2,-3.2,0.0018813198,-5.7574194e-05,0.000175959
1.3,-3.3,0.0018642626,-4.6460933e-05,0.00017602005
1.4,-3.4,0.0018494133,-3.595686e-05,0.00017516318
1.5,-3.5,0.001836837,-2.6028858e-05,0.00017349565
1.6,-3.6,0.0018265196,-1.6652855e-05,0.00017111289
1.7,-3.7,0.0018182471,-7.824887e-06,0.00016809822
1.8,-3.8,0.0018113618,4.227214e-07,0.00016452244
1.9,-3.9,0.0018043526,7.993029e-06,0.00016044658
2.0,-4.0,0.0017942975,1.47033825e-05,0.00015591612
2.1,-4.1,0.0017763134,2.0276504e-05,0.00015095403
2.2,-4.2,0.0017431664,2.4338082e-05,0.00014559203
2.3,-4.3,0.0016853742,2.6473708e-05,0.00013982467
-0.81181645,-2.1702929,0.002041205,-0.00038020292,0.00018172171
-0.7248163,-2.0598488,0.0020890501,-0.00037330762,0.000111900736
-0.6283352,-1.9563255,0.002088036,-0.00034726888,4.9202405e-05
-0.527874,-1.8556705,0.0019863353,-0.00029913435,8.816608e-07
-0.42653716,-1.7543077,0.0017145268,-0.00022523756,-3.282583e-05
-0.32686514,-1.7491325,0.0016442836,-0.0001988725,-2.9637353e-05
0.5838533,-2.52132,0.00204777,-0.00014550505,0.00013412246
0.4769413,-2.4306624,0.0020694428,-0.0001613526,0.00012403673
0.37328455,-2.3366466,0.002087061,-0.00017691814,0.00011062873
0.6926831,-2.6118977,0.002024553,-0.00012999987,0.0001419373
0.27139017,-2.2416904,0.0020961165,-0.00019133139,9.4165865e-05
0.79764545,-2.7052,0.002000145,-0.0001152912,0.00014877606
0.17138802,-2.1416943,0.0020901202,-0.00020368228,7.369408e-05
0.07138707,-2.041696,0.0020547493,-0.00021162447,5.051467e-05
-0.028613176,-1.9416968,0.0019685188,-0.00021127307,2.5161553e-05
-0.12795174,-1.8429835,0.001813194,-0.00019957792,-9.282124e-07
-0.22724506,-1.7462285,0.0015836715,-0.00017690336,-2.627293e-05
0.8998648,-2.8012338,0.0019754714,-0.00010136915,0.00015458086
1.0,-2.9,0.0019510866,-8.814815e-05,0.00015942233
1.1,-3.0,0.0019279442,-7.554923e-05,0.00016299232
1.2,-3.1,0.0019066335,-6.363737e-05,0.00016525727
1.3,-3.2,0.0018873074,-5.2366293e-05,0.00016638276
1.4,-3.3,0.0018700948,-4.170975e-05,0.00016649492
1.5,-3.4,0.0018550947,-3.1632444e-05,0.00016571478
1.6,-3.5,0.00184237,-2.2104654e-05,0.00016414566
1.7,-3.6,0.0018318968,-1.3105661e-05,0.00016187945
1.8,-3.7,0.0018234376,-4.6359246e-06,0.00015899683
1.9,-3.8,0.001816291,3.2674216e-06,0.0001555663
2.0,-3.9,0.0018088759,1.05013205e-05,0.00015164581
2.1,-4.0,0.0017981784,1.6873208e-05,0.0001472815
2.2,-4.1,0.0017792204,2.2104916e-05,0.00014249151
2.3,-4.2,0.0017446984,2.5812355e-05,0.00013731144
-0.82210803,-2.0703244,0.002077394,-0.00039654292,0.00013115196
-0.73021394,-1.9626694,0.002095599,-0.000375846,5.967571e-05
-0.62948215,-1.861662,0.002025594,-0.00033074096,3.2704218e-06
-0.5268753,-1.7601091,0.0017875297,-0.000255817,-3.6049452e-05
-0.42548558,-1.6582602,0.0013767143,-0.00016793252,-5.661232e-05
-0.32611954,-1.6524085,0.0012946498,-0.00014589648,-4.962539e-05
0.68772644,-2.5175178,0.0020550757,-0.00013607244,0.00012467334
0.57878804,-2.4277985,0.0020753043,-0.00015107705,0.00011521311
0.47415197,-2.3347366,0.0020906818,-0.00016557297,0.00010254817
0.37151563,-2.2398033,0.0020969124,-0.00017882111,8.69966e-05
0.79456806,-2.6095397,0.002031652,-0.00012149823,0.00013271572
0.27139288,-2.1416855,0.0020862564,-0.00018980955,6.811526e-05
0.8987375,-2.7035532,0.0020070188,-0.000107526495,0.00013957502
0.17138909,-2.0416923,0.0020425816,-0.00019598192,4.647453e-05
0.071387306,-1.9416956,0.0019444143,-0.00019381034,2.3022947e-05
-0.028613176,-1.8416967,0.0017730156,-0.00018077534,-9.047478e-07
-0.12760945,-1.743816,0.0015279349,-0.00015784732,-2.3360884e-05
-0.22656526,-1.6487877,0.0012284846,-0.00012862284,-4.342892e-05
1.0,-2.8,0.0019820768,-9.428943e-05,0.00014539524
1.1,-2.9,0.0019571928,-8.159104e-05,0.00015030777
1.2,-3.0,0.0019339224,-6.953789e-05,0.00015380603
1.3,-3.1,0.0019124728,-5.81323e-05,0.00015604876
1.4,-3.2,0.0018930058,-4.733385e-05,0.00015718654
1.5,-3.3,0.0018756529,-3.7118476e-05,0.00015734232
1.6,-3.4,0.0018605158,-2.745431e-05,0.0001566314
1.7,-3.5,0.0018476549,-1.831459e-05,0.00015515332
1.8,-3.6,0.0018370358,-9.681799e-06,0.00015299642
1.9,-3.7,0.0018283965,-1.5605068e-06,0.00015023859
2.0,-3.8,0.0018209902,6.006887e-06,0.00014694633
2.1,-3.9,0.0018131648,1.2911969e-05,0.00014317385
2.2,-4.0,0.0018018153,1.8952727e-05,0.00013896653
2.3,-4.1,0.0017818678,2.3847071e-05,0.00013434268
-0.83416104,-1.9740038,0.002096115,-0.00040634687,7.724877e-05
-0.73290235,-1.8691274,0.002058302,-0.00036506655,8.391005e-06
-0.62871933,-1.7676648,0.0018634937,-0.0002916587,-3.8558937e-05
-0.52535653,-1.6660856,0.0014736529,-0.00019592863,-6.422791e-05
-0.32530266,-1.5561839,0.00090381387,-9.8200064e-05,-6.146845e-05
-0.42412657,-1.5634229,0.0009817238,-0.000112587746,-7.087628e-05
0.6810658,-2.424666,0.0020804608,-0.00014114479,0.00010680942
0.79066944,-2.5143397,0.00206148,-0.00012702608,0.000115882256
0.57544935,-2.332338,0.0020935957,-0.00015463399,9.4747185e-05
0.4722872,-2.2377982,0.002096851,-0.00016681035,8.011355e-05
0.3714082,-2.1416602,0.0020815374,-0.00017659986,6.2795334e-05
0.896654,-2.6067512,0.0020384113,-0.00011330376,0.00012385333
0.27139777,-2.0416768,0.0020295195,-0.00018119453,4.2545384e-05
0.9992492,-2.702211,0.002013362,-0.00010006608,0.0001308869
0.1713911,-1.9416882,0.0019202485,-0.00017758913,2.0913012e-05
0.07138778,-1.8416945,0.0017373812,-0.00016411493,-7.298738e-07
-0.028613176,-1.7416967,0.0014773344,-0.00014136126,-2.0954814e-05
-0.12745976,-1.6447076,0.0011675364,-0.00011397052,-3.8444316e-05
-0.22579788,-1.5512803,0.0008453211,-8.772415e-05,-5.347833e-05
1.1,-2.8,0.0019879383,-8.739507e-05,0.00013678876
1.2,-2.9,0.0019629726,-7.5261116e-05,0.0001415737
1.3,-3.0,0.0019395931,-6.37349e-05,0.00014499764
1.4,-3.1,0.001918021,-5.28161e-05,0.0001472123
1.5,-3.2,0.0018984277,-4.247356e-05,0.0001483564
1.6,-3.3,0.0018809485,-3.26845e-05,0.00014854941
1.7,-3.4,0.0018656872,-2.342024e-05,0.00014790132
1.8,-3.5,0.0018527013,-1.4656802e-05,0.00014650777
1.9,-3.6,0.001841945,-6.3797133e-06,0.00014445363
2.0,-3.7,0.0018331313,1.4027223e-06,0.0001418139
2.1,-3.8,0.0018254663,8.642313e-06,0.00013865302
2.2,-3.9,0.0018172251,1.5225586e-05,0.00013502133
2.3,-4.0,0.0018052133,2.09423e-05,0.0001309614
-0.8383542,-1.8794764,0.0020818883,-0.0004021584,1.9283169e-05
-0.7318474,-1.7749416,0.001932986,-0.00033142473,-3.998106e-05
-0.6261085,-1.6728505,0.0015721178,-0.0002289004,-7.311427e-05
-0.5227005,-1.5708675,0.0010722291,-0.0001312268,-8.2144885e-05
-0.4226056,-1.4683111,0.00059769896,-7.198135e-05,-7.775028e-05
-0.32388213,-1.4611331,0.00054485205,-6.6543136e-05,-6.705094e-05
0.78381056,-2.42078,0.0020850613,-0.00013159886,9.865875e-05
0.6769264,-2.3300781,0.0020958378,-0.00014414755,8.752491e-05
0.8924136,-2.5120308,0.002066999,-0.000118387514,0.00010779135
0.572784,-2.2367232,0.002096039,-0.000155425,7.383795e-05
0.47130126,-2.1403744,0.0020755965,-0.00016400272,5.7473382e-05
0.3714235,-2.041635,0.0020158223,-0.00016725528,3.8749626e-05
0.997562,-2.60533,0.0020442153,-0.00010542242,0.00011572736
0.27140644,-1.9416615,0.0018963248,-0.00016255275,1.8817342e-05
1.099874,-2.7012815,0.0020191993,-9.284154e-05,0.00012262825
0.17139491,-1.8416806,0.001703623,-0.0001490108,-8.037088e-07
0.07138875,-1.7416922,0.0014374887,-0.00012753336,-1.8726016e-05
-0.027995048,-1.6426989,0.0011208075,-0.000102349106,-3.4142213e-05
-0.12663633,-1.54702,0.00079768896,-7.948916e-05,-4.700088e-05
-0.22540522,-1.4542232,0.000502628,-6.2665786e-05,-5.8354264e-05
1.2,-2.8,0.0019934657,-8.07469e-05,0.00012854749
1.3,-2.9,0.0019684434,-6.9154776e-05,0.00013320526
1.4,-3.0,0.001944971,-5.8134516e-05,0.0001365521
1.5,-3.1,0.0019232915,-4.7684847e-05,0.00013873333
1.6,-3.2,0.0019035855,-3.778195e-05,0.00013987924
1.7,-3.3,0.0018859927,-2.8404975e-05,0.00014010424
1.8,-3.4,0.0018706187,-1.9527843e-05,0.00013951348
1.9,-3.5,0.0018575179,-1.1129265e-05,0.00013819865
2.0,-3.6,0.0018466326,-3.1976888e-06,0.0001362413
2.1,-3.7,0.0018376493,4.255134e-06,0.00013371337
2.2,-3.8,0.0018297257,1.1174888e-05,0.00013067704
2.3,-3.9,0.0018210628,1.7442431e-05,0.0001271795
-0.8367036,-1.7824373,0.001993985,-0.0003753536,-3.9379425e-05
-0.727541,-1.680841,0.0016784272,-0.00026946553,-8.192335e-05
-0.6214869,-1.5788285,0.0011776363,-0.00015586542,-9.557394e-05
-0.5196852,-1.4757969,0.00066312315,-7.974011e-05,-9.086387e-05
-0.4211607,-1.372674,0.0002884101,-5.238967e-05,-8.093534e-05
-0.32340032,-1.365766,0.00026358681,-5.3018386e-05,-6.993071e-05
0.88723725,-2.41795,0.0020887943,-0.0001223313,9.110202e-05
0.77886784,-2.3275425,0.0020975273,-0.00013409229,8.064122e-05
0.67391586,-2.2344012,0.0020944332,-0.00014446441,6.7713874e-05
0.9944308,-2.5095258,0.0020720463,-0.00011005587,0.000100023215
0.57180434,-2.1389813,0.0020686798,-0.00015194443,5.238669e-05
0.47148344,-2.041545,0.002001747,-0.00015413346,3.5118715e-05
0.3714493,-1.9415933,0.0018728751,-0.00014864704,1.6714244e-05
1.0989133,-2.6028337,0.0020499455,-9.783889e-05,0.000107744134
0.27142176,-1.8416348,0.001671831,-0.00013530526,-1.0867227e-06
1.2,-2.7,0.0020247665,-8.5923486e-05,0.00011471143
0.17140202,-1.7416669,0.0014013525,-0.00011526599,-1.7036691e-05
0.07139067,-1.6416878,0.0010832704,-9.271623e-05,-3.059873e-05
-0.027534848,-1.5440134,0.0007614529,-7.297617e-05,-4.1658182e-05
-0.12612616,-1.4495795,0.00047458857,-5.984881e-05,-5.1291685e-05
-0.22470775,-1.3589045,0.00024460995,-5.391619e-05,-6.0986957e-05
1.3,-2.8,0.0019986788,-7.433804e-05,0.00012065694
1.4,-2.9,0.0019736202,-6.326722e-05,0.00012518551
1.5,-3.0,0.0019500698,-5.273156e-05,0.00012845444
1.6,-3.1,0.0019282966,-4.2734187e-05,0.00013059868
1.7,-3.2,0.0019084902,-3.325549e-05,0.00013174285
1.8,-3.3,0.0018907955,-2.4276884e-05,0.00013199558
1.9,-3.4,0.0018753196,-1.5774614e-05,0.00013145737
2.0,-3.5,0.0018621135,-7.729862e-06,0.00013021605
2.1,-3.6,0.0018511064,-1.3392112e-07,0.00012834996
2.2,-3.7,0.0018419576,6.9980915e-06,0.00012592788
2.3,-3.8,0.0018337744,1.3605854e-05,0.00012300942
-0.8303379,-1.688341,0.001784042,-0.00031783874,-9.047137e-05
-0.7205991,-1.5866545,0.0012947858,-0.00018765009,-0.00011148019
-0.61615205,-1.4834427,0.00074378756,-9.146859e-05,-0.00010712245
-0.51734585,-1.3800858,0.00032156945,-5.179287e-05,-9.484307e-05
-0.42186832,-1.2754986,8.0791826e-05,-5.0163817e-05,-8.2476276e-05
-0.3245797,-1.2712667,7.744371e-05,-5.3113134e-05,-7.146199e-05
0.8812743,-2.3241765,0.0020986015,-0.00012438565,7.385077e-05
0.99044704,-2.4143057,0.002091995,-0.0001134257,8.370841e-05
0.7756581,-2.2317686,0.0020920432,-0.00013386366,6.180859e-05
0.672166,-2.137874,0.00206112,-0.0001404818,4.762788e-05
1.0966215,-2.50676,0.0020766284,-0.000102000886,9.251114e-05
0.5716001,-2.0413797,0.0019874221,-0.00014176793,3.1623607e-05
0.47154337,-1.9414546,0.0018500478,-0.00013580351,1.4603317e-05
0.37149212,-1.8415252,0.0016419967,-0.00012284987,-1.5566769e-06
1.1998366,-2.601384,0.0020549279,-9.0504785e-05,0.00010029405
0.2714486,-1.7415887,0.0013686719,-0.00010437378,-1.5789492e-05
1.3,-2.7,0.0020295836,-7.919588e-05,0.00010733619
0.17141531,-1.6416415,0.001053687,-8.456222e-05,-2.7698492e-05
0.07139452,-1.5416788,0.0007328883,-6.757008e-05,-3.7306916e-05
-0.026761968,-1.4456534,0.00045347455,-5.7441935e-05,-4.5650744e-05
-0.12565908,-1.3517672,0.00022941308,-5.4391054e-05,-5.3861986e-05
-0.2244101,-1.2636751,7.24833e-05,-5.6544577e-05,-6.247079e-05
1.4,-2.8,0.002003589,-6.8159876e-05,0.000113100294
1.5,-2.9,0.0019785156,-5.7591053e-05,0.000117499854
1.6,-3.0,0.0019549024,-4.7520884e-05,0.00012069071
1.7,-3.1,0.0019330478,-3.7959668e-05,0.00012279623
1.8,-3.2,0.0019131525,-2.8890518e-05,0.0001239359
1.9,-3.3,0.0018953667,-2.0297133e-05,0.00012421286
2.0,-3.4,0.001879799,-1.2157989e-05,0.00012372303
2.1,-3.5,0.0018664959,-4.456421e-06,0.00012255048
2.2,-3.6,0.0018553738,2.813412e-06,0.000120770455
-0.7120792,-1.4915402,0.0008430801,-0.000109681954,-0.00012675556
-0.6127987,-1.3869145,0.0003631732,-5.1695377e-05,-0.000112430986
-0.51437634,-1.2837689,9.3187824e-05,-4.693861e-05,-9.628103e-05
-0.42052674,-1.1682785,-3.3052278e-05,-5.3106283e-05,-8.201763e-05
-0.3287275,-1.1857518,-1.9724446e-05,-5.7620673e-05,-7.204219e-05
0.9842025,-2.3206215,0.002098987,-0.00011500148,6.726799e-05
0.8770245,-2.2293415,0.0020889577,-0.00012374009,5.610078e-05
1.0925996,-2.4112215,0.002094515,-0.00010491741,7.6764154e-05
0.77336085,-2.1357849,0.0020523022,-0.00012938333,4.28297e-05
0.67181796,-2.0397992,0.001971315,-0.0001299365,2.7968468e-05
1.1975837,-2.5048895,0.0020804408,-9.428747e-05,8.557787e-05
0.5717167,-1.9412148,0.0018279471,-0.00012391468,1.2499496e-05
0.47163746,-1.8413159,0.001614045,-0.000111498994,-2.210892e-06
0.3715625,-1.7414157,0.0013390693,-9.468155e-05,-1.493887e-05
1.2998862,-2.6011956,0.0020591044,-8.345122e-05,9.344727e-05
0.27149516,-1.6415107,0.0010278604,-7.73969e-05,-2.5396523e-05
1.4,-2.7,0.002034079,-7.271549e-05,0.000100282734
0.17143995,-1.5415952,0.00071567565,-6.323427e-05,-3.368516e-05
0.07225787,-1.4425033,0.0004382103,-5.5363722e-05,-4.1037358e-05
-0.026379365,-1.3468329,0.0002214125,-5.465547e-05,-4.809476e-05
-0.12517281,-1.2543561,6.68547e-05,-5.8722013e-05,-5.5305754e-05
-0.22538854,-1.1684114,-2.7057107e-05,-6.336332e-05,-6.310671e-05
1.5,-2.8,0.0020082123,-6.2204505e-05,0.00010586107
1.6,-2.9,0.0019831422,-5.2119158e-05,0.000110135785
1.7,-3.0,0.0019594803,-4.2497453e-05,0.00011324866
1.8,-3.1,0.0019375556,-3.335679e-05,0.000115314826
1.9,-3.2,0.0019175821,-2.468333e-05,0.000116447816
2.0,-3.3,0.0018997153,-1.6462622e-05,0.00011674617
2.1,-3.4,0.0018840649,-8.675365e-06,0.00011630099
2.2,-3.5,0.0018706731,-1.3067653e-06,0.000115192845
-0.70209587,-1.3954153,0.0004228744,-5.6195062e-05,-0.00013280075
-0.60547024,-1.2909673,0.00010626702,-4.0225532e-05,-0.00011378609
-0.5090479,-1.1798749,-2.612785e-05,-4.8412738e-05,-9.4865645e-05
-0.4117291,-1.0336554,-5.9549544e-05,-4.3913158e-05,-7.765433e-05
-0.32574093,-1.08653,-6.816703e-05,-6.0102826e-05,-7.116922e-05
1.0879275,-2.3170135,0.0020987568,-0.00010596828,6.0936978e-05
0.9795342,-2.2263002,0.0020850063,-0.000113944705,5.0464252e-05
0.8747759,-2.1328683,0.002042286,-0.000118746066,3.8020138e-05
1.1944784,-2.4091535,0.0020964278,-9.675073e-05,7.0363974e-05
0.77252114,-2.037987,0.0019547946,-0.00011873759,2.4372925e-05
0.67199606,-1.9408493,0.0018066722,-0.00011288291,1.0386264e-05
1.2989323,-2.5026994,0.002083871,-8.6848246e-05,7.893387e-05
0.5718901,-1.8409749,0.0015878605,-0.00010111781,-3.0456479e-06
0.47178277,-1.7411065,0.0013121848,-8.599585e-05,-1.4469739e-05
0.3716764,-1.6412426,0.0010052051,-7.1020295e-05,-2.360502e-05
1.4,-2.6,0.0020632178,-7.6692646e-05,8.676495e-05
0.27157503,-1.5413798,0.0007012941,-5.9427144e-05,-3.0816493e-05
1.5,-2.7,0.0020382772,-6.647369e-05,9.3521965e-05
0.17148536,-1.4415116,0.0004313641,-5.3593227e-05,-3.720071e-05
0.073034704,-1.3434452,0.00021826252,-5.4851884e-05,-4.3300442e-05
-0.025350017,-1.248324,6.6908106e-05,-6.0153598e-05,-4.936625e-05
-0.12369529,-1.1584911,-2.731274e-05,-6.5941385e-05,-5.5649525e-05
-0.22096556,-1.0763623,-7.1530994e-05,-6.722642e-05,-6.254854e-05
1.6,-2.8,0.0020125601,-5.6465877e-05,9.892832e-05
1.7,-2.9,0.0019875113,-4.6845325e-05,0.00010308191
1.8,-3.0,0.001963814,-3.765619e-05,0.00010611723
1.9,-3.1,0.0019418303,-2.8921117e-05,0.00010814405
2.0,-3.2,0.0019217883,-2.0630274e-05,0.00010926883
2.1,-3.3,0.0019038497,-1.2770266e-05,0.00010958611
2.2,-3.4,0.0018881253,-5.324173e-06,0.0001091822
-0.69466233,-1.2941562,0.000120186836,-3.462476e-05,-0.00013510315
-0.59319293,-1.2032852,-1.4381791e-05,-4.122899e-05,-0.00011060664
-0.50112593,-1.0648013,-5.4534892e-05,-3.73132e-05,-8.9577756e-05
-0.3438679,-0.9271744,-5.320596e-05,-3.7852322e-05,-6.769576e-05
-0.3044551,-0.9991347,-7.513587e-05,-5.7443776e-05,-6.740783e-05
1.0820401,-2.2229924,0.0020803048,-0.00010459004,4.5079603e-05
1.1904669,-2.3138478,0.002097949,-9.743836e-05,5.507208e-05
0.9763055,-2.1304333,0.0020320748,-0.0001086764,3.34949e-05
0.8732719,-2.0363188,0.0019385914,-0.00010825405,2.0932199e-05
1.2965757,-2.4064186,0.0020980106,-8.889409e-05,6.4233405e-05
0.77240026,-1.9403456,0.0017861949,-0.00010261691,8.2122115e-06
0.67227536,-1.8404838,0.0015633526,-9.160651e-05,-4.0342366e-06
1.3997724,-2.5011747,0.0020867474,-7.972321e-05,7.272182e-05
0.5721428,-1.740634,0.0012876947,-7.81429e-05,-1.4328221e-05
0.47200304,-1.6407975,0.0009852462,-6.5298394e-05,-2.2335224e-05
0.3718576,-1.5409746,0.0006891986,-5.6041532e-05,-2.8630438e-05
1.5,-2.6,0.00206668,-7.014494e-05,8.052688e-05
0.27171013,-1.4411645,0.00042811237,-5.212696e-05,-3.4135348e-05
1.6,-2.7,0.0020421848,-6.046187e-05,8.705308e-05
0.17255731,-1.3416444,0.0002195698,-5.489287e-05,-3.9348546e-05
0.074273795,-1.2444401,7.053572e-05,-6.1310784e-05,-4.443792e-05
-0.023785772,-1.1498739,-2.4911238e-05,-6.814531e-05,-4.9814313e-05
-0.12007257,-1.0611126,-7.342459e-05,-7.120328e-05,-5.526342e-05
-0.21044335,-0.9825487,-8.234552e-05,-6.573894e-05,-6.0184684e-05
1.7,-2.8,0.0020166442,-5.0938383e-05,9.229099e-05
1.8,-2.9,0.0019916336,-4.1763316e-05,9.632711e-05
1.9,-3.0,0.0019679135,-3.2991873e-05,9.928636e-05
2.0,-3.1,0.0019458807,-2.4648374e-05,0.000101274294
2.1,-3.2,0.0019257799,-1.6727705e-05,0.00010238978
2.2,-3.3,0.0019077781,-9.2170885e-06,0.00010272382
-0.6782657,-1.177257,-1.9980907e-05,-2.8070443e-05,-0.00012840595
-0.5863818,-1.096561,-4.844704e-05,-2.9949591e-05,-0.00010473082
-0.43552926,-0.89060855,0.0,0.0,-7.5791344e-05
-0.5148653,-0.9517187,0.0,0.0,-8.7141496e-05
-0.35880533,-0.8262494,0.0,0.0,-6.6427405e-05
-0.26027966,-0.9091174,-6.8183115e-05,-5.2044747e-05,-6.116922e-05
-0.2802048,-0.84701616,-4.3275923e-05,-3.2920536e-05,-5.9593855e-05
1.1839948,-2.2200582,0.0020750968,-9.5703756e-05,4.005676e-05
1.0781735,-2.1275783,0.002021098,-9.9049474e-05,2.9099196e-05
1.2927165,-2.3105688,0.0020965827,-8.925649e-05,4.951844e-05
0.97412914,-2.0343804,0.001922219,-9.838403e-05,1.7570355e-05
0.8729378,-1.9382799,0.0017634939,-9.2814254e-05,5.804623e-06
1.3975617,-2.404339,0.0020991939,-8.143604e-05,5.8583693e-05
0.7728045,-1.8398421,0.0015404625,-8.2886545e-05,-5.1715597e-06
0.6726606,-1.7399926,0.0012653617,-7.098776e-05,-1.4447314e-05
1.5,-2.5,0.0020892075,-7.290237e-05,6.6851535e-05
0.5725028,-1.6401615,0.00096760783,-6.0146318e-05,-2.1532034e-05
0.47232968,-1.5403522,0.00067897415,-5.3003314e-05,-2.7027656e-05
0.37214017,-1.4405693,0.00042597638,-5.100767e-05,-3.174474e-05
1.6,-2.6,0.0020698532,-6.384944e-05,7.4560274e-05
0.2719349,-1.3408172,0.00022362072,-5.4953696e-05,-3.6162703e-05
1.7,-2.7,0.00204582,-5.4671928e-05,8.0867e-05
0.17301233,-1.2413003,7.5753305e-05,-6.229618e-05,-4.04401e-05
0.075222224,-1.1443877,-1.9787176e-05,-7.000951e-05,-4.508072e-05
-0.021814153,-1.0504646,-7.155002e-05,-7.4822434e-05,-4.9709102e-05
-0.11674429,-0.960645,-8.6305685e-05,-7.154965e-05,-5.3981672e-05
-0.19035695,-0.87916243,-7.099924e-05,-5.740219e-05,-5.5847457e-05
1.8,-2.8,0.0020204766,-4.5614266e-05,8.5936575e-05
1.9,-2.9,0.001995519,-3.686703e-05,8.986135e-05
2.0,-3.0,0.0019717878,-2.849941e-05,9.2746974e-05
2.1,-3.1,0.0019497157,-2.053443e-05,9.4696676e-05
2.2,-3.2,0.0019295645,-1.2972182e-05,9.580206e-05
-0.5968836,-1.0091788,0.0,0.0,-0.00010456333
-0.28459293,-0.7590097,0.0,0.0,-5.7529596e-05
-0.19325456,-0.7789395,-4.1705043e-05,-3.5723173e-05,-5.2282416e-05
1.2868557,-2.21616,0.002068776,-8.707243e-05,3.504024e-05
1.1794572,-2.1253004,0.0020104076,-9.001443e-05,2.5024374e-05
1.0752966,-2.0319011,0.0019052505,-8.902659e-05,1.4212119e-05
1.3947396,-2.3076088,0.0020948248,-8.1397986e-05,4.4324584e-05
0.973509,-1.9374987,0.0017446745,-8.3937055e-05,3.5887751e-06
0.87347186,-1.8390683,0.001519195,-7.488224e-05,-6.462873e-06
1.4989698,-2.4018545,0.0021000037,-7.424987e-05,5.3018095e-05
0.7733336,-1.7392005,0.0012450623,-6.44382e-05,-1.4783936e-05
0.6731783,-1.6393512,0.00095204817,-5.54687e-05,-2.1114436e-05
1.6,-2.5,0.0020911794,-6.6334855e-05,6.144542e-05
0.5730025,-1.5395255,0.0006704112,-5.022003e-05,-2.5889167e-05
0.4728017,-1.4397299,0.00042483438,-5.0053015e-05,-2.989988e-05
0.3725702,-1.3399742,0.00022856069,-5.503857e-05,-3.3561293e-05
1.7,-2.6,0.0020727578,-5.7799734e-05,6.884039e-05
0.27230123,-1.2402723,8.401552e-05,-6.3023144e-05,-3.7154234e-05
1.8,-2.7,0.002049198,-4.9092276e-05,7.494491e-05
0.174738,-1.1413018,-1.2346314e-05,-7.15914e-05,-4.1186144e-05
0.07686131,-1.0441277,-6.742765e-05,-7.793417e-05,-4.525895e-05
-0.018827202,-0.94961,-8.76475e-05,-7.73471e-05,-4.9008293e-05
-0.10625964,-0.8545751,-7.6677534e-05,-6.4987216e-05,-5.116732e-05
1.9,-2.8,0.0020240666,-4.048522e-05,7.985698e-05
2.0,-2.9,0.0019991768,-3.2151118e-05,8.36762e-05
2.1,-3.0,0.0019754453,-2.4174025e-05,8.6490836e-05
2.2,-3.1,0.0019533432,-1.6575412e-05,8.840291e-05
-0.6816529,-1.0624968,0.0,0.0,-0.0001258367
-0.21287833,-0.68911207,0.0,0.0,-5.112823e-05
-0.10878863,-0.73084366,-4.6494486e-05,-4.2751235e-05,-4.7974296e-05
1.2822315,-2.121291,0.0019977281,-8.118188e-05,2.0785294e-05
1.3900459,-2.212221,0.0020618443,-7.8776706e-05,3.024524e-05
1.1767204,-2.0291064,0.0018881265,-8.018996e-05,1.0921407e-05
1.0743494,-1.9347491,0.0017226221,-7.534385e-05,1.100297e-06
1.4964261,-2.305246,0.002092716,-7.388602e-05,3.9377173e-05
0.9742558,-1.8381958,0.0014994944,-6.748418e-05,-7.892658e-06
0.8741392,-1.7382946,0.0012267787,-5.84397e-05,-1.5355723e-05
1.599492,-2.400971,0.002100426,-6.738862e-05,4.800623e-05
0.77400655,-1.6384082,0.00093843846,-5.1195853e-05,-2.1029853e-05
0.6738538,-1.538541,0.00066345,-4.76371e-05,-2.5181855e-05
1.7,-2.5,0.0020928984,-6.0004644e-05,5.6244677e-05
0.57367533,-1.4386988,0.0004246861,-4.905668e-05,-2.8569373e-05
0.47346315,-1.3388907,0.0002339661,-5.4977925e-05,-3.1550077e-05
0.37320536,-1.2391311,9.2843155e-05,-6.363633e-05,-3.455176e-05
1.8,-2.6,0.0020753932,-5.197164e-05,6.335205e-05
0.2740382,-1.1393182,-3.5458202e-06,-7.290198e-05,-3.801758e-05
1.9,-2.7,0.0020523253,-4.37162e-05,6.928161e-05
0.17634046,-1.0407672,-6.118094e-05,-8.058796e-05,-4.1545904e-05
0.07886336,-0.9434711,-8.6687236e-05,-8.247957e-05,-4.4974066e-05
-0.01829446,-0.84598875,-8.328926e-05,-7.376232e-05,-4.760554e-05
2.0,-2.8,0.0020274224,-3.554506e-05,7.404696e-05
2.1,-2.9,0.0020026148,-2.761069e-05,7.7763965e-05
2.2,-3.0,0.001978894,-2.0011286e-05,8.051015e-05
-0.14356844,-0.61682934,0.0,0.0,-4.6816418e-05
-0.010030291,-0.74879,-6.868966e-05,-6.505835e-05,-4.5518722e-05
1.384113,-2.1183562,0.0019860987,-7.29829e-05,1.6910259e-05
1.2786921,-2.026231,0.0018712685,-7.184166e-05,7.6888755e-06
1.4920958,-2.2098908,0.0020554434,-7.102335e-05,2.5938967e-05
1.1752274,-1.9325941,0.0017030451,-6.746082e-05,-1.2931416e-06
1.0749007,-1.8359914,0.0014779639,-6.045395e-05,-9.531892e-06
1.5977707,-2.3033051,0.002090316,-6.6700166e-05,3.4724515e-05
0.97503966,-1.7373232,0.0012104462,-5.293101e-05,-1.6180706e-05
0.87494475,-1.6373887,0.00092671695,-4.7247137e-05,-2.1232758e-05
1.7,-2.4,0.0021005473,-6.077444e-05,4.319056e-05
0.7748347,-1.5374652,0.0006580318,-4.528457e-05,-2.4895322e-05
0.67470497,-1.4375564,0.00042553572,-4.796164e-05,-2.7715276e-05
1.8,-2.5,0.0020943622,-5.3896303e-05,5.122879e-05
0.5745489,-1.3376675,0.00023989115,-5.4748718e-05,-3.0137147e-05
0.47435597,-1.237807,0.00010189683,-6.402201e-05,-3.2623222e-05
0.37410933,-1.1379899,6.2732515e-06,-7.397521e-05,-3.5486268e-05
1.9,-2.6,0.002077763,-4.6355723e-05,5.811991e-05
0.2754618,-1.0383717,-5.354246e-05,-8.277056e-05,-3.849729e-05
2.0,-2.7,0.002055211,-3.85405e-05,6.387554e-05
0.17846543,-0.9402627,-8.336655e-05,-8.6919754e-05,-4.1490264e-05
0.08203247,-0.8436407,-8.792342e-05,-8.2641614e-05,-4.4073004e-05
2.1,-2.8,0.002030553,-3.0788477e-05,6.8499474e-05
2.2,-2.9,0.002005841,-2.3240935e-05,7.211728e-05
-0.03377316,-0.61399883,-3.3189444e-05,-3.4537057e-05,-4.2915322e-05
-0.076593384,-0.542378,0.0,0.0,-4.249176e-05
0.013005727,-0.66194606,-5.4597596e-05,-5.5982062e-05,-4.2957232e-05
0.08695968,-0.7436642,-7.83505e-05,-7.773686e-05,-4.2645726e-05
1.3809814,-2.0231228,0.0018544712,-6.396079e-05,4.5157167e-06
1.4873345,-2.1150234,0.0019738725,-6.509588e-05,1.31130655e-05
1.2765096,-1.9301409,0.0016838603,-6.0066937e-05,-3.7167847e-06
1.5943079,-2.2072966,0.0020486205,-6.360438e-05,2.1774144e-05
1.1756326,-1.8351015,0.0014617197,-5.414046e-05,-1.1090157e-05
1.0759892,-1.7363367,0.0011960318,-4.7841095e-05,-1.7182734e-05
1.6987857,-2.301798,0.0020876927,-5.9835478e-05,3.033326e-05
0.97594,-1.6363517,0.000916845,-4.3550135e-05,-2.1677237e-05
0.87588286,-1.5363691,0.0006540719,-4.3077067e-05,-2.4942588e-05
1.8,-2.4,0.0021004367,-5.4464348e-05,3.872713e-05
0.77581555,-1.4363894,0.0004273757,-4.6824236e-05,-2.7269714e-05
0.6757345,-1.336414,0.00024633892,-5.434204e-05,-2.924092e-05
1.9,-2.5,0.0020956018,-4.802828e-05,4.647733e-05
0.5756345,-1.2364444,0.000111180845,-6.415843e-05,-3.125505e-05
0.47550637,-1.1364831,1.6442826e-05,-7.4779135e-05,-3.3538403e-05
0.37533548,-1.0365345,-4.4825498e-05,-8.445994e-05,-3.6045054e-05
2.0,-2.6,0.0020798864,-4.0950334e-05,5.3143234e-05
0.27732903,-0.9372814,-7.8341305e-05,-9.046407e-05,-3.8658745e-05
2.1,-2.7,0.0020578662,-3.3559838e-05,5.87185e-05
0.18106852,-0.83934224,-8.881993e-05,-8.956319e-05,-4.0974362e-05
2.2,-2.8,0.0020334672,-2.621025e-05,6.320685e-05
0.07539341,-0.52976984,-3.7425325e-05,-4.3472304e-05,-3.87275e-05
0.091523446,-0.64151525,-6.240924e-05,-6.693271e-05,-4.067343e-05
0.18470153,-0.73741186,-8.3803e-05,-8.782191e-05,-4.0012244e-05
1.4830331,-2.0202854,0.0018386832,-5.6605364e-05,1.5062383e-06
1.378256,-1.927429,0.0016651615,-5.3129384e-05,-6.1493956e-06
1.5898435,-2.1120281,0.0019621027,-5.7711248e-05,9.535716e-06
1.2764002,-1.8328243,0.0014432754,-4.811359e-05,-1.2811217e-05
1.6965547,-2.2046409,0.0020415487,-5.6513658e-05,1.7773737e-05
1.176942,-1.735381,0.0011834778,-4.312759e-05,-1.8299834e-05
1.0769389,-1.6353503,0.0009087879,-4.0099058e-05,-2.2335224e-05
1.8,-2.3,0.0020847688,-5.3262964e-05,2.6121983e-05
0.9769352,-1.5353147,0.0006515129,-4.0879408e-05,-2.5228368e-05
0.876931,-1.4352728,0.0004301756,-4.5636873e-05,-2.7173604e-05
1.9,-2.4,0.0021001718,-4.8428945e-05,3.4529887e-05
0.77692604,-1.3352225,0.0002532977,-5.3737822e-05,-2.8761906e-05
0.67692006,-1.2351605,0.00012069554,-6.401276e-05,-3.0358926e-05
2.0,-2.5,0.0020966437,-4.2401967e-05,4.1967185e-05
0.5769128,-1.1350815,2.6840295e-05,-7.514576e-05,-3.2138203e-05
0.4769032,-1.0349761,-3.532606e-05,-8.556983e-05,-3.4136465e-05
0.3778451,-0.9355199,-7.1817485e-05,-9.3082264e-05,-3.6310485e-05
2.1,-2.6,0.002081786,-3.5750647e-05,4.8402264e-05
0.28023916,-0.836505,-8.7231616e-05,-9.501842e-05,-3.8393697e-05
2.2,-2.7,0.0020603016,-2.8767716e-05,5.38028e-05
0.28323373,-0.73516905,-8.637719e-05,-9.5976124e-05,-3.773408e-05
1.5856367,-2.0172088,0.0018230277,-4.9641032e-05,-1.4329092e-06
1.4805068,-1.9245757,0.0016471979,-4.6608944e-05,-8.561668e-06
1.3772871,-1.8307415,0.0014269096,-4.2544547e-05,-1.4594825e-05
1.6930399,-2.108333,0.001949554,-5.0623657e-05,6.0000157e-06
1.2774694,-1.7333989,0.0011696599,-3.8672933e-05,-1.957506e-05
1.7985092,-2.2018034,0.0020342474,-4.975222e-05,1.396956e-05
1.1778947,-1.6344253,0.0009024236,-3.690635e-05,-2.3186547e-05
1.0779376,-1.5343488,0.00065031444,-3.872929e-05,-2.5707493e-05
1.9,-2.3,0.002082286,-4.7092304e-05,2.2431921e-05
0.97798747,-1.4342604,0.00043387106,-4.4354456e-05,-2.7373584e-05
0.87804633,-1.334156,0.0002607293,-5.2932803e-05,-2.8628865e-05
2.0,-2.4,0.0020997482,-4.264001e-05,3.0529587e-05
0.7781174,-1.2340308,0.00013039484,-6.354896e-05,-2.987004e-05
0.67820555,-1.1338766,3.7335274e-05,-7.502088e-05,-3.1218802e-05
2.1,-2.5,0.0020975042,-3.7002632e-05,3.766698e-05
0.5783192,-1.0336797,-2.5506582e-05,-8.600062e-05,-3.2754837e-05
0.47847077,-0.93341744,-6.446027e-05,-9.477867e-05,-3.448243e-05
0.37996948,-0.8348944,-8.3724735e-05,-9.903189e-05,-3.624154e-05
2.2,-2.6,0.0020834776,-3.075036e-05,4.388677e-05
0.38271528,-0.73447216,-8.635849e-05,-0.00010195141,-3.5774512e-05
1.5833753,-1.921615,0.0016300014,-4.047811e-05,-1.09024395e-05
1.6888573,-2.013729,0.0018071791,-4.303395e-05,-4.3306004e-06
1.4789585,-1.8287108,0.0014120627,-3.733008e-05,-1.6447886e-05
1.3782835,-1.7326384,0.0011607872,-3.45838e-05,-2.0877334e-05
1.7956795,-2.105311,0.0019379938,-4.39921e-05,2.7318592e-06
1.2787726,-1.6336032,0.0008976291,-3.392925e-05,-2.4180446e-05
1.8992788,-2.2011466,0.0020286015,-4.348376e-05,1.0690615e-05
1.1788505,-1.5335002,0.0006504016,-3.6655383e-05,-2.6362708e-05
1.07894,-1.433383,0.0004383708,-4.2965952e-05,-2.779288e-05
2.0,-2.3,0.0020797416,-4.1177944e-05,1.891825e-05
0.9790439,-1.3332478,0.0002685717,-5.1936622e-05,-2.878234e-05
0.87916666,-1.2330896,0.00014019603,-6.276412e-05,-2.972801e-05
2.1,-2.4,0.0020991778,-3.7084297e-05,2.670023e-05
0.77931476,-1.1329011,4.779626e-05,-7.4422285e-05,-3.071266e-05
0.67949826,-1.0326716,-1.5608563e-05,-8.574051e-05,-3.1839223e-05
2.2,-2.5,0.0020981897,-3.1816704e-05,3.357092e-05
0.5797351,-0.93238324,-5.638147e-05,-9.541292e-05,-3.3120577e-05
0.48004124,-0.8333739,-7.891523e-05,-0.00010156074,-3.4517885e-05
0.483181,-0.73420274,-8.4407766e-05,-0.00010566812,-3.4180215e-05
1.6859475,-1.9183092,0.0016131237,-3.4741104e-05,-1.3187663e-05
1.58136,-1.82605,0.0013968681,-3.23873e-05,-1.8324858e-05
1.7925395,-2.0091078,0.0017897728,-3.670398e-05,-7.252599e-06
1.479105,-1.7318295,0.0011530962,-3.0742136e-05,-2.2283148e-05
1.3795501,-1.6328969,0.00089431345,-3.1085347e-05,-2.5247105e-05
1.8980262,-2.102392,0.0019268286,-3.7734673e-05,-3.0517512e-07
1.2796503,-1.532781,0.0006516315,-3.4616885e-05,-2.7182401e-05
2.0,-2.2,0.0020227004,-3.7489466e-05,7.5323464e-06
1.1797636,-1.4326515,0.00044358682,-4.146631e-05,-2.8396977e-05
1.0798925,-1.3325056,0.00027673066,-5.0755774e-05,-2.9187406e-05
2.1,-2.3,0.0020771676,-3.5517834e-05,1.5564796e-05
0.9800414,-1.2323394,0.00015001341,-6.168895e-05,-2.9875515e-05
0.8802158,-1.1321481,5.810541e-05,-7.340036e-05,-3.055406e-05
2.2,-2.4,0.002098468,-3.175033e-05,2.3046246e-05
0.78042394,-1.0319256,-5.832058e-06,-8.4862426e-05,-3.132318e-05
0.68067724,-0.9316631,-4.809065e-05,-9.5074785e-05,-3.2210708e-05
0.58091027,-0.83261484,-7.32202e-05,-0.00010260201,-3.318736e-05
0.5833978,-0.7336031,-8.132682e-05,-0.000107338776,-3.2944256e-05
1.7897412,-1.9138981,0.0015946911,-2.9242832e-05,-1.5549818e-05
1.6844721,-1.821945,0.0013792138,-2.7648453e-05,-2.025062e-05
1.5805498,-1.7294533,0.0011424301,-2.7052603e-05,-2.383099e-05
1.8960524,-2.0047252,0.0017733665,-3.0784762e-05,-9.968026e-06
1.4802171,-1.632308,0.00089230406,-2.8341752e-05,-2.6396576e-05
1.3803276,-1.5321906,0.00065383874,-3.258904e-05,-2.8124237e-05
1.9993091,-2.1009088,0.0019179715,-3.1954874e-05,-2.9931489e-06
1.2804501,-1.4320618,0.00044941483,-3.98707e-05,-2.916619e-05
2.1,-2.2,0.0020179355,-3.18781e-05,4.6678097e-06
1.180587,-1.33192,0.00028509923,-4.941001e-05,-2.9794863e-05
1.080741,-1.2317632,0.00015976443,-6.0384904e-05,-3.0260484e-05
0.98091614,-1.131589,6.8171415e-05,-7.202792e-05,-3.068165e-05
0.88111687,-1.0313952,3.6789666e-06,-8.346713e-05,-3.1146457e-05
0.78134966,-0.93117946,-3.9891704e-05,-9.3919545e-05,-3.168504e-05
0.6817336,-0.8323188,-6.706045e-05,-0.00010232391,-3.229256e-05
0.6837694,-0.73281175,-7.766608e-05,-0.00010733544,-3.206548e-05
1.8932941,-1.9089653,0.0015760891,-2.4101058e-05,-1.7856031e-05
1.7876495,-1.8177778,0.0013627608,-2.323835e-05,-2.2145949e-05
1.6832225,-1.7257084,0.0011294291,-2.3506253e-05,-2.5427871e-05
1.5807731,-1.6318299,0.00089141645,-2.5705345e-05,-2.7662041e-05
1.9981507,-2.0022616,0.0017612498,-2.5418165e-05,-1.2295541e-05
1.4808841,-1.531719,0.00065691123,-3.055773e-05,-2.9150824e-05
1.3810048,-1.4316,0.00045572864,-3.8212824e-05,-3.0056734e-05
2.1,-2.1,0.0019103606,-2.6537798e-05,-5.487975e-06
1.2811368,-1.331472,0.00029360948,-4.792905e-05,-3.0543877e-05
1.1812814,-1.2313346,0.00016938278,-5.8899328e-05,-3.083476e-05
1.0814408,-1.1311871,7.793381e-05,-7.038406e-05,-3.1042477e-05
0.98161644,-1.0310299,1.2821e-05,-8.166413e-05,-3.1251588e-05
0.8818098,-0.9308648,-3.1963682e-05,-9.2125054e-05,-3.148878e-05
0.7822308,-0.8318826,-6.0928764e-05,-0.000100986275,-3.1769676e-05
1.8904204,-1.8134975,0.0013472897,-1.9154559e-05,-2.4002988e-05
1.9968911,-1.9038717,0.001558058,-1.9284678e-05,-2.0001764e-05
1.785782,-1.7219527,0.0011177246,-2.017999e-05,-2.6979893e-05
1.6824375,-1.6282663,0.0008838643,-2.3170083e-05,-2.9067927e-05
1.5813292,-1.5313518,0.0006606451,-2.855214e-05,-3.0283905e-05
2.1,-2.0,0.0017502431,-2.037541e-05,-1.4481053e-05
1.4814405,-1.4312475,0.00046243443,-3.6499154e-05,-3.1031654e-05
1.3815594,-1.3311381,0.00030220725,-4.6340414e-05,-3.1404943e-05
1.2816864,-1.231024,0.00017883067,-5.7256966e-05,-3.1556156e-05
1.1818218,-1.1309057,8.735408e-05,-6.85402e-05,-3.1590833e-05
1.0819654,-1.0307851,2.154261e-05,-7.956891e-05,-3.1587035e-05
0.98211604,-0.9306647,-2.4433399e-05,-8.986337e-05,-3.157076e-05
0.8822699,-0.83055013,-5.5215944e-05,-9.891584e-05,-3.1561995e-05
1.8891168,-1.7167935,0.0011036365,-1.7040462e-05,-2.8605871e-05
1.9947184,-1.8070598,0.0013275319,-1.5209552e-05,-2.5890236e-05
2.0988758,-1.9008019,0.0015456848,-1.4931094e-05,-2.1862663e-05
1.7849258,-1.6241654,0.0008761194,-2.0736328e-05,-3.0453288e-05
1.6821009,-1.5300573,0.0006628331,-2.6631142e-05,-3.1524898e-05
1.5817745,-1.4309846,0.0004694402,-3.475041e-05,-3.2080727e-05
1.4818763,-1.3308951,0.00031083912,-4.46649e-05,-3.2354274e-05
1.3819821,-1.2308043,0.00018808979,-5.5495122e-05,-3.23925e-05
1.2820914,-1.1307135,9.642194e-05,-6.655474e-05,-3.228729e-05
1.1822029,-1.0306245,2.9823526e-05,-7.728238e-05,-3.2107804e-05
1.0823144,-0.93054014,-1.7357052e-05,-8.7292836e-05,-3.188233e-05
0.9824223,-0.83046466,-4.9656377e-05,-9.621669e-05,-3.1625455e-05
1.992856,-1.7099549,0.0010866276,-1.409442e-05,-3.0247138e-05
1.8878381,-1.6193618,0.0008677507,-1.8446704e-05,-3.187088e-05
2.0971959,-1.8034203,0.0013159302,-1.1642655e-05,-2.7510496e-05
1.7839713,-1.5266132,0.0006612143,-2.4817236e-05,-3.281242e-05
1.6820248,-1.4307925,0.00047662188,-3.3020795e-05,-3.3207456e-05
1.5821084,-1.3307217,0.0003194787,-4.2921412e-05,-3.3370357e-05
1.4821931,-1.230652,0.00019715,-5.3649004e-05,-3.3318207e-05
1.3822777,-1.1305846,0.00010514826,-6.4473614e-05,-3.3099594e-05
1.2823609,-1.030521,3.7672806e-05,-7.487915e-05,-3.277672e-05
1.1824404,-0.93046385,-1.0743666e-05,-8.453801e-05,-3.2378826e-05
1.0825127,-0.8304156,-4.4530043e-05,-9.318432e-05,-3.1914253e-05
1.9911441,-1.6138736,0.0008588199,-1.6280734e-05,-3.330903e-05
2.0958567,-1.7054329,0.0010765056,-1.1305947e-05,-3.1717384e-05
1.8860679,-1.5226846,0.0006592692,-2.3043696e-05,-3.4106295e-05
1.7832092,-1.4283253,0.00048019746,-3.1446045e-05,-3.4422417e-05
1.6822752,-1.3306003,0.0003280523,-4.1164698e-05,-3.4454206e-05
1.5823406,-1.2305483,0.00020601704,-5.1746214e-05,-3.431096e-05
1.482404,-1.1304997,0.00011355296,-6.233412e-05,-3.400226e-05
1.382464,-1.0304557,4.5116936e-05,-7.2413946e-05,-3.356329e-05
1.282519,-0.9304177,-4.580395e-06,-8.169444e-05,-3.3023396e-05
1.1825664,-0.8303875,-3.9845938e-05,-8.997408e-05,-3.2387954e-05
1.9887798,-1.5163907,0.0006532771,-2.1438376e-05,-3.546481e-05
2.0946686,-1.6073318,0.00084850664,-1.4207706e-05,-3.471901e-05
1.8852909,-1.4242923,0.00048149674,-2.9944376e-05,-3.5688314e-05
1.7828099,-1.3295124,0.0003352456,-3.9500526e-05,-3.5610643e-05
1.6824418,-1.2304789,0.00021468627,-4.9827962e-05,-3.536118e-05
1.5824881,-1.1304446,0.00012166191,-6.0165898e-05,-3.4974804e-05
1.4825302,-1.0304148,5.219083e-05,-6.992861e-05,-3.4442204e-05
1.3825673,-0.93039024,1.1695624e-06,-7.8829784e-05,-3.3787106e-05
1.2825975,-0.8303716,-3.5589543e-05,-8.6705404e-05,-3.301293e-05
2.0929444,-1.5106128,0.0006490914,-1.97637e-05,-3.679013e-05
1.9878492,-1.4195161,0.0004819137,-2.8486567e-05,-3.6974612e-05
1.8843952,-1.3266096,0.00034014988,-3.7961985e-05,-3.681711e-05
1.7825103,-1.2304331,0.00022312692,-4.7933943e-05,-3.646555e-05
1.6825432,-1.1304095,0.00012950276,-5.7998343e-05,-3.6001944e-05
1.5825721,-1.0303897,5.8932594e-05,-6.74538e-05,-3.539328e-05
1.4825965,-0.93037397,6.5473755e-06,-7.5988755e-05,-3.464516e-05
1.3826154,-0.8303627,-3.1723604e-05,-8.345814e-05,-3.3758915e-05
2.0911036,-1.4136713,0.00048101525,-2.7055867e-05,-3.825846e-05
1.9863039,-1.3225758,0.000343658,-3.6489568e-05,-3.8045837e-05
1.883144,-1.2290618,0.00023009843,-4.6164452e-05,-3.7616563e-05
1.7825787,-1.1303873,0.00013707721,-5.5867335e-05,-3.707685e-05
1.6825982,-1.0303743,6.538036e-05,-6.5012995e-05,-3.6400357e-05
1.582614,-0.9303645,1.1595981e-05,-7.320068e-05,-3.557736e-05
1.4826257,-0.83035773,-2.8204731e-05,-8.0279395e-05,-3.4601097e-05
2.0887642,-1.3165315,0.00034469503,-3.511809e-05,-3.929861e-05
1.9850526,-1.2250352,0.00023438643,-4.4570857e-05,-3.8818496e-05
1.8830023,-1.1294472,0.00014372144,-5.385785e-05,-3.8196944e-05
1.7826144,-1.0303651,7.1559036e-05,-6.26285e-05,-3.7453483e-05
1.6826243,-0.930359,1.635569e-05,-7.048467e-05,-3.656722e-05
1.5826315,-0.830355,-2.4989124e-05,-7.719596e-05,-3.5519217e-05
2.0876474,-1.2203624,0.00023793361,-4.29645e-05,-4.003772e-05
1.9846458,-1.1263636,0.00014858494,-5.199496e-05,-3.9361497e-05
1.8826241,-1.0303595,7.747208e-05,-6.0329145e-05,-3.8543665e-05
1.7826304,-0.9303558,2.0861698e-05,-6.785365e-05,-3.7602465e-05
2.0868306,-1.122528,0.00015266816,-5.014829e-05,-4.05434e-05
1.9841615,-1.0276829,8.164385e-05,-5.8202335e-05,-3.9680133e-05
1.882634,-0.930354,2.5127245e-05,-6.532628e-05,-3.867446e-05
2.0861962,-1.0239286,8.49255e-05,-5.6128214e-05,-4.0833616e-05
1.9835997,-0.92898715,2.855724e-05,-6.29141e-05,-3.9781906e-05
2.0852559,-0.9259206,3.0944833e-05,-6.0588973e-05,-4.0907744e-05
1.5887675,1.5916039,-2.9414343e-05,8.778117e-05,-3.441663e-05
1.5972089,1.4911726,-5.0155584e-05,8.871115e-05,-3.4016517e-05
1.6867551,1.591743,-2.6901505e-05,8.362254e-05,-3.5461995e-05
1.4909091,1.5910136,-3.20391e-05,9.2120106e-05,-3.346049e-05
1.5017613,1.490086,-5.038497e-05,9.290351e-05,-3.303135e-05
1.6829932,1.6910787,1.954004e-07,8.003109e-05,-3.562895e-05
1.5825341,1.6911156,-4.932986e-06,8.4228115e-05,-3.4582154e-05
1.4832592,1.6909196,-1.0187013e-05,8.853241e-05,-3.364786e-05
1.3931205,1.5897985,-3.479774e-05,9.658019e-05,-3.262168e-05
1.405578,1.4883835,-5.0595365e-05,9.726303e-05,-3.2135464e-05
1.6800743,1.7899625,3.350071e-05,7.3802614e-05,-3.55455e-05
1.5807761,1.7906008,2.592183e-05,7.774619e-05,-3.4520144e-05
1.4801607,1.7905024,1.7740935e-05,8.190676e-05,-3.359135e-05
1.384202,1.6904603,-1.5654445e-05,9.291487e-05,-3.285105e-05
1.2954297,1.5872636,-3.7749192e-05,0.00010105714,-3.1934702e-05
1.311304,1.4850554,-5.086222e-05,0.00010155364,-3.137243e-05
1.5804218,1.8899407,6.647716e-05,6.838697e-05,-3.420578e-05
1.6804215,1.8899411,7.722984e-05,6.460781e-05,-3.52375e-05
1.3799977,1.7901539,9.256217e-06,8.6105334e-05,-3.2815056e-05
1.4804223,1.88994,5.5415763e-05,7.222669e-05,-3.328765e-05
1.2842679,1.6885659,-2.1607199e-05,9.7361604e-05,-3.2228767e-05
1.1979338,1.582941,-4.0831022e-05,0.000105341365,-3.1440923e-05
1.2176336,1.4794002,-5.1114836e-05,0.00010563897,-3.0746032e-05
1.5804212,1.9899415,0.0001221502,5.6032506e-05,-3.366714e-05
1.6804212,1.9899415,0.0001358131,5.2573152e-05,-3.4703757e-05
1.2776849,1.7891395,1.4351079e-07,9.035908e-05,-3.222793e-05
1.378663,1.8897021,4.3718017e-05,7.615581e-05,-3.2511234e-05
1.4804213,1.9899415,0.00010812283,5.9509428e-05,-3.274879e-05
1.1824633,1.6858217,-2.7882148e-05,0.00010164584,-3.1841235e-05
1.1027641,1.5744674,-4.3966087e-05,0.00010908512,-3.1166885e-05
1.1255845,1.4696152,-5.127631e-05,0.00010914766,-3.0248839e-05
1.580421,2.0899415,0.00019957314,4.082897e-05,-3.2944667e-05
1.6804211,2.0899415,0.0002159616,3.774542e-05,-3.3984863e-05
1.1736614,1.788078,-9.391071e-06,9.43765e-05,-3.1902542e-05
1.2774915,1.8896465,3.180841e-05,7.9925274e-05,-3.195155e-05
1.3804213,1.9899415,9.3684226e-05,6.294983e-05,-3.1990458e-05
1.4804207,2.0899417,0.00018277254,4.3893087e-05,-3.202714e-05
1.079048,1.6811515,-3.43629e-05,0.00010544534,-3.1776664e-05
1.0088701,1.558323,-4.6869216e-05,0.000111870504,-3.106162e-05
1.0357437,1.4543645,-5.1002593e-05,0.000111516165,-2.987693e-05
1.5804191,2.1899424,0.0003070112,2.314839e-05,-3.2093314e-05
1.6804202,2.189942,0.0003256212,2.0475403e-05,-3.3128264e-05
1.0675882,1.7840309,-1.9659572e-05,9.8122204e-05,-3.1966374e-05
1.1751353,1.8879105,1.880001e-05,8.3677434e-05,-3.1659965e-05
1.2792733,1.9895855,7.847644e-05,6.635933e-05,-3.1444426e-05
1.3804202,2.0899417,0.00016553311,4.6899124e-05,-3.1278076e-05
1.4804173,2.1899428,0.0002879815,2.5768282e-05,-3.118286e-05
0.98191303,1.6653632,-4.1068302e-05,0.00010855542,-3.1949126e-05
0.9192717,1.5369296,-4.8580187e-05,0.00011278131,-3.109864e-05
0.94703186,1.4368168,-4.9756894e-05,0.00011205572,-2.9673914e-05
1.5804116,2.289945,0.00045255388,3.7325938e-06,-3.115798e-05
1.6804159,2.2899435,0.00047240543,1.5068499e-06,-3.2177322e-05
0.9509212,1.7813907,-3.0216414e-05,0.00010078625,-3.242761e-05
1.0726131,1.8871368,6.0763673e-06,8.6863336e-05,-3.173915e-05
1.1792269,1.9894466,6.3177096e-05,6.949041e-05,-3.1174484e-05
1.2804192,2.0899422,0.00014784528,4.978829e-05,-3.07514e-05
1.3804137,2.1899443,0.00026849128,2.8315952e-05,-3.045003e-05
1.480404,2.2899477,0.0004322681,5.8996307e-06,-3.0269408e-05
0.88953507,1.6327358,-4.692221e-05,0.00011048673,-3.224662e-05
0.8267531,1.5191175,-4.860442e-05,0.000110723944,-3.146341e-05
0.85676235,1.4215262,-4.7202157e-05,0.00010989082,-2.9717314e-05
1.5803902,2.389953,0.0006409949,-1.6180675e-05,-3.0164774e-05
1.6809843,2.390853,0.00066254905,-1.813678e-05,-3.116885e-05
0.8531713,1.7250558,-4.4386758e-05,0.00010564394,-3.3130586e-05
0.97899824,1.8932327,-4.040999e-06,8.853505e-05,-3.2131287e-05
1.0804212,1.9899415,4.798269e-05,7.223009e-05,-3.1249347e-05
1.1804172,2.089943,0.00012969923,5.2506493e-05,-3.0511826e-05
1.2804072,2.1899467,0.00024853746,3.075381e-05,-2.9949295e-05
1.3803908,2.2899525,0.00041155255,7.987226e-06,-2.9564215e-05
1.4803689,2.3899605,0.0006209997,-1.4451681e-05,-2.9307363e-05
0.79402786,1.6136281,-4.9954422e-05,0.000108814434,-3.3009565e-05
0.7341688,1.5059783,-4.665312e-05,0.00010432787,-3.2167412e-05
0.7671018,1.4084018,-4.319798e-05,0.00010368852,-3.0014606e-05
1.5815895,2.491503,0.0008737105,-3.5202735e-05,-2.9085235e-05
1.683069,2.4923272,0.0008934355,-3.674794e-05,-3.0086348e-05
0.7588083,1.7039577,-5.0531144e-05,0.00010452521,-3.4337532e-05
0.8784819,1.8338083,-3.0186586e-05,9.700071e-05,-3.312451e-05
0.8038304,1.8114756,-4.0352646e-05,9.8554265e-05,-3.4163306e-05
0.9816253,1.9940107,3.40432e-05,7.400619e-05,-3.174288e-05
0.8823673,1.9070938,-1.3260033e-05,8.8235065e-05,-3.3089542e-05
1.0804132,2.0899444,0.00011109896,5.502873e-05,-3.0638173e-05
1.1803951,2.189951,0.00022812234,3.3032222e-05,-2.9745555e-05
1.280368,2.2899609,0.00039038714,9.970162e-06,-2.9105218e-05
1.3803335,2.3899734,0.00060059957,-1.280114e-05,-2.8645205e-05
1.4812192,2.4912035,0.00085508614,-3.3810145e-05,-2.8271015e-05
0.698894,1.601177,-5.0367984e-05,0.00010264432,-3.417597e-05
0.64132714,1.4974035,-4.222029e-05,9.204469e-05,-3.3148557e-05
0.6771061,1.3996893,-3.7475867e-05,9.179988e-05,-3.058347e-05
1.5844328,2.593313,0.0011353595,-5.129566e-05,-2.7880684e-05
1.6857165,2.593598,0.0011500206,-5.248024e-05,-2.8851655e-05
0.72066355,1.7991453,-4.8232865e-05,9.753686e-05,-3.5657973e-05
0.6614723,1.6973277,-5.3610267e-05,9.882657e-05,-3.605914e-05
0.7872711,1.9070325,-2.5283838e-05,8.816298e-05,-3.461269e-05
0.9815818,2.092378,9.4126386e-05,5.6682376e-05,-3.120765e-05
0.8831491,1.9988014,2.0067024e-05,7.47178e-05,-3.2794895e-05
1.0803729,2.189959,0.00020722831,3.513133e-05,-2.9920418e-05
1.1803286,2.2899752,0.00036878936,1.17996e-05,-2.8948869e-05
1.2802763,2.3899944,0.000579768,-1.1245083e-05,-2.824673e-05
1.3808633,2.4909506,0.0008361741,-3.249971e-05,-2.7671094e-05
1.4833175,2.59284,0.0011199964,-5.0149225e-05,-2.7093087e-05
0.6026885,1.5938766,-4.7566406e-05,9.0688794e-05,-3.565958e-05
0.54867494,1.4913841,-3.4409575e-05,7.2226714e-05,-3.429941e-05
0.5866246,1.394309,-2.9429937e-05,7.217618e-05,-3.133478e-05
1.587813,2.694747,0.0014005819,-6.296092e-05,-2.6343345e-05
1.6900345,2.6948678,0.0014101875,-6.4027285e-05,-2.728782e-05
0.62856257,1.7939459,-5.4057607e-05,9.32326e-05,-3.77303e-05
0.6975547,1.8991941,-3.7126563e-05,8.773953e-05,-3.6489422e-05
0.56392956,1.6900101,-5.3027987e-05,8.8256114e-05,-3.8103823e-05
0.7849021,2.0006704,5.153803e-06,7.485512e-05,-3.445034e-05
0.9808463,2.1912603,0.00018746706,3.6656682e-05,-3.05693e-05
0.8818043,2.0943544,7.632309e-05,5.778031e-05,-3.2348104e-05
1.0802622,2.2899995,0.00034674516,1.3454786e-05,-2.9177678e-05
1.1801847,2.390028,0.00055858033,-9.821632e-06,-2.815283e-05
1.2801046,2.4900575,0.0008152096,-3.1140644e-05,-2.7337055e-05
1.3815587,2.5917218,0.0011025376,-4.8952057e-05,-2.6527641e-05
1.4850783,2.694065,0.0013894405,-6.188228e-05,-2.5560297e-05
0.5064406,1.5876062,-4.0177085e-05,7.1605915e-05,-3.7314672e-05
0.45586586,1.4855748,-2.113351e-05,4.3007407e-05,-3.5496036e-05
0.49616662,1.3913093,-1.7640537e-05,4.295931e-05,-3.2223445e-05
1.5921609,2.7959166,0.0016419867,-6.990078e-05,-2.4407229e-05
1.6947006,2.7964556,0.0016477965,-7.105242e-05,-2.5344803e-05
0.5312714,1.7846178,-5.6748628e-05,8.5122614e-05,-4.0289888e-05
0.60427713,1.8928457,-4.7164984e-05,8.528269e-05,-3.900137e-05
0.6869182,1.9972657,-1.0935001e-05,7.490458e-05,-3.6733385e-05
0.46330333,1.6829491,-4.663816e-05,7.0889524e-05,-4.0482453e-05
0.7821303,2.0960038,5.8455444e-05,5.82849e-05,-3.4130382e-05
0.98015153,2.29004,0.00032429263,1.4904882e-05,-2.990501e-05
0.8806999,2.1921024,0.00016678209,3.786327e-05,-3.1801465e-05
1.0800408,2.3900807,0.0005370807,-8.560103e-06,-2.8441844e-05
1.1799328,2.4901204,0.0007964856,-3.0056437e-05,-2.7318478e-05
1.2806866,2.5911946,0.001086634,-4.789441e-05,-2.6225285e-05
1.3838456,2.6933706,0.0013783898,-6.0837687e-05,-2.50031e-05
1.4896511,2.7949877,0.0016354071,-6.874575e-05,-2.3607026e-05
0.41241863,1.5773897,-2.564542e-05,4.382774e-05,-3.88368e-05
0.36304283,1.4803224,0.0,0.0,-3.611903e-05
0.40585667,1.3897927,0.0,0.0,-3.272253e-05
1.5963585,2.8972728,0.0018373101,-7.27559e-05,-2.1791195e-05
1.6973059,2.897881,0.0018394064,-7.409724e-05,-2.2746857e-05
0.42597228,1.7794348,-5.3512533e-05,7.112346e-05,-4.352805e-05
0.5061523,1.8864317,-5.450787e-05,8.01179e-05,-4.2132335e-05
0.5897496,1.9924489,-2.5882935e-05,7.397922e-05,-3.969282e-05
0.68236774,2.094593,3.900932e-05,5.8763148e-05,-3.6638652e-05
0.36056763,1.6731853,-3.1077685e-05,4.452354e-05,-4.2779127e-05
0.78030413,2.1923997,0.00014544393,3.879497e-05,-3.370732e-05
0.97981936,2.3901618,0.0005152778,-7.458861e-06,-2.9231374e-05
0.8799638,2.2911494,0.00030327222,1.585787e-05,-3.122084e-05
1.0796809,2.490213,0.00077758014,-2.9100462e-05,-2.7680475e-05
1.179555,2.590259,0.0010693525,-4.6842433e-05,-2.6268735e-05
1.2824261,2.6926863,0.0013673722,-5.9814254e-05,-2.4727678e-05
1.3866403,2.7949939,0.0016310691,-6.762506e-05,-2.2973758e-05
1.4947848,2.8967254,0.0018355536,-7.137947e-05,-2.0953139e-05
0.31366727,1.5674471,0.0,0.0,-3.9679857e-05
1.598554,2.9988608,0.001975042,-7.269614e-05,-1.852795e-05
1.6989422,2.9988601,0.0019741533,-7.423368e-05,-1.9610294e-05
0.30285478,1.7759808,-3.856048e-05,4.6560614e-05,-4.728894e-05
0.4046911,1.880711,-5.7186764e-05,7.142213e-05,-4.5909786e-05
0.49137816,1.9884135,-3.8424067e-05,7.1446164e-05,-4.334616e-05
0.5820658,2.0915444,1.9422112e-05,5.8861173e-05,-3.9953113e-05
0.6799888,2.1924703,0.00012413305,3.9408762e-05,-3.6370402e-05
0.25814122,1.6507869,0.0,0.0,-4.3741085e-05
0.77951044,2.2912989,0.00028048118,1.680242e-05,-3.322324e-05
0.9793211,2.4903448,0.000758579,-2.8270808e-05,-2.853633e-05
0.8794872,2.3902836,0.000493228,-6.52581e-06,-3.0624586e-05
1.0791771,2.590398,0.0010551283,-4.6020516e-05,-2.6684149e-05
1.1805403,2.6917508,0.0013556444,-5.8788355e-05,-2.4783481e-05
1.2853001,2.794002,0.0016247294,-6.646748e-05,-2.2615253e-05
1.392577,2.8963253,0.0018343609,-6.995708e-05,-2.023586e-05
1.4981263,2.9981441,0.001975432,-7.1095696e-05,-1.7579388e-05
1.6,3.1,0.002056433,-7.130158e-05,-1.4904274e-05
1.7,3.1,0.002054843,-7.299549e-05,-1.6162528e-05
0.31018952,1.8868673,-5.499595e-05,6.057784e-05,-5.0113882e-05
0.19671342,1.7298772,0.0,0.0,-4.8143746e-05
0.3931795,1.9876626,-4.7234764e-05,6.6851324e-05,-4.778706e-05
0.4823835,2.0900908,2.3089965e-06,5.7957313e-05,-4.4080207e-05
0.5795174,2.1913066,0.00010193353,3.9970502e-05,-3.9880124e-05
0.6789382,2.2914937,0.00025772754,1.752863e-05,-3.5998528e-05
0.7790041,2.390461,0.00047104672,-5.7456964e-06,-3.2703323e-05
0.9786734,2.590583,0.0010410314,-4.527621e-05,-2.7577857e-05
0.8788229,2.4905279,0.0007395201,-2.7564143e-05,-3.0000343e-05
1.0796067,2.6918657,0.001347068,-5.787107e-05,-2.5207642e-05
1.1826978,2.7931817,0.0016189738,-6.527426e-05,-2.2571372e-05
1.2888525,2.8952322,0.0018322099,-6.8454865e-05,-1.971198e-05
1.3962935,2.997273,0.0019759242,-6.938594e-05,-1.673305e-05
1.4990395,3.0989127,0.0020575759,-6.9517206e-05,-1.3742892e-05
1.7,3.2,0.002091821,-7.155056e-05,-1.2463103e-05
1.6,3.2,0.0020932877,-6.974358e-05,-1.1010456e-05
0.29380465,1.9920311,-5.197064e-05,6.0071976e-05,-5.333539e-05
0.18969272,1.8548605,-3.6061097e-05,3.6088375e-05,-5.499701e-05
0.23039605,1.9053779,-5.213188e-05,5.1685092e-05,-5.4875523e-05
0.12975617,1.8043445,0.0,0.0,-5.5185265e-05
0.3817208,2.0906076,-1.2060095e-05,5.5889624e-05,-4.9223763e-05
0.47887534,2.1905065,8.0739315e-05,4.0148276e-05,-4.4314063e-05
0.5785532,2.2906258,0.00023339421,1.8340977e-05,-3.9626917e-05
0.6783277,2.3907094,0.00044884224,-5.111542e-06,-3.5562836e-05
0.77815855,2.490772,0.00072047487,-2.6975395e-05,-3.2142365e-05
0.97872686,2.69186,0.0013383747,-5.6956225e-05,-2.6104612e-05
0.87802565,2.5908213,0.0010271138,-4.4600503e-05,-2.906793e-05
1.0811963,2.7931886,0.0016155543,-6.407236e-05,-2.2891818e-05
1.1867654,2.8946624,0.0018312746,-6.690891e-05,-1.9482326e-05
1.2941245,2.9964194,0.0019766865,-6.75771e-05,-1.604473e-05
1.3979983,3.0982895,0.00205913,-6.7611705e-05,-1.2667817e-05
1.5,3.2,0.002094817,-6.78311e-05,-9.5948235e-06
1.7,3.3,0.0021000698,-7.032443e-05,-8.736155e-06
1.6,3.3,0.0021010735,-6.8482885e-05,-7.0704446e-06
0.27836025,2.0906909,-2.4640412e-05,5.2617543e-05,-5.564712e-05
0.1967048,1.988787,-5.198206e-05,5.1317544e-05,-5.9762104e-05
0.11510521,1.9486492,-4.1774376e-05,3.5609446e-05,-6.4234635e-05
0.057672795,1.873862,0.0,0.0,-6.490657e-05
0.3778447,2.190884,6.151137e-05,3.9529863e-05,-4.979585e-05
0.47758693,2.2909808,0.0002109914,1.870847e-05,-4.4244178e-05
0.57742584,2.391041,0.00042666987,-4.6182085e-06,-3.9308125e-05
0.677313,2.4910831,0.00070148497,-2.6474836e-05,-3.505707e-05
0.7772285,2.5911148,0.0010134244,-4.398495e-05,-3.121314e-05
0.9797543,2.7931085,0.0016123576,-6.281803e-05,-2.3675979e-05
0.8778573,2.6918879,0.0013300872,-5.606105e-05,-2.7572121e-05
1.084161,2.8945312,0.0018315833,-6.525608e-05,-1.9597093e-05
1.1916977,2.9960315,0.0019782863,-6.565138e-05,-1.5579715e-05
1.2972803,3.097631,0.0020608632,-6.558817e-05,-1.173899e-05
1.3993114,3.199032,0.002096264,-6.579856e-05,-8.282928e-06
1.5,3.3,0.0021020882,-6.6524626e-05,-5.405761e-06
1.6,3.4,0.002091484,-6.776068e-05,-3.101914e-06
1.7,3.4,0.0020910394,-6.960014e-05,-4.9932264e-06
0.27372056,2.1887765,4.0684543e-05,3.855627e-05,-5.665291e-05
0.17102724,2.0844753,-3.475269e-05,4.764142e-05,-6.360099e-05
0.04762683,2.0576773,-3.6923786e-05,3.4692956e-05,-7.330816e-05
-0.018735448,1.9385957,0.0,0.0,-7.46677e-05
0.37629852,2.2914546,0.00018887567,1.8636643e-05,-4.9997587e-05
0.47629842,2.391456,0.00040449365,-4.310494e-06,-4.4080218e-05
0.57629836,2.4914567,0.0006825833,-2.605752e-05,-3.887148e-05
0.6762983,2.5914574,0.0010000349,-4.343376e-05,-3.413212e-05
0.77629834,2.6914577,0.00132074,-5.5124212e-05,-2.9762075e-05
0.9820447,2.894405,0.0018323949,-6.349199e-05,-2.0131354e-05
0.8785358,2.7930074,0.0016096156,-6.150688e-05,-2.4992443e-05
1.0897254,2.9962246,0.0019809233,-6.356834e-05,-1.5378802e-05
1.1955432,3.0971997,0.0020629924,-6.3395804e-05,-1.0968041e-05
1.2994108,3.1989133,0.0020979738,-6.362279e-05,-7.0412716e-06
1.4,3.3,0.0021031257,-6.443199e-05,-3.7677528e-06
1.5,3.4,0.0020919074,-6.5798835e-05,-1.175607e-06
1.7,3.5,0.0020729,-6.938858e-05,-1.3652584e-06
1.6,3.5,0.0020728735,-6.758756e-05,7.640579e-07
0.27338582,2.2893128,0.00016293618,1.8599807e-05,-5.7092104e-05
0.16697156,2.1822786,1.9183293e-05,3.717406e-05,-6.497549e-05
0.06546859,2.1818242,6.2912295e-06,3.4243898e-05,-7.435234e-05
-0.05641433,2.0976005,-3.1944135e-05,2.7259932e-05,-8.535878e-05
-0.09892975,1.9985751,0.0,0.0,-8.5843305e-05
0.37500992,2.391931,0.0003823565,-4.3172636e-06,-5.0035997e-05
0.47517094,2.4918725,0.000663791,-2.5780668e-05,-4.373349e-05
0.57528365,2.5918314,0.0009870316,-4.2940927e-05,-3.799252e-05
0.6753682,2.6918008,0.0013142718,-5.4245556e-05,-3.268298e-05
0.77667564,2.7926905,0.0016069232,-6.0086153e-05,-2.700132e-05
0.9873452,2.9956717,0.0019831858,-6.1313505e-05,-1.554616e-05
0.88006246,2.8939912,0.0018332303,-6.157864e-05,-2.115358e-05
1.0945907,3.0971594,0.002065614,-6.1024082e-05,-1.0384855e-05
1.1983262,3.1985114,0.0020998165,-6.125369e-05,-5.907647e-06
1.3,3.3,0.0021042046,-6.21781e-05,-2.1764579e-06
1.4,3.4,0.0020923147,-6.369575e-05,7.713287e-07
1.5,3.5,0.0020727976,-6.5660184e-05,2.9637959e-06
1.7,3.6,0.0020514536,-6.955493e-05,2.0985246e-06
1.6,3.6,0.002051063,-6.781455e-05,4.465841e-06
0.27362713,2.3913128,0.00035791748,-4.310039e-06,-5.72937e-05
0.17226757,2.2874017,0.00013867192,1.8143448e-05,-6.5393506e-05
-0.034103047,2.2010221,7.662161e-06,2.9018584e-05,-8.624873e-05
0.0735649,2.2907271,0.00012317738,1.691324e-05,-7.525865e-05
-0.15149209,2.1431363,-2.4372508e-05,2.2183945e-05,-0.00010022578
-0.18244323,2.0538394,0.0,0.0,-0.000100325255
0.37404343,2.492289,0.00064513367,-2.5688696e-05,-4.9771395e-05
0.4742689,2.5922062,0.00097443874,-4.2490363e-05,-4.2907446e-05
0.57443804,2.6921442,0.0013084261,-5.332662e-05,-3.640865e-05
0.6756398,2.7928483,0.001606225,-5.848933e-05,-2.971596e-05
0.7783197,2.89394,0.0018353526,-5.945284e-05,-2.2698297e-05
0.9921896,3.0965106,0.0020682272,-5.841251e-05,-1.0072025e-05
0.8841708,2.9950347,0.0019858324,-5.8818867e-05,-1.613249e-05
1.0970075,3.1979525,0.0021017778,-5.867771e-05,-4.9069927e-06
1.1992342,3.2990868,0.0021053902,-5.973189e-05,-6.690089e-07
1.3,3.4,0.0020927063,-6.142822e-05,2.7231133e-06
1.4,3.5,0.002072674,-6.35884e-05,5.225829e-06
1.5,3.6,0.002050601,-6.5946704e-05,6.939322e-06
1.7,3.7,0.002029726,-7.003339e-05,5.39656e-06
1.6,3.7,0.002029086,-6.837681e-05,7.999434e-06
0.2741503,2.4921134,0.0006252258,-2.557665e-05,-5.699519e-05
0.17408475,2.3913655,0.0003356877,-4.4935623e-06,-6.581043e-05
-0.13090123,2.235021,2.1436865e-05,2.2192595e-05,-0.00010109328
-0.023534823,2.3052847,0.00012509177,1.3520322e-05,-8.732184e-05
0.07709094,2.395722,0.0003241535,-5.6087556e-06,-7.569652e-05
-0.24476857,2.1879053,-1.3763104e-05,1.7072818e-05,-0.00011803157
-0.26873052,2.1046643,0.0,0.0,-0.00011783083
0.37336686,2.59254,0.00096224714,-4.204893e-05,-4.892984e-05
0.47359237,2.6924567,0.001303244,-5.231876e-05,-4.107802e-05
0.5747129,2.7928772,0.0016060113,-5.664867e-05,-3.3160475e-05
0.6775382,2.8939724,0.0018383776,-5.706895e-05,-2.4868637e-05
0.78199726,2.9949594,0.0019896112,-5.6047116e-05,-1.7154429e-05
0.8885672,3.0957828,0.0020711217,-5.5508714e-05,-1.0086476e-05
0.99585015,3.1974525,0.002103888,-5.5869954e-05,-4.075163e-06
1.0989741,3.2990603,0.0021065713,-5.707737e-05,8.086361e-07
1.2,3.4,0.002093081,-5.897322e-05,4.6744217e-06
1.3,3.5,0.0020725036,-6.135182e-05,7.54226e-06
1.4,3.6,0.0020500675,-6.393329e-05,9.514851e-06
1.5,3.7,0.0020283514,-6.65922e-05,1.0743039e-05
1.6,3.8,0.0020080938,-6.911595e-05,1.1313764e-05
1.7,3.8,0.0020088395,-7.066544e-05,8.479413e-06
0.27396172,2.5927298,0.0009504385,-4.1539504e-05,-5.6058318e-05
0.17495756,2.4930406,0.0006090842,-2.5665398e-05,-6.5494365e-05
-0.119703814,2.3297434,0.00014501992,7.3523534e-06,-0.00010174756
-0.22740741,2.2729838,4.4672e-05,1.4303627e-05,-0.00011881865
-0.019272458,2.4068165,0.0003294022,-8.325527e-06,-8.7491804e-05
0.07807411,2.4972215,0.0006040639,-2.6364054e-05,-7.5358534e-05
-0.338783,2.2306023,5.1652005e-08,1.1529159e-05,-0.00013904028
-0.35747755,2.1510608,0.0,0.0,-0.00013862325
0.37291583,2.6927073,0.0012987814,-5.117238e-05,-4.680379e-05
0.4743086,2.7931094,0.0016072945,-5.4601052e-05,-3.739371e-05
0.5758807,2.8938355,0.0018419721,-5.4337197e-05,-2.7812135e-05
0.67953235,2.9948905,0.0019939698,-5.2948217e-05,-1.870005e-05
0.7860398,3.0959518,0.002074804,-5.2278363e-05,-1.043063e-05
0.8935403,3.1969602,0.002106197,-5.2759555e-05,-3.4591483e-06
0.99861413,3.2986968,0.0021078396,-5.4186366e-05,2.1706337e-06
1.1,3.4,0.0020934474,-5.630594e-05,6.6141542e-06
1.2,3.5,0.002072287,-5.8926365e-05,9.907886e-06
1.3,3.6,0.0020494629,-6.1754145e-05,1.2189247e-05
1.4,3.7,0.0020275218,-6.466221e-05,1.362742e-05
1.5,3.8,0.0020072246,-6.743967e-05,1.4321479e-05
1.6,3.9,0.0019876782,-6.9874004e-05,1.4394905e-05
1.7,3.9,0.0019883043,-7.1279326e-05,1.1340203e-05
0.27381635,2.6931205,0.0012960493,-4.986011e-05,-5.359894e-05
0.17480113,2.59384,0.0009427378,-4.1056457e-05,-6.456913e-05
-0.11550771,2.4267375,0.00035957093,-1.3257138e-05,-0.000101650105
-0.21695293,2.3609676,0.00018270382,-7.68859e-07,-0.000118979995
-0.32357144,2.3116977,7.724398e-05,5.673056e-06,-0.00013943628
-0.01793579,2.5076783,0.00062081555,-2.824593e-05,-8.715864e-05
0.07826106,2.598666,0.0009500224,-4.1011128e-05,-7.4394986e-05
-0.4325786,2.270662,1.7857308e-05,5.633968e-06,-0.00016333192
-0.44822598,2.193409,0.0,0.0,-0.00016318765
0.37382102,2.793279,0.001609501,-5.2312145e-05,-4.25859e-05
0.4745686,2.893701,0.0018464596,-5.126073e-05,-3.154778e-05
0.57841533,2.9949694,0.0019990874,-4.9509155e-05,-2.0800782e-05
0.6838398,3.0959995,0.002078793,-4.8691083e-05,-1.1202907e-05
0.79198164,3.196888,0.00210873,-4.9339305e-05,-3.1015777e-06
0.89736146,3.2983522,0.0021091925,-5.0996347e-05,3.4207867e-06
1.0,3.4,0.002093809,-5.339772e-05,8.5181555e-06
1.1,3.5,0.0020720242,-5.6285895e-05,1.231623e-05
1.2,3.6,0.0020487858,-5.9387206e-05,1.49610705e-05
1.3,3.7,0.0020265959,-6.25676e-05,1.66536e-05
1.4,3.8,0.002006231,-6.5619795e-05,1.7505381e-05
1.5,3.9,0.0019868903,-6.83422e-05,1.7655326e-05
1.6,4.0,0.0019656974,-7.0359325e-05,1.7207614e-05
1.7,4.0,0.0019658473,-7.158741e-05,1.393326e-05
0.27382815,2.793719,0.0016137538,-4.9688177e-05,-4.882031e-05
0.17483914,2.6946793,0.0012987027,-4.8346283e-05,-6.175939e-05
-0.11431173,2.5235448,0.00065921224,-3.0985848e-05,-0.00010135737
-0.21219362,2.4524276,0.00041216126,-1.9409721e-05,-0.00011851885
-0.31400928,2.396256,0.00024000871,-9.722793e-06,-0.00013903236
-0.41909122,2.3497405,0.00012062005,-3.208825e-06,-0.00016297196
-0.018209927,2.6069124,0.0009720853,-4.116682e-05,-8.5935804e-05
0.077733316,2.6987095,0.0013120286,-4.6568486e-05,-7.1231996e-05
-0.5264474,2.308451,4.2218857e-05,1.3735242e-07,-0.00019076688
-0.54084134,2.2315018,0.0,0.0,-0.00019085819
0.37494725,2.8940182,0.0018528288,-4.781016e-05,-3.6017816e-05
0.47681653,2.994708,0.0020045945,-4.561365e-05,-2.3626566e-05
0.5813014,3.095962,0.002083136,-4.467187e-05,-1.2446046e-05
0.6893576,3.196823,0.0021114685,-4.5505927e-05,-3.051087e-06
0.7957746,3.2978895,0.0021106247,-4.7476075e-05,4.4876847e-06
0.8994263,3.3991077,0.0020943538,-5.0200666e-05,1.0328391e-05
1.0,3.5,0.002071716,-5.34021e-05,1.4753953e-05
1.1,3.6,0.002048034,-5.6808334e-05,1.7829316e-05
1.2,3.7,0.0020255712,-6.0286995e-05,1.982369e-05
1.3,3.8,0.0020051117,-6.3638e-05,2.08704e-05
1.4,3.9,0.001985938,-6.6666886e-05,2.1127136e-05
1.5,4.0,0.001965336,-6.900563e-05,2.0715484e-05
1.6,4.1,0.0019377065,-7.0150534e-05,1.975282e-05
1.7,4.1,0.0019368568,-7.114392e-05,1.627706e-05
0.2747117,2.89435,0.0018604433,-4.3849595e-05,-4.1407915e-05
0.1745107,2.7947176,0.0016211089,-4.6622783e-05,-5.6212408e-05
-0.114484325,2.6207395,0.0010190499,-4.121222e-05,-9.9340345e-05
-0.21096364,2.5450578,0.0007241602,-3.4105833e-05,-0.00011797976
-0.3091717,2.4830332,0.000491308,-2.584372e-05,-0.00013823726
-0.4102532,2.4318466,0.00031442227,-1.8220191e-05,-0.00016180614
-0.51506937,2.3868682,0.00017802329,-1.13518245e-05,-0.00018981055
-0.019242564,2.7053535,0.0013371799,-4.4197463e-05,-8.211765e-05
0.07714415,2.7982185,0.0016375994,-4.28872e-05,-6.469712e-05
-0.62185246,2.342171,7.1886054e-05,-4.822442e-06,-0.0002213705
-0.6349891,2.2656317,0.0,0.0,-0.00022164277
0.37666363,2.9947402,0.0020111594,-4.122435e-05,-2.7133374e-05
0.47953165,3.0956533,0.0020877086,-4.0200768e-05,-1.4219528e-05
0.5873717,3.196797,0.0021143844,-4.1266194e-05,-3.310645e-06
0.694616,3.2980628,0.0021120643,-4.358659e-05,5.3917934e-06
0.7985178,3.3989375,0.0020947617,-4.66736e-05,1.2128362e-05
0.9,3.5,0.0020713592,-5.0242434e-05,1.7217028e-05
1.0,3.6,0.0020472046,-5.3990385e-05,2.0793306e-05
1.1,3.7,0.0020244448,-5.7796748e-05,2.3140909e-05
1.2,3.8,0.0020038623,-6.147401e-05,2.4423536e-05
1.3,3.9,0.0019848195,-6.483145e-05,2.4817897e-05
1.4,4.0,0.001964761,-6.751844e-05,2.446247e-05
1.5,4.1,0.0019382981,-6.902926e-05,2.3466127e-05
1.7,4.2,0.0018938342,-6.9282425e-05,1.8271698e-05
1.6,4.2,0.0018963749,-6.8595094e-05,2.1925267e-05
0.27573037,2.9946475,0.0020184338,-3.621708e-05,-3.143761e-05
0.17568387,2.8953812,0.001870683,-3.929868e-05,-4.7707406e-05
-0.11565678,2.717504,0.0013855131,-4.074924e-05,-9.416586e-05
-0.21187446,2.6382413,0.0010859146,-4.025627e-05,-0.00011500365
-0.3081336,2.571808,0.0008189196,-3.6415397e-05,-0.00013672854
-0.40622422,2.5167964,0.000598055,-3.127938e-05,-0.00016041502
-0.5070955,2.4674957,0.00040903597,-2.524518e-05,-0.00018774008
-0.6108013,2.4206715,0.00024641698,-1.7811457e-05,-0.00021939685
-0.019959096,2.8037584,0.0016623808,-3.8199523e-05,-7.448052e-05
0.0770649,2.8977063,0.0018850613,-3.390922e-05,-5.4997756e-05
-0.717715,2.3724923,0.000107417385,-9.158255e-06,-0.00025475668
-0.73046184,2.2958577,0.0,0.0,-0.00025564403
0.37845924,3.0951817,0.0020925838,-3.5201036e-05,-1.6609813e-05
0.48511046,3.1963403,0.0021174469,-3.6525926e-05,-3.955677e-06
0.59288806,3.2975814,0.0021136785,-3.925397e-05,6.051262e-06
0.6974606,3.3986874,0.0020951938,-4.277091e-05,1.3838279e-05
0.8,3.5,0.0020709536,-4.6770223e-05,1.9703684e-05
0.9,3.6,0.002046293,-5.0900966e-05,2.3854858e-05
1.0,3.7,0.0020232117,-5.5070628e-05,2.6610693e-05
1.1,3.8,0.0020024788,-5.9105154e-05,2.8173516e-05
1.2,3.9,0.0019835304,-6.281782e-05,2.8738337e-05
1.3,4.0,0.001963968,-6.587882e-05,2.8459855e-05
1.4,4.1,0.00193862,-6.779061e-05,2.7456315e-05
1.5,4.2,0.0018985964,-6.779081e-05,2.5856727e-05
1.7,4.3,0.001826212,-6.537659e-05,1.9895817e-05
1.6,4.3,0.0018311453,-6.501035e-05,2.371308e-05
0.27899516,3.0954828,0.0020982127,-2.9618615e-05,-1.9526575e-05
0.17692229,2.9957435,0.0020277698,-3.055969e-05,-3.6294758e-05
-0.117279395,2.8119535,0.0016972219,-3.2091997e-05,-8.539314e-05
-0.21352394,2.7314618,0.0014442697,-3.5700155e-05,-0.00010817653
-0.3092753,2.6618602,0.0011841799,-3.7049245e-05,-0.00013202742
-0.4049954,2.6032853,0.0009459847,-3.6141653e-05,-0.00015690825
-0.50235325,2.5504887,0.00072446035,-3.3578806e-05,-0.00018431153
-0.60351104,2.5006201,0.0005176245,-2.9441117e-05,-0.00021573668
-0.7071425,2.4506664,0.00032348014,-2.2051938e-05,-0.000251663
-0.021469899,2.9005508,0.0019019421,-2.7545533e-05,-6.3388004e-05
0.07764901,2.9971342,0.0020383853,-2.4030076e-05,-4.1988234e-05
-0.8141748,2.3991537,0.00014858607,-1.2378759e-05,-0.0002910201
-0.8270823,2.3221855,0.0,0.0,-0.00029269446
0.38377258,3.1959555,0.0021206439,-3.12484e-05,-5.0593176e-06
0.49021125,3.296495,0.0021154599,-3.439911e-05,6.457619e-06
0.59676903,3.3982666,0.0020956667,-3.8459497e-05,1.543186e-05
0.6991301,3.4992144,0.0020706935,-4.290732e-05,2.2173524e-05
0.8,3.6,0.0020452943,-4.7504032e-05,2.7016566e-05
0.9,3.7,0.0020218657,-5.2079995e-05,3.0241863e-05
1.0,3.8,0.0020009547,-5.6506422e-05,3.213066e-05
1.1,3.9,0.0019820647,-6.0605562e-05,3.2900858e-05
1.2,4.0,0.001962953,-6.406784e-05,3.272356e-05
1.3,4.1,0.0019386583,-6.640462e-05,3.174144e-05
1.4,4.2,0.0019004873,-6.686795e-05,3.0093857e-05
1.5,4.3,0.0018357222,-6.454461e-05,2.785359e-05
1.7,4.4,0.0017212877,-5.887887e-05,2.1142612e-05
1.6,4.4,0.0017290883,-5.8837755e-05,2.5104984e-05
0.28210473,3.1957164,0.0021240392,-2.5278687e-05,-6.7007904e-06
0.1790846,3.0960777,0.0021045415,-2.3294608e-05,-2.2951914e-05
-0.11771454,2.909122,0.0019311034,-1.9363657e-05,-7.182938e-05
-0.21469478,2.8255436,0.0017497721,-2.3706261e-05,-9.705562e-05
-0.31103474,2.7530494,0.0015342624,-2.7547072e-05,-0.00012302451
-0.40629816,2.691336,0.0013135124,-2.989435e-05,-0.00014953566
-0.50173086,2.6356306,0.0010907743,-3.1162228e-05,-0.00017802916
-0.5989392,2.5831068,0.0008666102,-3.105563e-05,-0.00020966666
-0.699668,2.5305278,0.0006364923,-2.9343837e-05,-0.0002454221
-0.804186,2.4767423,0.00040755077,-2.3118237e-05,-0.00028625465
-0.02115231,2.9994724,0.0020507188,-1.6465852e-05,-4.8382935e-05
0.07965558,3.096967,0.002111447,-1.6162738e-05,-2.6874719e-05
-0.9126334,2.4215078,0.00019363276,-1.37268225e-05,-0.00033017772
-0.9246721,2.3446548,0.0,0.0,-0.0003323984
0.3885916,3.296461,0.0021171374,-2.9013012e-05,6.691008e-06
0.49473104,3.397344,0.002096257,-3.3610482e-05,1.690921e-05
0.5990523,3.4991763,0.002070179,-3.8675615e-05,2.470261e-05
0.7,3.6,0.0020441967,-4.376236e-05,3.02892e-05
0.8,3.7,0.0020203972,-4.8793318e-05,3.4046374e-05
0.9,3.8,0.0019992823,-5.365072e-05,3.630779e-05
1.0,3.9,0.0019804165,-5.81716e-05,3.7319147e-05
1.1,4.0,0.0019617085,-6.206394e-05,3.7272497e-05
1.2,4.1,0.0019384078,-6.484303e-05,3.6337387e-05
1.3,4.2,0.001902031,-6.580598e-05,3.466694e-05
1.4,4.3,0.001839933,-6.396704e-05,3.231382e-05
1.5,4.4,0.0017365626,-5.871154e-05,2.9398143e-05
1.6,4.5,0.0015772509,-4.9759972e-05,2.6019685e-05
1.7,4.5,0.0015666346,-4.9527796e-05,2.1938033e-05
0.28718522,3.2965932,0.0021188373,-2.2967452e-05,6.6434377e-06
0.18266565,3.1964037,0.0021276844,-1.8647082e-05,-8.555603e-06
-0.117413186,3.0067453,0.002068418,-7.298681e-06,-5.4473716e-05
-0.21552157,2.9203086,0.0019660476,-9.060975e-06,-8.087656e-05
-0.31270018,2.8419816,0.0018113143,-1.2697717e-05,-0.000109441266
-0.40857473,2.78011,0.001644716,-1.5120864e-05,-0.00013740576
-0.50364375,2.7220044,0.001452938,-1.7693761e-05,-0.00016730353
-0.5985265,2.6672251,0.0012444062,-2.0184338e-05,-0.00019980826
-0.6945166,2.612834,0.0010144938,-2.2432074e-05,-0.00023556351
-0.79575694,2.5563848,0.00075991213,-2.3448838e-05,-0.00027667207
-0.9014895,2.4994905,0.00050024607,-1.990375e-05,-0.00032247827
-0.019247456,3.0989676,0.0021191344,-8.0184145e-06,-3.1107757e-05
0.08292537,3.1970901,0.0021315897,-1.1141293e-05,-1.0712949e-05
-1.0120726,2.440994,0.00024764097,-1.273879e-05,-0.00037093108
-1.0230707,2.363266,0.0,0.0,-0.000374213
0.3935291,3.3968005,0.00209674,-2.8260907e-05,1.8326818e-05
0.49894708,3.4985933,0.0020697364,-3.3983244e-05,2.7211607e-05
0.6,3.6,0.0020429883,-3.9635124e-05,3.368583e-05
0.7,3.7,0.0020187947,-4.5174624e-05,3.803972e-05
0.8,3.8,0.0019974513,-5.0508774e-05,4.072171e-05
0.9,3.9,0.0019785766,-5.549099e-05,4.2010404e-05
1.0,4.0,0.0019602266,-5.9844035e-05,4.212392e-05
1.1,4.1,0.0019378626,-6.3091764e-05,4.1257186e-05
1.2,4.2,0.0019032203,-6.456728e-05,3.95698e-05
1.3,4.3,0.0018437672,-6.326797e-05,3.7115587e-05
1.4,4.4,0.0017436901,-5.849277e-05,3.4036e-05
1.5,4.5,0.001587632,-4.99329e-05,3.04473e-05
1.6,4.6,0.0013661991,-3.8253555e-05,2.643946e-05
1.7,4.6,0.0013536384,-3.7872756e-05,2.2275866e-05
0.2921721,3.396986,0.0020969992,-2.2277125e-05,1.9764033e-05
0.18620978,3.296637,0.0021205782,-1.6178175e-05,6.3798884e-06
-0.11670786,3.103101,0.0021276658,1.367822e-06,-3.522553e-05
-0.21554597,3.0136774,0.002085951,3.5066707e-06,-6.1451356e-05
-0.3133197,2.9337766,0.0020040025,3.4747673e-06,-9.011306e-05
-0.4106411,2.8671315,0.0018929362,2.8371494e-06,-0.00011980237
-0.5060601,2.809919,0.0017609984,2.136976e-06,-0.00015011849
-0.6004122,2.7529683,0.0015948897,2.4038064e-07,-0.00018403497
-0.69430995,2.6965668,0.0013964298,-2.9043183e-06,-0.0002210559
-0.79006326,2.6390545,0.001161752,-7.0383257e-06,-0.0002619662
-0.89156187,2.578792,0.0008877303,-1.1259744e-05,-0.0003083908
-1.0002381,2.518849,0.00060075935,-1.0868597e-05,-0.00035995292
-0.016765757,3.1977694,0.0021356775,-2.6887353e-06,-1.2999603e-05
0.08706043,3.2971857,0.002122181,-8.669671e-06,6.080515e-06
-1.113124,2.4581969,0.00031616478,-7.5446137e-06,-0.00041174426
-1.1221268,2.3779817,0.0,0.0,-0.000415676
0.39833483,3.4982421,0.0020691303,-2.8751541e-05,2.9813025e-05
0.5,3.6,0.0020416516,-3.5075303e-05,3.7226593e-05
0.6,3.7,0.0020170426,-4.1185063e-05,4.2242264e-05
0.7,3.8,0.0019954485,-4.704895e-05,4.5393877e-05
0.8,3.9,0.0019765345,-5.2536765e-05,4.69965e-05
0.9,4.0,0.0019584976,-5.7385903e-05,4.72974e-05
1.0,4.1,0.0019370154,-6.114105e-05,4.6515037e-05
1.1,4.2,0.001904058,-6.313739e-05,4.4801036e-05
1.2,4.3,0.0018472078,-6.242476e-05,4.2275715e-05
1.3,4.4,0.001750454,-5.8165762e-05,3.9027782e-05
1.4,4.5,0.0015977517,-5.0036404e-05,3.5239544e-05
1.5,4.6,0.0013786709,-3.860035e-05,3.09602e-05
1.7,4.7,0.0010809487,-2.5130521e-05,2.2200242e-05
1.6,4.7,0.0010937365,-2.5514284e-05,2.6417472e-05
0.1912375,3.3972929,0.002097125,-1.5610758e-05,2.1214028e-05
0.2980657,3.4983687,0.0020682625,-2.2964494e-05,3.2550517e-05
-0.11357383,3.2021341,0.0021396102,6.735321e-06,-1.4453052e-05
-0.21453086,3.1091325,0.0021365255,1.2292489e-05,-3.94645e-05
-0.31364214,3.0262322,0.0021069306,1.6596356e-05,-6.74395e-05
-0.41095454,2.9545412,0.0020501777,1.951877e-05,-9.738878e-05
-0.5098627,2.8970213,0.0019765075,2.2830005e-05,-0.00012717997
-0.60338765,2.8405683,0.0018722067,2.4329634e-05,-0.00016055179
-0.69580305,2.7824612,0.0017279573,2.3586701e-05,-0.0001985019
-0.78851384,2.7237413,0.0015427509,2.0677566e-05,-0.00024036474
-0.8841245,2.6609805,0.0013002512,1.4522744e-05,-0.00028759884
-0.9872911,2.5978267,0.0010171733,7.903315e-06,-0.0003395917
-1.0997242,2.5372186,0.00072230597,5.97772e-06,-0.00039679397
-0.011560802,3.2984636,0.002123588,-2.8076502e-07,6.0102498e-06
0.091932304,3.3979938,0.0020969715,-8.279122e-06,2.2779608e-05
-1.2138215,2.4736671,0.00040436114,3.4090608e-06,-0.00044875476
-1.2216823,2.3888154,0.0,0.0,-0.00045389083
0.4,3.6,0.002040161,-3.003104e-05,4.0946652e-05
0.5,3.7,0.0020151213,-3.6783094e-05,4.6682602e-05
0.6,3.8,0.0019932569,-4.3236952e-05,5.035099e-05
0.7,3.9,0.001974275,-4.9279693e-05,5.2303556e-05
0.8,4.0,0.0019565104,-5.4666372e-05,5.2818057e-05
0.9,4.1,0.0019358551,-5.896957e-05,5.2134408e-05
1.0,4.2,0.0019045299,-6.152929e-05,5.0408835e-05
1.1,4.3,0.0018502383,-6.141463e-05,4.7814025e-05
1.2,4.4,0.0017568277,-5.7716443e-05,4.4414395e-05
1.3,4.5,0.001607583,-5.0057635e-05,4.041564e-05
1.4,4.6,0.0013910279,-3.890557e-05,3.586009e-05
1.5,4.7,0.0011065867,-2.5884983e-05,3.10009e-05
1.7,4.8,0.0007556771,-1.345714e-05,2.1693304e-05
1.6,4.8,0.00076642557,-1.37253255e-05,2.5931698e-05
0.19770445,3.498652,0.0020671731,-1.6529302e-05,3.5459496e-05
0.3,3.6,0.0020384865,-2.4448718e-05,4.4885852e-05
-0.11033834,3.300213,0.0021247184,9.10649e-06,6.274482e-06
-0.21044292,3.2068977,0.0021432396,1.7353772e-05,-1.5946016e-05
-0.31120536,3.1202292,0.0021457744,2.4951807e-05,-4.2288008e-05
-0.41254097,3.0464723,0.0021296567,3.2654305e-05,-7.058176e-05
-0.50950015,2.9833863,0.0020978956,3.951188e-05,-0.00010011461
-0.6071603,2.9297814,0.0020508934,4.6440065e-05,-0.00013038429
-0.69904757,2.869756,0.0019679025,5.037244e-05,-0.00016792105
-0.790757,2.809019,0.0018443328,5.167753e-05,-0.00021056319
-0.8821489,2.744651,0.001663608,4.858331e-05,-0.00025901763
-0.9771888,2.6792986,0.001429393,4.207217e-05,-0.00031131718
-1.0809882,2.6159892,0.0011592242,3.53578e-05,-0.00036834212
-1.2028549,2.558271,0.00088890427,3.5661415e-05,-0.00042823533
-0.0069365734,3.398653,0.0020965848,-1.2847853e-07,2.4516343e-05
0.09746023,3.4987025,0.0020659224,-9.387279e-06,3.8559934e-05
-1.3144249,2.4868572,0.00051129155,2.2701797e-05,-0.00048095168
-1.3215935,2.3956277,0.0,0.0,-0.00048784784
0.4,3.7,0.002013005,-3.192365e-05,5.139905e-05
0.5,3.8,0.0019908552,-3.903599e-05,5.5626882e-05
0.6,3.9,0.0019717815,-4.5688725e-05,5.7962166e-05
0.7,4.0,0.00195425,-5.1660547e-05,5.871512e-05
0.8,4.1,0.0019343694,-5.6552377e-05,5.8144706e-05
0.9,4.2,0.0019046108,-5.971889e-05,5.643356e-05
1.0,4.3,0.0018528372,-6.023333e-05,5.3768792e-05
1.1,4.4,0.0017627737,-5.7130885e-05,5.0236325e-05
1.2,4.5,0.0016170942,-4.9978757e-05,4.6001885e-05
1.3,4.6,0.0014032412,-3.916023e-05,4.1163796e-05
1.4,4.7,0.0011194806,-2.6237189e-05,3.5973684e-05
1.5,4.8,0.0007773292,-1.3992513e-05,3.054143e-05
1.6,4.9,0.00039734424,-4.8149996e-06,2.5371932e-05
1.7,4.9,0.00039095822,-4.703992e-06,2.112804e-05
0.2,3.6,0.00203659,-1.8271587e-05,4.909673e-05
0.3,3.7,0.0020106619,-2.6561007e-05,5.6438625e-05
-0.2076504,3.304728,0.0021247058,1.9412164e-05,7.260477e-06
-0.10604761,3.3996816,0.0020957293,8.954833e-06,2.6604293e-05
-0.30774203,3.2146003,0.00214602,2.9489574e-05,-1.6453947e-05
-0.41139564,3.1317647,0.002154022,3.9860035e-05,-4.405911e-05
-0.5060862,3.0629709,0.0021467977,4.947795e-05,-7.2968636e-05
-0.6115657,3.0202723,0.0021371848,6.338582e-05,-9.6243646e-05
-0.70277953,2.957463,0.0021038824,7.174716e-05,-0.00013192846
-0.7939424,2.8962486,0.0020445057,7.933836e-05,-0.00017236038
-0.88430166,2.8310099,0.0019383703,8.2956394e-05,-0.00022081034
-0.9735737,2.763148,0.0017727072,8.1073325e-05,-0.00027475515
-1.0668446,2.6969805,0.0015594664,7.584232e-05,-0.0003319298
-1.1794333,2.6343684,0.0013192073,7.438822e-05,-0.0003930133
-1.3057349,2.576748,0.0010679235,7.851835e-05,-0.00045320968
-0.0026826817,3.4989522,0.0020643116,-1.4780602e-06,4.1997493e-05
0.1,3.6,0.0020344218,-1.14421255e-05,5.3651547e-05
-1.4156108,2.489424,0.00058312505,4.603953e-05,-0.00051106926
-1.4216996,2.3983486,0.0,0.0,-0.000519415
0.4,3.8,0.001988217,-3.4407673e-05,6.12632e-05
0.5,3.9,0.0019690322,-4.1731677e-05,6.400887e-05
0.6,4.0,0.0019516998,-4.8341066e-05,6.502099e-05
0.7,4.1,0.0019325432,-5.386422e-05,6.4581014e-05
0.8,4.2,0.0019042843,-5.7666555e-05,6.290313e-05
0.9,4.3,0.0018549779,-5.8863094e-05,6.0184633e-05
1.0,4.4,0.0017682667,-5.6393874e-05,5.6500976e-05
1.1,4.5,0.0016262494,-4.978813e-05,5.2030446e-05
1.2,4.6,0.0014152772,-3.9354174e-05,4.6899233e-05
1.3,4.7,0.0011323969,-2.6564532e-05,4.1361138e-05
1.4,4.8,0.0007883803,-1.4256395e-05,3.554693e-05
1.5,4.9,0.0004038693,-4.9272867e-06,2.9989462e-05
1.6,5.0,0.0,0.0,2.5200945e-05
1.7,5.0,0.0,0.0,2.0954227e-05
0.2,3.7,0.0020080528,-2.0648295e-05,6.1859326e-05
0.3,3.8,0.0019853103,-2.9312114e-05,6.7309586e-05
-0.3051015,3.3090992,0.0021240746,3.0917563e-05,8.722508e-06
-0.20455052,3.4020603,0.0020939705,1.8934024e-05,2.9329987e-05
-0.10249229,3.4994469,0.0020622553,7.240037e-06,4.587064e-05
-0.40504944,3.2231572,0.0021477027,4.3129385e-05,-1.58068e-05
-0.5217047,3.162545,0.0021616023,5.8751535e-05,-3.9372168e-05
-0.60250074,3.1025722,0.0021630935,7.022364e-05,-6.33397e-05
-0.70536506,3.0564637,0.0021611417,8.683901e-05,-8.891213e-05
-0.7968651,2.9867625,0.00214484,9.916985e-05,-0.00012838382
-0.8876847,2.9179807,0.002100594,0.0001100024,-0.00017520708
-0.9764769,2.8482845,0.0020120507,0.00011664873,-0.00022892705
-1.0627044,2.778448,0.0018667433,0.00011710332,-0.00028804457
-1.1527387,2.7088866,0.0016649672,0.0001117151,-0.00035064633
-1.2930909,2.672664,0.0015884535,0.00014774098,-0.00039678824
-1.4096475,2.5833566,0.001200455,0.00012710827,-0.00047644592
-2.0960056e-10,3.6,0.0020319254,-3.904089e-06,5.863268e-05
0.1,3.7,0.0020051308,-1.4136313e-05,6.77323e-05
-1.5167396,2.487273,0.00065142993,7.419842e-05,-0.0005377922
-1.5218303,2.3967612,0.0,0.0,-0.0005481624
0.4,3.9,0.0019660017,-3.7375426e-05,7.04872e-05
0.5,4.0,0.0019488393,-4.4679287e-05,7.17738e-05
0.6,4.1,0.0019303579,-5.0878447e-05,7.147877e-05
0.7,4.2,0.0019035375,-5.535199e-05,6.9844325e-05
0.8,4.3,0.0018566401,-5.7262427e-05,6.7076195e-05
0.9,4.4,0.0017732871,-5.5492565e-05,6.323301e-05
1.0,4.5,0.001635014,-4.947766e-05,5.8527003e-05
1.1,4.6,0.0014270998,-3.9476243e-05,5.3095016e-05
1.2,4.7,0.0011453101,-2.6860234e-05,4.7190777e-05
1.3,4.8,0.0007995684,-1.4514106e-05,4.097453e-05
1.4,4.9,0.00041053345,-5.040059e-06,3.50054e-05
1.5,5.0,0.0,0.0,2.982218e-05
0.2,3.8,0.0019820973,-2.3708533e-05,7.382549e-05
0.3,3.9,0.0019626587,-3.258601e-05,7.744842e-05
-0.40348095,3.313846,0.0021224504,4.3862754e-05,1.1249054e-05
-0.30330065,3.4047537,0.0020915086,2.9989296e-05,3.27974e-05
-0.20132543,3.5000575,0.0020597153,1.677167e-05,5.0275925e-05
-0.1,3.6,0.0020290355,4.400027e-06,6.413783e-05
-0.5011722,3.229782,0.0021492066,5.8217312e-05,-1.5427862e-05
-0.5780693,3.1575353,0.0021649357,6.821254e-05,-4.2143216e-05
-0.69767845,3.1688352,0.0021613203,9.184577e-05,-3.9539187e-05
-0.7979352,3.0813525,0.0021733923,0.00011001389,-8.188797e-05
-0.89147675,3.0069597,0.0021687811,0.0001270254,-0.00012528029
-0.9811904,2.9343755,0.0021400196,0.00014223656,-0.00017616405
-1.0673692,2.8617022,0.002070401,0.00015296033,-0.00023374826
-1.1472946,2.7910109,0.0019477158,0.00015630307,-0.0002966733
-1.2176445,2.7273006,0.0017853255,0.0001503216,-0.0003503938
-1.4111198,2.6723318,0.0016881494,0.00021001244,-0.00041799893
-1.5146469,2.5767388,0.0012720056,0.00017616183,-0.00049872464
-1.7935117e-10,3.7,0.0020018397,-6.976034e-06,7.414097e-05
0.1,3.8,0.0019785324,-1.7556571e-05,8.0881466e-05
-1.6178389,2.4799814,0.0007135722,0.00010824972,-0.00055826426
-1.6217914,2.3907251,0.0,0.0,-0.00057088846
0.4,4.0,0.001945644,-4.0646282e-05,7.9019046e-05
0.5,4.1,0.0019277936,-4.7570196e-05,7.8875935e-05
0.6,4.2,0.0019023542,-5.276543e-05,7.7285724e-05
0.7,4.3,0.0018578172,-5.5402143e-05,7.44429e-05
0.8,4.4,0.0017778069,-5.4405456e-05,7.0463764e-05
0.9,4.5,0.0016433573,-4.9030597e-05,6.55101e-05
1.0,4.6,0.0014386713,-3.9514714e-05,5.9779402e-05
1.1,4.7,0.0011581912,-2.7117583e-05,5.3492226e-05
1.2,4.8,0.0008108804,-1.4762243e-05,4.6852412e-05
1.3,4.9,0.00041733557,-5.152447e-06,4.04464e-05
1.4,5.0,0.0,0.0,3.4842815e-05
0.2,3.9,0.0019589672,-2.7329092e-05,8.4952306e-05
0.3,4.0,0.0019420845,-3.6212583e-05,8.680908e-05
-0.5055961,3.31083,0.0021226986,5.8899805e-05,1.19261485e-05
-0.40315387,3.4063504,0.002088719,4.2300006e-05,3.69178e-05
-0.30127415,3.5017996,0.0020561805,2.7358983e-05,5.571159e-05
-0.2,3.6,0.002025663,1.3526639e-05,7.030646e-05
-0.1,3.7,0.0019981146,8.80775e-07,8.118332e-05
-0.6069193,3.200679,0.0021575994,7.535959e-05,-2.601627e-05
-0.7980813,3.181958,0.0021608162,0.000113336755,-3.325033e-05
-0.89346147,3.1002002,0.0021784522,0.00013495948,-7.3124815e-05
-0.9868042,3.0219953,0.0021830813,0.00015663967,-0.000120737335
-1.0756279,2.9458055,0.0021671639,0.00017668333,-0.00017431699
-1.1589048,2.8685503,0.00211199,0.00019205725,-0.00023672823
-1.2294154,2.7819557,0.001964926,0.00018895995,-0.00031008016
-1.3289634,2.770803,0.0019828503,0.00023212834,-0.0003252308
-1.4249269,2.7591736,0.0020040385,0.000279771,-0.0003404104
-1.5177379,2.6674337,0.0017647528,0.00027455325,-0.00042725925
-1.6178381,2.5686288,0.0013530296,0.00023585043,-0.00051182206
-1.5321891e-10,3.8,0.001974562,-1.081718e-05,8.8559915e-05
0.1,3.9,0.001954884,-2.157086e-05,9.3067654e-05
-1.7182797,2.4685812,0.00077689794,0.00015115904,-0.00056908897
-1.7213664,2.380073,0.0,0.0,-0.000584451
0.4,4.1,0.0019248272,-4.391585e-05,8.6818116e-05
0.5,4.2,0.0019007128,-4.988723e-05,8.5265914e-05
0.6,4.3,0.0018584902,-5.3297896e-05,8.2340855e-05
0.7,4.4,0.0017817959,-5.3101096e-05,7.82225e-05
0.8,4.5,0.001651242,-4.8429138e-05,7.3023395e-05
0.9,4.6,0.0014499519,-3.9455626e-05,6.698088e-05
1.0,4.7,0.0011710078,-2.7328968e-05,6.029676e-05
1.1,4.8,0.0008223,-1.4996723e-05,5.3210595e-05
1.2,4.9,0.0004242731,-5.26356e-06,4.6341156e-05
1.3,5.0,0.0,0.0,4.0289593e-05
0.2,4.0,0.0019381269,-3.1349085e-05,9.520277e-05
0.3,4.1,0.0019214312,-3.98917e-05,9.535707e-05
-0.605352,3.2981844,0.0021256772,7.52865e-05,9.9377685e-06
-0.5033452,3.4041128,0.0020866527,5.587816e-05,4.0817933e-05
-0.40146926,3.5022979,0.002052425,3.904454e-05,6.173808e-05
-0.3,3.6,0.002021717,2.352179e-05,7.728849e-05
-0.2,3.7,0.0019938787,9.4807465e-06,8.8977155e-05
-0.1,3.8,0.001970124,-3.453237e-06,9.6957185e-05
-0.7031151,3.2888646,0.0021263014,9.24261e-05,1.019987e-05
-0.8947343,3.1942208,0.002156231,0.00013569498,-2.3294811e-05
-0.79812676,3.2898066,0.0021221181,0.00011062267,1.595302e-05
-0.9903141,3.1127691,0.0021785,0.00016164558,-6.4435015e-05
-1.082856,3.0312247,0.0021906854,0.00018808135,-0.000113896924
-1.1704605,2.9507964,0.002183752,0.00021303087,-0.00017129825
-1.25007,2.86507,0.002133127,0.00023143014,-0.0002419208
-1.3455049,2.8556376,0.002145778,0.00027369568,-0.0002486854
-1.4440477,2.8471248,0.0021593864,0.00032259178,-0.0002479937
-1.5295781,2.7519908,0.0020450293,0.000343462,-0.00033897653
-1.6230978,2.6548803,0.0018127663,0.00034217673,-0.00043229604
-1.7199175,2.5555642,0.0014210992,0.00030338977,-0.000514689
-1.3200069e-10,3.9,0.0019503599,-1.5279094e-05,0.00010187308
0.1,4.0,0.001933732,-2.6028352e-05,0.000104266335
-1.8180952,2.4519534,0.0008327755,0.00019978009,-0.00056732836
0.4,4.2,0.0018985906,-4.669102e-05,9.383223e-05
0.5,4.3,0.0018586202,-5.0936927e-05,9.08362e-05
0.6,4.4,0.0017852193,-5.157432e-05,8.65593e-05
0.7,4.5,0.0016586143,-4.7657755e-05,8.112654e-05
0.8,4.6,0.001460897,-3.927982e-05,7.473411e-05
0.9,4.7,0.0011837229,-2.7485345e-05,6.763794e-05
1.0,4.8,0.00083380763,-1.5212734e-05,6.008103e-05
1.1,4.9,0.00043134182,-5.3724084e-06,5.2720447e-05
1.2,5.0,0.0,0.0,4.6191264e-05
0.2,4.1,0.0019175747,-3.5473407e-05,0.000104548664
0.3,4.2,0.0018959609,-4.3153217e-05,0.00010303973
-0.6036394,3.3997033,0.0020845733,7.0947666e-05,4.5008375e-05
-0.5014227,3.5016265,0.0020483702,5.1825067e-05,6.8433605e-05
-0.4,3.6,0.0020170948,3.442913e-05,8.522512e-05
-0.3,3.7,0.0019890454,1.8859333e-05,9.765333e-05
-0.2,3.8,0.0019651458,4.5691404e-06,0.00010618301
-0.1,3.9,0.0019453382,-8.42451e-06,0.00011145802
-0.7012504,3.3968554,0.0020808773,8.712963e-05,5.097802e-05
-0.9930632,3.2068698,0.0021470762,0.00015943429,-9.952392e-06
-0.8959622,3.29622,0.002113633,0.0001308968,2.6472293e-05
-0.7996912,3.3959868,0.0020749532,0.00010471229,5.9583926e-05
-1.087814,3.1213036,0.0021747893,0.00019002715,-5.3024924e-05
-1.1795516,3.0367742,0.0021927787,0.00022149194,-0.00010441468
-1.2660077,2.9482152,0.0021923066,0.00025116137,-0.00016926818
-1.3620316,2.9429326,0.0021963615,0.0002921759,-0.00016394479
-1.4583524,2.9350781,0.0021962496,0.00033673013,-0.00015338682
-1.54355,2.838671,0.0021691932,0.00037760017,-0.00023693072
-1.6325327,2.742638,0.002075004,0.00041098692,-0.0003283756
-1.7261683,2.6425264,0.0018649772,0.00041983745,-0.0004215467
-1.8204647,2.5397327,0.0014883279,0.00038276485,-0.00050400576
-1.1188345e-10,4.0,0.0019288549,-2.0225152e-05,0.00011407409
0.1,4.1,0.0019132232,-3.0637882e-05,0.000114455055
0.4,4.3,0.0018581769,-4.827109e-05,9.997146e-05
0.5,4.4,0.0017880357,-4.981355e-05,9.553732e-05
0.6,4.5,0.0016654277,-4.6701116e-05,8.9842484e-05
0.7,4.6,0.0014714553,-3.8972204e-05,8.3081555e-05
0.8,4.7,0.0011962942,-2.757661e-05,7.555277e-05
0.9,4.8,0.00084537984,-1.540473e-05,6.749781e-05
1.0,4.9,0.00043853547,-5.4777156e-06,5.961716e-05
1.1,5.0,0.0,0.0,5.257865e-05
0.2,4.2,0.0018927931,-3.9250426e-05,0.00011294339
0.3,4.3,0.0018571372,-4.5281286e-05,0.00010978818
-0.60138714,3.5001872,0.002043697,6.578346e-05,7.6220975e-05
-0.5,3.6,0.0020116714,4.6304347e-05,9.429802e-05
-0.4,3.7,0.0019835164,2.904064e-05,0.000107359985
-0.3,3.8,0.0019595474,1.3279212e-05,0.000116356416
-0.2,3.9,0.0019397544,-9.826775e-07,0.000121922436
-0.1,4.0,0.0019234451,-1.3917116e-05,0.00012470852
-0.70096093,3.4989269,0.0020378176,8.085005e-05,8.568736e-05
-1.0923239,3.2125883,0.0021369334,0.00018503497,3.822524e-06
-0.99569684,3.3021915,0.002102533,0.0001526724,4.0004816e-05
-0.8982538,3.3980336,0.002066056,0.00012329334,7.148799e-05
-0.7998646,3.4985502,0.0020302674,9.6877535e-05,9.724933e-05
-1.1864119,3.1247532,0.0021678626,0.00022022828,-3.9875173e-05
-1.2767651,3.0360081,0.0021907396,0.00025694174,-9.456973e-05
-1.374188,3.0320466,0.0021849482,0.0002947123,-8.064252e-05
-1.4716666,3.0255346,0.002174703,0.00033467566,-6.194943e-05
-1.5564737,2.9276161,0.0021903643,0.0003850313,-0.00013362186
-1.6444458,2.8293633,0.0021724778,0.00043705959,-0.00021626988
-1.7353503,2.729368,0.0020931314,0.0004831106,-0.00030668481
-1.8268964,2.627348,0.0019061933,0.0005035309,-0.00039790352
-9.15238e-11,4.1,0.0019083372,-2.5364801e-05,0.0001251461
0.1,4.2,0.0018890552,-3.496377e-05,0.00012360017
0.4,4.4,0.0017902105,-4.7770547e-05,0.000105184365
0.5,4.5,0.0016716485,-4.5546654e-05,9.9200006e-05
0.6,4.6,0.0014815752,-3.8525668e-05,9.206026e-05
0.7,4.7,0.001208674,-2.7592063e-05,8.4079715e-05
0.8,4.8,0.0008569888,-1.5566893e-05,7.5497315e-05
0.9,4.9,0.00044584545,-5.57783e-06,6.70662e-05
1.0,5.0,0.0,0.0,5.9484693e-05
0.2,4.3,0.0018554743,-4.1964056e-05,0.00012032895
0.3,4.4,0.0017917268,-4.5413093e-05,0.00011550449
-0.6,3.6,0.0020052998,5.918597e-05,0.00010474225
-0.5,3.7,0.0019771752,4.0045383e-05,0.00011827786
-0.4,3.8,0.0019532396,2.2701144e-05,0.00012760935
-0.3,3.9,0.0019335361,7.064569e-06,0.00013337679
-0.2,4.0,0.0019174458,-7.085913e-06,0.0001362601
-0.1,4.1,0.0019028721,-1.9636838e-05,0.00013669825
-0.7,3.6,0.0019978075,7.304674e-05,0.00011681399
-1.1918218,3.2153072,0.0021244253,0.00021220137,2.0316878e-05
-1.0956957,3.3059542,0.0020899728,0.00017590808,5.618362e-05
-0.9976805,3.4008057,0.002054881,0.00014313955,8.650164e-05
-0.89952767,3.4990792,0.0020207595,0.00011402458,0.00011136848
-0.8,3.6,0.0019890286,8.782907e-05,0.00013076422
-1.2851825,3.1245475,0.0021578267,0.00025223903,-2.4334238e-05
-1.3838209,3.121903,0.0021443912,0.00028596143,-4.634316e-06
-1.4822748,3.117532,0.002126969,0.00032081656,2.0024481e-05
-1.568836,3.0178082,0.0021592246,0.0003759595,-3.748725e-05
-1.6562951,2.9177494,0.002177244,0.00043624558,-0.000106846535
-1.7460283,2.8173726,0.002166803,0.0004993177,-0.00018456999
-1.8368613,2.714875,0.0021004966,0.0005587715,-0.00027107756
-7.104972e-11,4.2,0.0018847123,-3.0278412e-05,0.00013507465
0.1,4.3,0.001853156,-3.830655e-05,0.00013164757
0.4,4.5,0.0016772352,-4.4172946e-05,0.00010924237
0.5,4.6,0.0014912104,-3.792554e-05,0.000101697806
0.6,4.7,0.0012208126,-2.7520637e-05,9.32565e-05
0.7,4.8,0.00086860196,-1.5693848e-05,8.4118146e-05
0.8,4.9,0.00045326052,-5.670738e-06,7.510441e-05
0.9,5.0,0.0,0.0,6.6944434e-05
0.2,4.4,0.0017925554,-4.2767944e-05,0.00012656701
0.3,4.5,0.0016821416,-4.254613e-05,0.00012000581
-0.6,3.7,0.0019698888,5.188127e-05,0.000130604
-0.5,3.8,0.0019461227,3.2847358e-05,0.00014009142
-0.4,3.9,0.0019266031,1.5728536e-05,0.00014594266
-0.3,4.0,0.0019107943,2.8170163e-07,0.00014882725
-0.2,4.1,0.0018967786,-1.3440958e-05,0.00014919411
-0.1,4.2,0.0018797249,-2.5182244e-05,0.00014743653
-0.7,3.7,0.0019615206,6.4537475e-05,0.00014453092
-1.2918195,3.2147093,0.0021100321,0.00024107377,3.979169e-05
-1.1955099,3.308394,0.0020752766,0.0002003041,7.566403e-05
-1.097837,3.4026651,0.0020418875,0.00016425262,0.00010449388
-1.0,3.5,0.002009284,0.00013228638,0.00012828194
-0.9,3.6,0.0019788023,0.00010349372,0.00014683425
-0.8,3.7,0.0019519344,7.7985045e-05,0.00016025844
-1.3914167,3.2132423,0.002092356,0.000270934,6.388046e-05
-1.4906211,3.2103317,0.002071573,0.00030153187,9.242274e-05
-1.5804589,3.1106486,0.002106025,0.00035662798,4.94209e-05
-1.6668292,3.0068743,0.0021390538,0.00041924763,-7.702842e-06
-1.7573979,2.9054859,0.0021564637,0.0004894295,-7.007463e-05
-1.8482565,2.8030386,0.0021498383,0.00056338846,-0.000140548
-5.06062e-11,4.3,0.001850148,-3.4289435e-05,0.00014380646
0.1,4.4,0.0017926426,-3.9832463e-05,0.00013845498
0.4,4.6,0.0015003072,-3.7153375e-05,0.000112046895
0.5,4.7,0.0012326579,-2.7349146e-05,0.00010312016
0.6,4.8,0.00088018266,-1.5779915e-05,9.340064e-05
0.7,4.9,0.00046076687,-5.7539573e-06,8.3770494e-05
0.8,5.0,0.0,0.0,7.4994925e-05
0.2,4.5,0.0016863164,-4.066632e-05,0.00013155074
0.3,4.6,0.0015087919,-3.6195175e-05,0.00012317911
-0.6,3.8,0.0019380875,4.3710326e-05,0.00015396443
-0.5,3.9,0.001918867,2.5011534e-05,0.00015974972
-0.4,4.0,0.001903422,8.190974e-06,0.00016251506
-0.3,4.1,0.0018900029,-6.770213e-06,0.00016272052
-0.2,4.2,0.0018740516,-1.966666e-05,0.00016075693
-0.1,4.3,0.0018464145,-2.9900179e-05,0.0001568732
-0.7,3.8,0.0019290183,5.5264038e-05,0.00016939722
-1.2955574,3.3089507,0.0020585542,0.00022590735,9.8610966e-05
-1.198105,3.4036646,0.0020268555,0.00018635749,0.00012573999
-1.1,3.5,0.0019962734,0.00015146115,0.00014765075
-1.0,3.6,0.0019669612,0.00011997454,0.0001652646
-0.9,3.7,0.0019409866,9.2168084e-05,0.00017799529
-0.8,3.8,0.0019187949,6.746771e-05,0.00018656177
-1.3957993,3.3080516,0.0020393133,0.000252406,0.0001254905
-1.5902411,3.2051797,0.00204775,0.00033302972,0.00012569876
-1.496867,3.3042707,0.002017935,0.00028009777,0.00015594215
-1.6772614,3.100411,0.0020825174,0.00039326193,8.2443265e-05
-1.7663336,2.9937313,0.0021128082,0.0004642409,3.040726e-05
-1.8593851,2.8900013,0.0021278327,0.00054351805,-2.3534461e-05
-3.6920418e-11,4.4,0.0017919458,-3.656104e-05,0.0001512197
0.1,4.5,0.0016897033,-3.8529324e-05,0.00014395088
0.4,4.7,0.0012441513,-2.7058832e-05,0.00011371331
0.5,4.8,0.0008916891,-1.5818136e-05,0.00010338695
0.6,4.9,0.00046834777,-5.824449e-06,9.310485e-05
0.7,5.0,0.0,0.0,8.3675215e-05
0.2,4.6,0.0015165976,-3.5038192e-05,0.00013512373
0.3,4.7,0.0012552253,-2.6635982e-05,0.00012508611
-0.6,3.9,0.0019102352,3.4904013e-05,0.00017493108
-0.5,4.0,0.0018952547,1.6637418e-05,0.0001774334
-0.4,4.1,0.0018824878,3.747198e-07,0.00017736836
-0.3,4.2,0.0018676487,-1.37269435e-05,0.00017511076
-0.2,4.3,0.001841917,-2.5130028e-05,0.00017091121
-0.1,4.4,0.001790433,-3.2944317e-05,0.0001649108
-0.7,3.9,0.0019006123,4.5382207e-05,0.0001916218
-1.298296,3.4039314,0.0020095503,0.0002092341,0.00015055368
-1.199614,3.5011716,0.0019806079,0.00017109093,0.00017063454
-1.1,3.6,0.0019532994,0.00013714809,0.00018633709
-1.0,3.7,0.0019285299,0.00010699896,0.00019794297
-0.9,3.8,0.0019072962,8.02633e-05,0.00020562469
-0.8,3.9,0.0018899001,5.6406545e-05,0.00020995848
-1.3986529,3.403236,0.001989825,0.00023272382,0.00017910785
-1.689315,3.1980615,0.0020209174,0.00036482024,0.00016354019
-1.5977473,3.3016758,0.0019922322,0.00030749635,0.00019265225
-1.4994234,3.4015417,0.0019674534,0.00025662483,0.00021173785
-1.7732599,3.0848734,0.0020573095,0.00043151923,0.00011811318
-1.8683506,2.9774892,0.0020796931,0.00051041594,7.7632794e-05
-2.6503987e-11,4.5,0.0016922539,-3.6090845e-05,0.00015724216
0.1,4.6,0.0015236753,-3.3673048e-05,0.00014791386
0.4,4.8,0.00090307277,-1.5800673e-05,0.00011412159
0.5,4.9,0.0004759831,-5.878739e-06,0.00010314956
0.6,5.0,0.0,0.0,9.302614e-05
0.2,4.7,0.0012658115,-2.6078333e-05,0.00013728286
0.3,4.8,0.000914279,-1.5719748e-05,0.00012564956
-0.6,4.0,0.0018862142,2.5606192e-05,0.00019369507
-0.5,4.1,0.0018741728,7.986546e-06,0.00019323152
-0.4,4.2,0.0018604676,-7.36537e-06,0.00019058002
-0.3,4.3,0.0018366177,-1.997591e-05,0.00018598454
-0.2,4.4,0.0017880694,-2.8990211e-05,0.00017957705
-0.1,4.5,0.0016939377,-3.33276e-05,0.00017143607
-0.7,4.0,0.0018762207,3.5069756e-05,0.00021141305
-1.2996813,3.5011706,0.0019630413,0.00019145716,0.00019668421
-1.2,3.6,0.0019376508,0.00015485108,0.00021029881
-1.1,3.7,0.0019144194,0.00012236291,0.00022029896
-1.0,3.8,0.0018944046,9.357132e-05,0.00022674266
-0.9,3.9,0.001878,6.791868e-05,0.00023007412
-0.8,4.0,0.0018651931,4.498782e-05,0.00023069773
-1.4,3.5,0.0019433842,0.00021232256,0.00022597931
-1.7836024,3.181686,0.0019970706,0.00039803947,0.00019910542
-1.6983007,3.2974901,0.0019635812,0.00033484306,0.00023398946
-1.6,3.4,0.0019418208,0.00028014515,0.00024920155
-1.5,3.5,0.0019205798,0.00023279601,0.00025954266
-1.8714619,3.0642016,0.0020277186,0.0004721528,0.00015960843
-1.5622878e-11,4.6,0.0015299679,-3.2083175e-05,0.00016159863
0.1,4.7,0.0012758478,-2.5375317e-05,0.00015033783
0.4,4.9,0.0004836487,-5.9136346e-06,0.00011394819
0.5,5.0,0.0,0.0,0.00010309003
0.2,4.8,0.00092525076,-1.5567844e-05,0.00013801432
0.3,4.9,0.0004913166,-5.927265e-06,0.00012554554
-0.6,4.1,0.0018649941,1.6049144e-05,0.00021040309
-0.5,4.2,0.0018524588,-5.931316e-07,0.00020724311
-0.4,4.3,0.0018304769,-1.444486e-05,0.0002021607
-0.3,4.4,0.0017848175,-2.4700174e-05,0.00019527215
-0.2,4.5,0.0016947148,-3.0275281e-05,0.00018660283
-0.1,4.6,0.0015354129,-3.0242372e-05,0.0001762146
-0.7,4.1,0.0018548858,2.453469e-05,0.00022897385
-1.3,3.6,0.0019198796,0.00017288356,0.0002373134
-1.2,3.7,0.0018985234,0.00013811061,0.00024524017
-1.1,3.8,0.0018800077,0.00010728816,0.00025006075
-1.0,3.9,0.0018648182,7.984024e-05,0.0002520916
-0.9,4.0,0.0018530524,5.5305358e-05,0.00025165232
-0.8,4.1,0.0018437841,3.3403347e-05,0.00024903042
-1.4,3.6,0.0018998452,0.00019099876,0.00026754345
-1.8021177,3.2895508,0.0019322865,0.00036237104,0.00027978633
-1.8744161,3.1524231,0.0019762332,0.00043461056,0.00023067258
-1.7006032,3.3987365,0.001912687,0.00030274907,0.00029177344
-1.6,3.5,0.0018950212,0.00025278458,0.0002970257
-1.5,3.6,0.0018774754,0.00020891563,0.00030108643
-3.774772e-12,4.7,0.0012852646,-2.4511453e-05,0.00016430485
0.1,4.8,0.00093592855,-1.533579e-05,0.00015125767
0.4,5.0,0.0,0.0,0.00011391031
0.2,4.9,0.0004989553,-5.918166e-06,0.00013798723
0.3,5.0,0.0,0.0,0.00012553135
-0.6,4.2,0.0018435741,6.570114e-06,0.0002251755
-0.5,4.3,0.0018234549,-8.547609e-06,0.00021950403
-0.4,4.4,0.0017806421,-2.0075477e-05,0.00021205301
-0.3,4.5,0.0016945249,-2.6940514e-05,0.00020281834
-0.2,4.6,0.001539943,-2.8159966e-05,0.00019182453
-0.1,4.7,0.0012939734,-2.347802e-05,0.00017924959
-0.7,4.2,0.0018337634,1.4097189e-05,0.0002444528
-1.3,3.7,0.0018807307,0.00015405803,0.00027289864
-1.2,3.8,0.0018640051,0.000121283,0.00027570038
-1.1,3.9,0.0018502651,9.207419e-05,0.00027611927
-1.0,4.0,0.0018397245,6.595062e-05,0.00027436853
-0.9,4.1,0.0018316275,4.2602467e-05,0.00027065197
-0.8,4.2,0.0018229758,2.1952708e-05,0.0002651415
-1.4,3.7,0.0018609564,0.00017000489,0.00030336587
-1.8994925,3.2307322,0.0019235957,0.00040758977,0.00029886392
-1.7996746,3.3999257,0.0018797587,0.00032279655,0.00033826858
-1.7,3.5,0.0018666756,0.0002718207,0.0003384009
-1.6,3.6,0.0018527448,0.0002263413,0.0003379033
-1.5,3.7,0.0018391474,0.00018572307,0.00033668315
-1.274765e-12,4.8,0.0009462459,-1.500918e-05,0.0001654237
0.1,4.9,0.0005065291,-5.883673e-06,0.00015131902
0.2,5.0,0.0,0.0,0.00013799832
-0.6,4.3,0.0018155128,-2.3005741e-06,0.0002380807
-0.5,4.4,0.0017755077,-1.511911e-05,0.00022998083
-0.4,4.5,0.0016933219,-2.3289525e-05,0.00022012787
-0.3,4.6,0.0015434861,-2.5840509e-05,0.000208502
-0.2,4.7,0.0013018919,-2.2269955e-05,0.00019520149
-0.1,4.8,0.00095612736,-1.4579058e-05,0.0001805596
-0.7,4.3,0.0018066121,4.2666506e-06,0.0002579519
-1.3,3.8,0.0018463148,0.00013539988,0.0003037518
-1.2,3.9,0.0018342636,0.00010450315,0.00030224308
-1.1,4.0,0.0018251413,7.683508e-05,0.0002989235
-1.0,4.1,0.0018183588,5.206623e-05,0.0002939059
-0.9,4.2,0.0018111651,3.0087627e-05,0.0002872987
-0.8,4.3,0.0017967199,1.1117325e-05,0.0002791619
-1.4,3.8,0.0018268751,0.00014945927,0.00033426986
-1.904913,3.3197014,0.0018785802,0.00037270013,0.00035223295
-1.8988101,3.4060373,0.0018421035,0.0003393304,0.0003907705
-1.7996604,3.5011547,0.0018353418,0.00028905156,0.00038354436
-1.7,3.6,0.0018257069,0.00024296329,0.00037784665
-1.6,3.7,0.0018152962,0.00020095227,0.00037280945
-1.5,3.8,0.0018056532,0.00016325938,0.00036725763
-2.421674e-14,4.9,0.0005139965,-5.820054e-06,0.00016558597
0.1,5.0,0.0,0.0,0.00015135661
-0.6,4.4,0.0017693787,-9.8447745e-06,0.00024910623
-0.5,4.5,0.0016910728,-1.9336596e-05,0.00023856982
-0.4,4.6,0.0015459915,-2.3230834e-05,0.00022625126
-0.3,4.7,0.0013089543,-2.0889023e-05,0.0002121965
-0.2,4.8,0.00096549815,-1.4048272e-05,0.00019670368
-0.1,4.9,0.00052131107,-5.723679e-06,0.0001808308
-0.7,4.4,0.0017622268,-4.2817624e-06,0.0002694684
-1.3,3.9,0.0018167524,0.000116989664,0.00033051913
-1.2,4.0,0.0018092457,8.785355e-05,0.00032537236
-1.1,4.1,0.0018039282,6.171462e-05,0.00031884408
-1.0,4.2,0.0017982916,3.8440758e-05,0.00031096998
-0.9,4.3,0.0017858064,1.8208008e-05,0.00030175142
-0.8,4.4,0.0017540288,1.5422429e-06,0.00029110975
-1.4,3.9,0.0017976904,0.0001293777,0.00036096643
-1.899966,3.5016818,0.0018017595,0.000305336,0.00043182494
-1.8,3.6,0.001796457,0.00025846492,0.00042085192
-1.7,3.7,0.0017894508,0.00021543686,0.00041161414
-1.6,3.8,0.0017826526,0.00017658569,0.00040265813
-1.5,3.9,0.0017770587,0.00014149633,0.00039355634
-2.3092639e-14,5.0,0.0,0.0,0.00016565082
-0.6,4.5,0.0016877463,-1.511243e-05,0.00025816823
-0.5,4.6,0.0015474295,-2.0343603e-05,0.0002450793
-0.4,4.7,0.0013150952,-1.9314935e-05,0.00023026102
-0.3,4.8,0.00097429194,-1.34117445e-05,0.00021388459
-0.2,4.9,0.00052842544,-5.591621e-06,0.00019709229
-0.1,5.0,0.0,0.0,0.00018092353
-0.7,4.5,0.0016833146,-1.0631352e-05,0.00027895355
-1.3,4.0,0.0017919936,9.888542e-05,0.00035374015
-1.2,4.1,0.0017882956,7.1454386e-05,0.00034549818
-1.1,4.2,0.0017843223,4.6941237e-05,0.00033618702
-1.0,4.3,0.0017738437,2.5489535e-05,0.00032575292
-0.9,4.4,0.0017447609,7.5857747e-06,0.00031406755
-0.8,4.5,0.0016777524,-5.908181e-06,0.00030096396
-1.4,4.0,0.001773361,0.00010979503,0.00038402335
-1.9,3.6,0.0017650662,0.00027257952,0.00046667573
-1.8,3.7,0.0017616779,0.00022894173,0.00045295508
-1.7,3.8,0.0017579095,0.0001892231,0.00044035632
-1.6,3.9,0.0017548724,0.00015316551,0.00042822972
-1.5,4.0,0.0017533442,0.00012043641,0.00041618294
-0.6,4.6,0.0015477486,-1.723841e-05,0.00026505135
-0.5,4.7,0.0013202433,-1.7538174e-05,0.00024941098
-0.4,4.8,0.000982429,-1.2660795e-05,0.00023215837
-0.3,4.9,0.00053529226,-5.4180205e-06,0.00021440457
-0.2,5.0,0.0,0.0,0.00019721517
-0.7,4.6,0.0015468907,-1.3914949e-05,0.00028620413
-1.3,4.1,0.0017714332,8.118052e-05,0.00037387153
-1.2,4.2,0.0017692323,5.550712e-05,0.00036296484
-1.1,4.3,0.0017608127,3.2898293e-05,0.00035117968
-1.0,4.4,0.00173441,1.3796975e-05,0.00033834332
-0.9,4.5,0.0016710408,-9.82169e-07,0.00032421591
-0.8,4.6,0.0015448228,-1.0370556e-05,0.00030854618
-1.4,4.1,0.0017533329,9.0777794e-05,0.00040394286
-1.9,3.7,0.0017320752,0.00024119548,0.00049662706
-1.8,3.8,0.0017314953,0.00020095971,0.00048019984
-1.7,3.9,0.0017311727,0.00016420412,0.00046487726
-1.6,4.0,0.0017319666,0.00013066022,0.0004501534
-1.5,4.1,0.0017340048,0.0001001208,0.0004356685
-0.6,4.7,0.0013243259,-1.558231e-05,0.00026969542
-0.5,4.8,0.0009898104,-1.1793652e-05,0.00025155762
-0.4,4.9,0.0005418558,-5.189282e-06,0.00023280154
-0.3,5.0,0.0,0.0,0.0002145633
-0.7,4.7,0.0013272713,-1.3453679e-05,0.00029115245
-1.3,4.2,0.0017530078,6.4046224e-05,0.0003912936
-1.2,4.3,0.0017467053,4.035885e-05,0.00037802962
-1.1,4.4,0.0017229746,2.012106e-05,0.00036393252
-1.0,4.5,0.0016631751,4.1121557e-06,0.0003487082
-0.9,4.6,0.001541529,-6.6397342e-06,0.00033206723
-0.8,4.7,0.0013290308,-1.1126865e-05,0.00031376156
-1.4,4.2,0.0017356478,7.2458424e-05,0.000421131
-1.9,3.8,0.0017035218,0.0002115857,0.0005219884
-1.8,3.9,0.0017060313,0.00017443247,0.00050334824
-1.7,4.0,0.0017092722,0.00014031223,0.00048582748
-1.6,4.1,0.0017134727,0.00010907908,0.00046897336
-1.5,4.2,0.0017171699,8.06349e-05,0.0004524225
-0.6,4.8,0.0009963604,-1.0809763e-05,0.0002720803
-0.5,4.9,0.0005480519,-4.9080986e-06,0.00025231132
-0.4,5.0,0.0,0.0,0.00023299959
-0.7,4.8,0.0010020155,-9.716208e-06,0.00029374872
-1.3,4.3,0.0017315228,4.779123e-05,0.00040628156
-1.2,4.4,0.0017104555,2.6502983e-05,0.0003908306
-1.1,4.5,0.0016541503,9.329467e-06,0.0003744515
-1.0,4.6,0.0015369966,-2.7418607e-06,0.00035676602
-0.9,4.7,0.0013295729,-8.632742e-06,0.00033751197
-0.8,4.8,0.0010067098,-8.503426e-06,0.00031655753
-1.4,4.3,0.0017152776,5.5108787e-05,0.00043588452
-1.9,3.9,0.0016795503,0.00018367244,0.0005434545
-1.8,4.0,0.0016853254,0.00014923635,0.0005230535
-1.7,4.1,0.0016917811,0.00011752039,0.00050374254
-1.6,4.2,0.0016976098,8.846432e-05,0.0004851042
-1.5,4.3,0.0016979986,6.2221145e-05,0.00046678068
-0.6,4.9,0.0005538229,-4.5857055e-06,0.00027294972
-0.5,5.0,0.0,0.0,0.00025254762
-0.7,4.9,0.00055911834,-4.219929e-06,0.0002947261
-1.3,4.4,0.0016968646,3.287472e-05,0.00041900328
-1.2,4.5,0.0016439719,1.4606364e-05,0.00040140757
-1.1,4.6,0.0015312167,1.2774433e-06,0.00038263202
-1.0,4.7,0.0013288553,-6.0161774e-06,0.00036240733
-0.9,4.8,0.0010103754,-7.181134e-06,0.00034049602
-0.8,4.9,0.0005638791,-3.8082949e-06,0.00031765702
-1.4,4.4,0.0016822316,3.9155577e-05,0.00044839553
-1.9,4.0,0.0016602179,0.00015728026,0.0005616539
-1.8,4.1,0.0016689978,0.00012530958,0.00053983286
-1.7,4.2,0.0016770153,9.583982e-05,0.000519054
-1.6,4.3,0.0016797251,6.903583e-05,0.00049891096
-1.5,4.4,0.0016665937,4.52681e-05,0.00047894494
-0.6,5.0,0.0,0.0,0.0002732239
-0.7,5.0,0.0,0.0,0.00029503918
-1.3,4.5,0.0016326705,1.9886129e-05,0.00042951823
-1.2,4.6,0.0015242,5.3767685e-06,0.00040962987
-1.1,4.7,0.0013268534,-3.2877465e-06,0.00038840677
-1.0,4.8,0.0010129433,-5.7767534e-06,0.00036557065
-0.9,4.9,0.00056803314,-3.349079e-06,0.0003417283
-0.8,5.0,0.0,0.0,0.00031800114
-1.4,4.5,0.0016202801,2.51143e-05,0.0004587378
-1.9,4.1,0.0016452065,0.00013231518,0.00057708326
-1.8,4.2,0.0016554599,0.00010264514,0.0005541181
-1.7,4.3,0.0016604888,7.5455224e-05,0.000532134
-1.6,4.4,0.0016499899,5.1127787e-05,0.0005105782
-1.5,4.5,0.0016068398,3.0223322e-05,0.00048899394
-1.3,4.6,0.0015159604,9.522652e-06,0.00043773282
-1.2,4.7,0.0013235651,-4.5029162e-07,0.00041548468
-1.1,4.8,0.001014368,-4.265192e-06,0.0003917381
-1.0,4.9,0.00057152857,-2.8496474e-06,0.0003669137
-0.9,5.0,0.0,0.0,0.00034209568
-1.4,4.6,0.0015065293,1.3642938e-05,0.00046685498
-1.9,4.2,0.0016330271,0.00010875266,0.0005901584
-1.8,4.3,0.0016403499,8.13722e-05,0.0005662625
-1.7,4.4,0.0016324633,5.6639277e-05,0.00054315606
-1.6,4.5,0.0015924085,3.513295e-05,0.00052019383
-1.5,4.6,0.0014959676,1.7684022e-05,0.0004969034
-1.3,4.7,0.0013189911,2.4533836e-06,0.00044358827
-1.2,4.8,0.0010146244,-2.6620833e-06,0.0004189405
-1.1,4.9,0.00057433156,-2.317017e-06,0.00039317785
-1.0,5.0,0.0,0.0,0.00036729168
-1.4,4.7,0.0013131548,5.3770887e-06,0.0004726423
-1.9,4.3,0.0016194269,8.667658e-05,0.0006012078
-1.8,4.4,0.0016140894,6.171748e-05,0.00057649944
-1.7,4.5,0.0015770659,3.9768867e-05,0.000552219
-1.6,4.6,0.0014843382,2.1605236e-05,0.000527801
-1.5,4.7,0.0013060803,8.287216e-06,0.0005025991
-1.3,4.8,0.0010136969,-1.0289208e-06,0.00044710745
-1.2,4.9,0.0005763914,-1.7533006e-06,0.000420467
-1.1,5.0,0.0,0.0,0.00039357832
-1.4,4.8,0.0010115801,6.6555174e-07,0.00047618127
-1.9,4.4,0.0015949992,6.629587e-05,0.0006105226
-1.8,4.5,0.001560912,4.4067267e-05,0.0005849389
-1.7,4.6,0.0014717194,2.5351981e-05,0.0005594298
-1.6,4.7,0.0012978109,1.112169e-05,0.0005333385
-1.5,4.8,0.0010082696,2.395349e-06,0.00050610106
-1.3,4.9,0.0005776649,-1.1668287e-06,0.00044873613
-1.2,5.0,0.0,0.0,0.00042090355
-1.4,4.9,0.0005781283,-5.627033e-07,0.00047789625
-1.9,4.5,0.0015440505,4.7974772e-05,0.00061823387
-1.8,4.6,0.0014582082,2.8859135e-05,0.00059166976
-1.7,4.7,0.0012884388,1.3850255e-05,0.0005647219
-1.6,4.8,0.001003786,4.1026433e-06,0.0005367708
-1.5,4.9,0.00057777547,3.9022684e-08,0.0005078332
-1.3,5.0,0.0,0.0,0.00044919242
-1.4,5.0,0.0,0.0,0.00047837524
-1.9,4.6,0.0014439046,3.2071246e-05,0.000624398
-1.8,4.7,0.0012780512,1.6438522e-05,0.00059664756
-1.7,4.8,0.0009981709,5.775045e-06,0.00056807563
-1.6,4.9,0.00057661056,6.9707875e-07,0.0005384909
-1.5,5.0,0.0,0.0,0.00050835806
-1.9,4.7,0.0012667394,1.8842376e-05,0.0006289907
-1.8,4.8,0.0009914825,7.37349e-06,0.0005998748
-1.7,4.9,0.0005746207,1.401287e-06,0.0005697805
-1.6,5.0,0.0,0.0,0.0005390291
-1.9,4.8,0.0009838041,8.880025e-06,0.00063204084
-1.8,4.9,0.00057181966,2.060519e-06,0.0006015502
-1.7,5.0,0.0,0.0,0.0005702846
-1.9,4.9,0.00056825054,2.6783239e-06,0.00063366676
-1.8,5.0,0.0,0.0,0.00060202746
-0.8875215,-2.4962473,0.0018846295,-0.00033240666,0.00033540733
-0.7931558,-2.488925,0.0019060508,-0.00031988363,0.0003112383
-0.8935216,-2.59809,0.0018425027,-0.0003129506,0.000370795
-0.79991627,-2.6018887,0.0018590767,-0.0002998884,0.00034976422
-0.8045019,-2.3759685,0.0019521168,-0.0003426,0.00027172535
-0.8904343,-2.392766,0.0019281775,-0.00035374102,0.0002975015
-0.9837106,-2.49722,0.0018640495,-0.00034671547,0.0003598601
-0.99169964,-2.5975335,0.0018224256,-0.00032624652,0.00039571142
-0.81046385,-2.2703035,0.001997561,-0.00036274307,0.00022858176
-0.8944344,-2.2905319,0.001972517,-0.00037508094,0.00025550617
-0.98062515,-2.3972254,0.0019070678,-0.00036795935,0.00032158187
-1.093008,-2.596002,0.0018005164,-0.00033943923,0.00042291265
-1.0748544,-2.4881275,0.0018473906,-0.00036233247,0.00038149275
-0.98375994,-2.3013003,0.0019488807,-0.0003897987,0.00028186024
-0.89887166,-2.1915956,0.0020161201,-0.0003951382,0.0002095418
-0.81181645,-2.1702929,0.002041205,-0.00038020292,0.00018172171
-1.0706776,-2.3921037,0.0018887462,-0.00038411675,0.0003438433
-1.1856092,-2.5482051,0.0017961108,-0.0003625952,0.00043564735
-1.1647135,-2.4695725,0.0018327755,-0.00037984984,0.00040181028
-1.0762082,-2.300131,0.0019279465,-0.0004074715,0.00030596417
-0.9866195,-2.214205,0.001988247,-0.00040936362,0.00024100658
-0.908231,-2.0932705,0.0020566536,-0.00041483482,0.00015881847
-0.82210803,-2.0703244,0.002077394,-0.00039654292,0.00013115196
-1.1649437,-2.378597,0.0018707541,-0.0004030875,0.00036665858
-1.2699777,-2.4577694,0.001809484,-0.000397766,0.00043188746
-1.2786603,-2.5458958,0.0017729892,-0.00037513708,0.00046457685
-1.1729782,-2.2919722,0.0019067097,-0.00042750576,0.00033132118
-1.0812008,-2.2127483,0.0019673072,-0.00042980115,0.0002646046
-0.990355,-2.1340156,0.0020246503,-0.00042731923,0.0001991323
-0.94622487,-1.994709,0.002084466,-0.00043807284,0.00010671749
-0.83416104,-1.9740038,0.002096115,-0.00040634687,7.724877e-05
-1.267831,-2.3710566,0.0018458029,-0.0004217086,0.00039773792
-1.3707722,-2.4520245,0.0017832874,-0.00041287992,0.00046509076
-1.3726974,-2.5426009,0.00174866,-0.0003869537,0.00049542036
-1.2710941,-2.2823446,0.0018834221,-0.00044796697,0.0003599712
-1.1770778,-2.203908,0.0019463111,-0.0004522051,0.00028872784
-1.0843054,-2.128523,0.0020068502,-0.00045092558,0.00021896258
-1.008628,-2.0584042,0.0020550566,-0.00044660966,0.00015865758
-0.8383542,-1.8794764,0.0020818883,-0.0004021584,1.9283169e-05
-0.9430425,-1.8846062,0.002094519,-0.00044015876,3.159294e-05
-1.3690279,-2.362222,0.0018196555,-0.00043967733,0.0004307196
-1.4700766,-2.4477704,0.0017546354,-0.00042616494,0.0005009419
-1.4728007,-2.540293,0.0017203802,-0.00039813534,0.0005307768
-1.3695712,-2.272504,0.001857434,-0.00046800217,0.00039221646
-1.2730914,-2.1930952,0.0019236992,-0.00047508924,0.00031591495
-1.1768053,-2.1154737,0.0019888387,-0.00047632115,0.00023858945
-1.0784727,-2.042,0.0020480936,-0.00046868913,0.00016453248
-1.0620486,-1.9578909,0.0020831048,-0.0004788815,0.00010419548
-1.048905,-1.8732455,0.0020978346,-0.0004802837,3.722583e-05
-0.8367036,-1.7824373,0.001993985,-0.0003753536,-3.9379425e-05
-0.9423287,-1.7865514,0.0020399718,-0.00042180766,-3.7847047e-05
-1.4692112,-2.3558333,0.001790291,-0.0004556191,0.00046754794
-1.5694668,-2.4445415,0.0017238929,-0.00043769422,0.0005396928
-1.5715091,-2.5383534,0.0016910053,-0.00040772397,0.00056775776
-1.4695458,-2.264572,0.0018274045,-0.0004865907,0.0004297678
-1.3703893,-2.182393,0.0018975127,-0.0004977376,0.000347698
-1.2723154,-2.103593,0.0019669519,-0.00050233555,0.00026411298
-1.1718056,-2.027519,0.0020328485,-0.00049830996,0.00018061114
-1.1648494,-1.9417046,0.0020712472,-0.0005157892,0.00011636318
-1.1570463,-1.8561395,0.002094339,-0.0005245485,4.4286637e-05
-1.0477366,-1.7822784,0.0020688102,-0.00047006947,-3.6230653e-05
-0.94034666,-1.6915065,0.001876699,-0.00037323794,-0.000101156955
-0.8303379,-1.688341,0.001784042,-0.00031783874,-9.047137e-05
-1.5682676,-2.3505638,0.0017587093,-0.00046949784,0.0005074498
-1.6687104,-2.4415252,0.0016914704,-0.00044737908,0.0005805706
-1.67022,-2.5367846,0.0016601415,-0.00041560832,0.0006065076
-1.4696394,-2.1727505,0.0018670254,-0.00051944004,0.00038543702
-1.5685652,-2.257303,0.0017947928,-0.00050320453,0.0004709693
-1.3705633,-2.0925047,0.0019399561,-0.0005285348,0.00029596168
-1.2695073,-2.0151527,0.0020114754,-0.00052872475,0.00020445752
-1.2662859,-1.9277107,0.0020532762,-0.00055291835,0.00013661406
-1.1551675,-1.770861,0.0020836121,-0.0005218141,-3.335136e-05
-1.2626255,-1.8419276,0.0020834284,-0.000570357,6.0534032e-05
-1.0495647,-1.6973636,0.0019644601,-0.0004371667,-0.00010455841
-0.94075024,-1.6002845,0.001571582,-0.00029062046,-0.00015220886
-0.8225466,-1.5981851,0.001442704,-0.00023329326,-0.00012860876
-1.6670325,-2.3460228,0.0017249552,-0.00048119956,0.0005502157
-1.767054,-2.4393406,0.0016577649,-0.00045472162,0.0006231012
-1.7681439,-2.5356503,0.0016283536,-0.00042156994,0.00064643775
-1.5686843,-2.1639628,0.0018330377,-0.00053911033,0.00042817162
-1.4691484,-2.0811405,0.0019090845,-0.0005539234,0.00033351505
-1.6678071,-2.2514033,0.0017591269,-0.000517262,0.0005163256
-1.3687828,-2.0027344,0.001984839,-0.0005597022,0.00023513284
-1.3664182,-1.9140463,0.0020288853,-0.0005898929,0.00016502205
-1.2602297,-1.7561957,0.0020870252,-0.0005758721,-2.5618028e-05
-1.1548029,-1.682508,0.0020011992,-0.0004941217,-0.000117414755
-1.3653346,-1.8277423,0.0020643861,-0.0006161304,8.636842e-05
-1.0517544,-1.5995467,0.0016975636,-0.0003559772,-0.000177307
-0.727541,-1.680841,0.0016784272,-0.00026946553,-8.192335e-05
-0.7205991,-1.5866545,0.0012947858,-0.00018765009,-0.00011148019
-0.87446713,-1.5120527,0.0010889261,-0.0001651312,-0.00016866474
-0.8015717,-1.5062155,0.0009878436,-0.00013979088,-0.00014812287
-1.766081,-2.3426657,0.0016890576,-0.00049025484,0.0005958158
-1.865663,-2.438127,0.001622652,-0.0004595734,0.0006673227
-1.8676564,-2.5349185,0.0015950913,-0.00042557006,0.0006881291
-1.568284,-2.0709023,0.0018735538,-0.00057718705,0.00037786533
-1.6678362,-2.1563594,0.0017955948,-0.00055599853,0.00047596137
-1.4678605,-1.9900645,0.0019533546,-0.00058969535,0.00027277032
-1.7667834,-2.2464662,0.0017212133,-0.0005283769,0.0005648839
-1.4675875,-1.901498,0.001996791,-0.0006258269,0.00020396772
-1.2600429,-1.6702458,0.0020336043,-0.0005599943,-0.00011888723
-1.364858,-1.7420156,0.0020807316,-0.0006328379,-3.7729744e-06
-1.1586114,-1.5963384,0.0018051631,-0.00043032516,-0.00019750028
-1.4674671,-1.813378,0.0020362893,-0.00066070183,0.0001235045
-0.9717851,-1.4895297,0.0010799278,-0.00017545886,-0.00020667526
-1.0617009,-1.5071454,0.0012929264,-0.00024400881,-0.00023410995
-0.7120792,-1.4915402,0.0008430801,-0.000109681954,-0.00012675556
-0.8860915,-1.4413193,0.00073982455,-0.00010239011,-0.00018876718
-0.7914425,-1.4091647,0.000521446,-6.8529844e-05,-0.0001594005
-1.8651458,-2.3403804,0.0016515313,-0.00049641693,0.00064347585
-1.9650458,-2.4373803,0.0015865137,-0.00046198332,0.0007128012
-1.9665782,-2.5344403,0.0015614688,-0.00042745797,0.0007302223
-1.6683247,-2.0618057,0.0018335155,-0.00059749,0.00042902926
-1.568482,-1.9787738,0.0019155697,-0.00061755226,0.0003196203
-1.7669837,-2.1496363,0.0017553245,-0.0005696249,0.0005279878
-1.8659196,-2.2426195,0.0016812923,-0.00053618243,0.00061617664
-1.5686373,-1.8883175,0.001958245,-0.0006596348,0.0002519782
-1.3643636,-1.6556437,0.0020508973,-0.0006300845,-0.000106295505
-1.2597412,-1.5829054,0.0018694694,-0.00050292304,-0.00021533744
-1.4667927,-1.7265303,0.0020613458,-0.0006885706,3.0235627e-05
-1.1577699,-1.5030594,0.0014149586,-0.00030672402,-0.00027159543
-1.5672541,-1.7977886,0.0019999843,-0.00070228503,0.00017062509
-0.9712151,-1.3851659,0.00053415046,-6.985869e-05,-0.00023607472
-1.0617708,-1.4043576,0.00071825663,-0.00011038865,-0.0002779922
-0.70209587,-1.3954153,0.0004228744,-5.6195062e-05,-0.00013280075
-0.8772478,-1.3500556,0.0003279779,-4.4205855e-05,-0.00019835231
-0.784443,-1.3121442,0.00017798757,-3.4970704e-05,-0.0001633149
-1.9648511,-2.3392856,0.0016126421,-0.00049948116,0.0006928281
-2.0647311,-2.4367185,0.0015499378,-0.00046200826,0.00075872557
-2.0658991,-2.5338771,0.001527449,-0.00042732482,0.0007726943
-1.6682714,-1.9678664,0.0018732921,-0.00064201106,0.0003735698
-1.7679945,-2.0544412,0.0017898575,-0.0006135637,0.00048582547
-1.866328,-2.1446126,0.0017124421,-0.00057919894,0.0005837894
-1.9652091,-2.239997,0.0016399527,-0.0005403977,0.0006693984
-1.6685313,-1.8747073,0.0019141126,-0.00068972516,0.0003085671
-1.4677176,-1.6392918,0.002050909,-0.0007019382,-7.726958e-05
-1.3634788,-1.5696385,0.0019286082,-0.0005898954,-0.00021610394
-1.2594094,-1.4970313,0.0015491009,-0.00039213218,-0.0003026359
-1.5688587,-1.7090511,0.0020293542,-0.0007422383,7.834034e-05
-1.1563725,-1.4118689,0.0008868802,-0.00016473146,-0.00032655857
-1.6689714,-1.7832932,0.001953571,-0.0007395794,0.00023293072
-0.96274936,-1.2851877,0.00013956297,-1.9590834e-05,-0.00024125936
-1.0566382,-1.3090135,0.00024198003,-2.8977875e-05,-0.0002934301
-0.69466233,-1.2941562,0.000120186836,-3.462476e-05,-0.00013510315
-0.8693134,-1.2527212,5.8890666e-05,-2.0404254e-05,-0.00019609006
-0.77311605,-1.2115296,4.1163785e-06,-2.3879815e-05,-0.00015731866
-2.0639644,-2.338005,0.001573664,-0.00049987313,0.00074227434
-2.1666615,-2.5332468,0.0014929838,-0.00042512198,0.0008156245
-2.1640255,-2.4368825,0.0015133754,-0.00045939788,0.00080441457
-1.768335,-1.958722,0.0018262153,-0.00066160376,0.0004352528
-1.8671808,-2.0479414,0.0017438494,-0.0006252584,0.00054650445
-1.9655044,-2.1409676,0.0016679796,-0.0005845447,0.00064191583
-2.0639644,-2.2380052,0.0015981758,-0.0005411866,0.0007231474
-1.7686745,-1.863505,0.0018635105,-0.00071374147,0.0003756177
-1.5689069,-1.620691,0.0020331894,-0.00077049376,-3.0459574e-05
-1.4673716,-1.553332,0.0019660408,-0.000682253,-0.00019562873
-1.3615414,-1.4851103,0.0016592495,-0.0004905979,-0.00032030014
-1.2561976,-1.4107956,0.0010517999,-0.000237704,-0.00037372034
-1.6693882,-1.6915321,0.001986359,-0.0007898273,0.00014254531
-1.1531522,-1.3232372,0.00035943446,-5.1259332e-05,-0.00035222166
-1.768964,-1.7688676,0.0019004915,-0.00077011174,0.00030513803
-0.9530867,-1.1902168,0.0,0.0,-0.00023780111
-1.0490429,-1.2188708,0.0,0.0,-0.00029198165
-0.6782657,-1.177257,-1.9980907e-05,-2.8070443e-05,-0.00012840595
-0.85976756,-1.1538823,0.0,0.0,-0.00019130035
-0.7692938,-1.1109502,0.0,0.0,-0.00015340744
-2.163992,-2.337911,0.0015341097,-0.0004970605,0.0007922258
-2.2653694,-2.4354587,0.0014767442,-0.00045498463,0.000850263
-2.267438,-2.5322523,0.0014588699,-0.00042099543,0.0008579804
-1.8676564,-1.9506179,0.0017763203,-0.0006758347,0.0005019872
-1.9661078,-2.0421567,0.0016962074,-0.0006323729,0.00060991105
-2.064656,-2.1386812,0.0016226104,-0.0005855591,0.0007012922
-2.1640196,-2.2378166,0.0015555022,-0.0005380579,0.0007778187
-1.8681691,-1.8535806,0.001809016,-0.00073115143,0.00044962612
-1.5690148,-1.532866,0.0019756563,-0.0007717193,-0.00015223863
-1.6693187,-1.6003469,0.001998121,-0.00083289604,3.5846882e-05
-1.4655917,-1.4688661,0.0017487222,-0.000603284,-0.00031324005
-1.3581954,-1.4023689,0.0012073938,-0.00033301662,-0.00040792243
-1.2518903,-1.3276161,0.0004864294,-8.8649394e-05,-0.00041164257
-1.7693856,-1.6745579,0.0019325452,-0.00082927535,0.00022158674
-1.1472344,-1.2385455,0.0,0.0,-0.00035383203
-1.8686635,-1.7566963,0.0018412146,-0.00079188903,0.00038781954
-2.264051,-2.337694,0.001495055,-0.00049167644,0.00084142765
-2.3694613,-2.5304742,0.0014250118,-0.00041507505,0.00089992327
-2.3675802,-2.433389,0.0014405617,-0.00044848784,0.00089544675
-1.9663459,-1.9436092,0.0017245413,-0.0006843839,0.00057221024
-2.064992,-2.038717,0.0016472893,-0.0006339672,0.00067536364
-2.1640747,-2.1376283,0.0015769638,-0.00058234925,0.0007609533
-2.2641098,-2.237477,0.001513473,-0.000531973,0.0008315527
-1.9670126,-1.8448718,0.0017521919,-0.0007415806,0.00052824477
-1.6687455,-1.5098407,0.0019603348,-0.0008539539,-8.460723e-05
-1.567727,-1.4468797,0.0018012444,-0.0007170936,-0.00027717
-1.7695184,-1.580296,0.0019482024,-0.0008856411,0.00012281204
-1.4612254,-1.386728,0.001341765,-0.00044872524,-0.00041682544
-1.3529463,-1.3222648,0.0006181622,-0.00014725719,-0.0004607334
-1.2469448,-1.2478464,0.0,0.0,-0.00041877662
-1.8689659,-1.6597687,0.0018701451,-0.00085768144,0.00031451538
-1.9674252,-1.7462236,0.0017787443,-0.00080454786,0.0004765471
-2.3658192,-2.3352108,0.0014565316,-0.00048456117,0.0008900577
-2.4692657,-2.4317837,0.0014053712,-0.00043974636,0.00093905674
-2.4707973,-2.5298715,0.0013919605,-0.0004069458,0.00094043714
-2.065722,-1.9395468,0.0016709304,-0.0006861931,0.0006457304
-2.1641374,-2.0374026,0.0015979729,-0.0006302386,0.0007413631
-2.2642002,-2.1371374,0.0015316416,-0.00057538605,0.0008200342
-2.3651862,-2.2361221,0.0014721928,-0.0005234034,0.0008842171
-2.0663714,-1.8400316,0.001693377,-0.00074350013,0.00061110104
-1.6685867,-1.4200264,0.0018197965,-0.0008259077,-0.00020981627
-1.7687771,-1.4859468,0.0019254228,-0.00092592265,9.582124e-06
-1.5628201,-1.3632095,0.0014381958,-0.0005739797,-0.00039173776
-1.8685361,-1.5621902,0.001887508,-0.0009245685,0.00022721342
-1.4546652,-1.307704,0.0007428168,-0.00022883115,-0.0004827718
-1.347065,-1.2457013,0.0,0.0,-0.00047421636
-1.9678392,-1.6473444,0.0018022085,-0.0008737554,0.00041610812
-2.0666652,-1.7396747,0.0017140863,-0.00080692023,0.0005704102
-2.4679284,-2.3330572,0.0014188843,-0.00047491278,0.00093729934
-2.5720186,-2.4287062,0.0013710859,-0.0004294542,0.0009814907
-2.5753589,-2.524909,0.0013593668,-0.00039814413,0.000980798
-2.165313,-1.9373202,0.0016172549,-0.0006820017,0.000719625
-2.2643259,-2.0366466,0.0015489972,-0.00062219216,0.0008067629
-2.3644056,-2.1362972,0.0014875657,-0.0005653756,0.00087728846
-2.466213,-2.2344275,0.0014322816,-0.0005123779,0.00093493116
-2.1655102,-1.836548,0.001635227,-0.00073874847,0.00069372426
-1.7684505,-1.3920368,0.0018142572,-0.00092451373,-0.00010947657
-1.6646805,-1.332366,0.0014989576,-0.00070222386,-0.00032514948
-1.8683949,-1.4647415,0.0018738176,-0.0009817757,0.00012711798
-1.5555881,-1.2836179,0.0008478301,-0.000324509,-0.00046444178
-1.9678046,-1.5483863,0.0018171518,-0.0009469616,0.00034540377
-1.4462811,-1.2321062,0.0,0.0,-0.00050155923
-2.0672247,-1.6391279,0.0017311007,-0.00087668706,0.0005240308
-2.1657715,-1.7353352,0.0016502782,-0.0008007899,0.00066429196
-2.5700362,-2.3301854,0.0013825932,-0.00046333688,0.0009826435
-2.6765435,-2.423033,0.001337808,-0.00041797644,0.0010228374
-2.68008,-2.5196166,0.0013278638,-0.00038770027,0.00101962
-2.2645142,-1.9358907,0.0015648741,-0.00067282084,0.00079164724
-2.364611,-2.035457,0.0015015929,-0.0006107093,0.0008698832
-2.4658113,-2.1340928,0.0014447274,-0.00055290107,0.0009327941
-2.5687282,-2.2315168,0.0013934915,-0.0004992623,0.000984087
-2.2647657,-1.8348296,0.001578406,-0.00072764274,0.0007746156
-1.765399,-1.2972881,0.0015293921,-0.0008242443,-0.00021507786
-1.866527,-1.3660946,0.0017893257,-0.0010058288,1.677236e-05
-1.654635,-1.2504967,0.000925318,-0.00042641448,-0.00039722325
-1.9680266,-1.448857,0.0018093406,-0.0010171604,0.00026437402
-1.543437,-1.207829,0.0,0.0,-0.00048632847
-2.0677595,-1.5391874,0.0017410989,-0.00095179555,0.00047165985
-2.1665463,-1.6339672,0.0016607713,-0.0008685156,0.0006319554
-2.2651336,-1.7332386,0.0015884641,-0.0007870828,0.00075586897
-2.6739082,-2.3257878,0.001347381,-0.0004500959,0.001026599
-2.7817392,-2.417313,0.0013056996,-0.0004047055,0.0010624193
-2.7845964,-2.5144641,0.0012976006,-0.00037568877,0.0010565888
-2.3648958,-1.9342672,0.0015138453,-0.00065947673,0.00086166454
-2.4650142,-2.0337908,0.0014561183,-0.0005961976,0.00093014486
-2.5678363,-2.1311393,0.0014035845,-0.0005380288,0.0009858945
-2.6714003,-2.2275658,0.0013565216,-0.00048437234,0.0010307732
-2.3652768,-1.8326437,0.0015234476,-0.0007119599,0.0008527814
-1.7550927,-1.2090079,0.0009720566,-0.0005314016,-0.00027292405
-1.8651192,-1.2668515,0.0015625262,-0.0009443399,-7.613683e-05
-1.9677141,-1.348747,0.0017532049,-0.0010668464,0.00017796444
-1.6376072,-1.1737611,0.0,0.0,-0.000419447
-2.0679185,-1.4377836,0.0017361646,-0.0010292825,0.0004123158
-2.1677735,-1.5325229,0.0016645371,-0.00094209606,0.0005970025
-2.2666008,-1.6304877,0.0015930852,-0.00085177016,0.0007366617
-2.3657868,-1.730458,0.0015292629,-0.00076836714,0.00084360177
-2.7777057,-2.3212125,0.0013138348,-0.00043515887,0.0010681734
-2.8898804,-2.5078874,0.0012685908,-0.00036261737,0.0010920082
-2.8865094,-2.4110227,0.0012753003,-0.00039018286,0.001099728
-2.465417,-1.932125,0.0014651808,-0.0006427446,0.000928117
-2.5664873,-2.0311563,0.0014124863,-0.00057911326,0.0009876959
-2.6699116,-2.128233,0.0013644987,-0.0005208469,0.0010359607
-2.7750027,-2.222886,0.0013211492,-0.00046770042,0.0010751965
-2.4659371,-1.8299828,0.0014713984,-0.0006924963,0.00092643936
-1.8613893,-1.1610247,0.0010298953,-0.00065832736,-0.00013659199
-1.7281445,-1.1309634,0.0,0.0,-0.00029449645
-1.96682,-1.2480211,0.0016013124,-0.0010595302,9.910459e-05
-2.068559,-1.3373282,0.0016990219,-0.0010959831,0.000351698
-2.1678352,-1.4301825,0.0016580641,-0.0010202663,0.0005582149
-2.2673721,-1.5278919,0.0015916015,-0.0009214716,0.0007162249
-2.3664377,-1.6276774,0.0015299353,-0.00082885503,0.00083474803
-2.466596,-1.7273217,0.0014737075,-0.0007454514,0.00092557585
-2.8838024,-2.3139963,0.001281497,-0.00041907365,0.0011083819
-2.9941943,-2.5038755,0.0012411608,-0.00034779622,0.001124833
-2.9916086,-2.4059076,0.0012464034,-0.0003740108,0.0011347362
-2.56607,-1.929593,0.0014191333,-0.0006231129,0.0009905831
-2.6687784,-2.0273116,0.0013710597,-0.00055992336,0.0010420991
-2.7728822,-2.1238227,0.0013273761,-0.0005020993,0.0010833229
-2.8799512,-2.2171793,0.0012874295,-0.00044948695,0.0011174066
-2.5667217,-1.8270609,0.0014225245,-0.00066980487,0.00099512
-1.9747018,-1.1522156,0.0013296519,-0.00096355093,7.01566e-05
-1.8147246,-1.0806389,0.0,0.0,-0.00019886204
-2.0704138,-1.2360805,0.0016009844,-0.0011329524,0.0003007995
-2.1691027,-1.3288327,0.0016298767,-0.0010944543,0.0005210328
-2.2681947,-1.425119,0.0015809139,-0.0009955122,0.00069660303
-2.3672733,-1.5242357,0.0015238642,-0.00089338736,0.0008271896
-2.4674027,-1.6241856,0.0014708654,-0.00080148404,0.000926258
-2.5675042,-1.7241391,0.0014220574,-0.0007189958,0.0010012623
-2.9887643,-2.3079932,0.0012513144,-0.000401456,0.0011454534
-3.095181,-2.4024272,0.0012195259,-0.00035664177,0.0011667283
-3.0971844,-2.501374,0.0012154857,-0.00033183873,0.0011550157
-2.6679175,-1.9262068,0.0013755094,-0.0006010391,0.0010494126
-2.7712498,-2.0238886,0.0013321053,-0.0005384619,0.0010927331
-2.8775012,-2.118134,0.0012920871,-0.00048178513,0.0011281983
-2.9861107,-2.209729,0.0012555432,-0.00043016797,0.0011572879
-2.6675823,-1.8241103,0.0013770264,-0.000644463,0.0010585213
-2.0734367,-1.1321492,0.0013962497,-0.0010961958,0.00028406314
-1.9829302,-1.0586282,0.0008758815,-0.0006949005,0.000117307565
-1.9196707,-1.0646439,0.0006374372,-0.0004609553,-3.7942562e-05
-1.897209,-1.02385,0.0,0.0,-5.7911868e-05
-2.170399,-1.2255708,0.0015613158,-0.0011528338,0.00048857887
-2.2689006,-1.3219372,0.0015559989,-0.0010708609,0.0006791082
-2.3686724,-1.4216763,0.0015090695,-0.0009604561,0.00082289684
-2.4683654,-1.5206938,0.0014614939,-0.00086023856,0.0009294484
-2.5684106,-1.6209564,0.0014166578,-0.0007703785,0.0010097098
-2.6684415,-1.7211596,0.0013744369,-0.00068974413,0.0010703824
-3.0937612,-2.3034062,0.0012229756,-0.00038235905,0.0011796922
-3.1984816,-2.400225,0.0011944274,-0.00033824705,0.0011961202
-3.200002,-2.4998083,0.0011914071,-0.00031496375,0.0011829273
-2.7694938,-1.9231036,0.0013349807,-0.00057682063,0.0011035143
-2.8747413,-2.0192013,0.0012955025,-0.0005155576,0.0011400752
-2.9822056,-2.1125305,0.001259164,-0.00046003066,0.0011696898
-3.0909534,-2.2052422,0.0012260944,-0.0004091159,0.0011933051
-2.7697313,-1.8210212,0.0013344839,-0.0006167809,0.0011172212
-2.172225,-1.1209356,0.0014257892,-0.0011649415,0.0004874458
-2.075661,-1.0216981,0.000998091,-0.00086343125,0.0003415283
-1.9755493,-0.9614685,0.0,0.0,0.00017571646
-2.2703352,-1.219921,0.0015069838,-0.0011380964,0.0006676256
-2.3695362,-1.3191158,0.0014838285,-0.0010296064,0.0008223656
-2.469313,-1.418618,0.0014445073,-0.00092016533,0.00093614944
-2.5694168,-1.5177273,0.001405177,-0.0008234292,0.0010212956
-2.669378,-1.6181799,0.0013672851,-0.0007364721,0.0010849666
-2.7693431,-1.7185433,0.0013308774,-0.0006583981,0.0011328865
-3.1969564,-2.3010504,0.0011969805,-0.00036224115,0.0012104302
-3.3000753,-2.399733,0.001171407,-0.0003192319,0.0012224967
-3.300064,-2.499761,0.0011694571,-0.0002977,0.0012078449
-2.8730564,-1.9192728,0.0012967421,-0.0005507334,0.0011541097
-2.9791732,-2.0142093,0.0012612833,-0.00049117825,0.0011839587
-3.0879104,-2.1068351,0.0012283421,-0.00043696346,0.001208194
-3.1945996,-2.202048,0.0011990804,-0.00038716898,0.0012257933
-2.871784,-1.8185449,0.001295455,-0.00058735587,0.0011703375
-2.2719269,-1.1180516,0.0014194404,-0.0011821836,0.00067652954
-2.1710594,-1.0141542,0.0011842225,-0.0010602631,0.00052814576
-2.0498576,-0.8943348,0.0,0.0,0.0004100629
-2.3707802,-1.2173749,0.001443906,-0.0010961567,0.00082887383
-2.4702892,-1.3164222,0.0014182581,-0.0009811766,0.0009478651
-2.570109,-1.4157395,0.0013869369,-0.0008769762,0.0010364973
-2.6703446,-1.5154034,0.0013546463,-0.00078408135,0.0011029156
-2.770244,-1.6159271,0.0013226228,-0.00070062844,0.0011521816
-2.8710256,-1.716949,0.0012909616,-0.00062507123,0.0011892996
-3.2986546,-2.299925,0.0011732095,-0.0003416013,0.0012380241
-3.4000711,-2.3997502,0.0011503715,-0.00030004798,0.0012462237
-3.400053,-2.499789,0.0011490021,-0.0002800816,0.0012307699
-2.97729,-1.9148673,0.0012613565,-0.0005234322,0.0012005287
-3.085156,-2.008426,0.0012292858,-0.000465616,0.0012247115
-3.1931684,-2.1024635,0.001200062,-0.00041281886,0.001242965
-3.2985973,-2.2000132,0.001174077,-0.00036434294,0.001255317
-2.9764354,-1.8147005,0.0012589023,-0.0005565609,0.0012196674
-2.3734143,-1.1169701,0.0013824282,-0.0011512169,0.0008470747
-2.27706,-1.0176474,0.0012891266,-0.0011828648,0.00071907055
-2.1837592,-0.91920257,0.0009147501,-0.000885527,0.0005964237
-2.4716485,-1.2152228,0.0013812886,-0.001040661,0.00096643757
-2.5710535,-1.3133198,0.0013603546,-0.0009307986,0.001057152
-2.6712723,-1.4130796,0.0013357145,-0.0008317938,0.0011249238
-2.7711096,-1.5136741,0.0013095248,-0.00074321625,0.0011748269
-2.8721278,-1.6148888,0.00128206,-0.00066289445,0.001212249
-2.9747794,-1.7146499,0.0012540391,-0.00059050554,0.0012407991
-3.4000933,-2.2997124,0.0011513167,-0.00032049709,0.0012629805
-3.500049,-2.399788,0.0011309464,-0.00028065866,0.0012678769
-3.5000348,-2.4998279,0.0011300488,-0.00026221864,0.0012517909
-3.083598,-1.9101,0.0012283336,-0.00049474894,0.001243393
-3.1905718,-2.003995,0.0012001727,-0.00043909196,0.0012612041
-3.2962058,-2.100836,0.0011746497,-0.0003880363,0.0012733396
-3.4001188,-2.1996796,0.0011516592,-0.00034141092,0.0012811639
-3.0809586,-1.8112493,0.0012257601,-0.0005249641,0.0012637627
-2.4740136,-1.1148659,0.001331482,-0.0010949968,0.0009942706
-2.3794668,-1.0178051,0.001294917,-0.0011839152,0.00088609464
-2.2927964,-0.91720855,0.0011241556,-0.0011332539,0.00078879745
-2.2147644,-0.83687586,0.0006961874,-0.0007555011,0.000691925
-2.1202471,-0.823103,0.0,0.0,0.00060823985
-2.5719922,-1.2127984,0.0013253195,-0.0009825946,0.0010835972
-2.6717682,-1.3124119,0.001310242,-0.0008784525,0.001151172
-2.7718744,-1.4119447,0.0012909254,-0.00078540377,0.0012013762
-2.87246,-1.5132744,0.0012691807,-0.00070096675,0.0012380431
-2.974214,-1.6136951,0.0012455267,-0.0006247087,0.0012654209
-3.0802846,-1.7115874,0.0012201865,-0.00055517047,0.0012874176
-3.500068,-2.2997453,0.0011314577,-0.0002994893,0.0012852738
-3.60003,-2.3998306,0.0011130698,-0.0002611655,0.0012875542
-3.6000206,-2.4998677,0.0011125333,-0.00024419997,0.001270976
-3.1894026,-1.9051058,0.0011984492,-0.00046567697,0.0012818009
-3.2949288,-2.00156,0.0011738869,-0.0004119225,0.0012933485
-3.3986843,-2.0997937,0.0011515432,-0.00036304726,0.0013004851
-3.500093,-2.1997025,0.0011314343,-0.00031865467,0.0013040932
-3.187508,-1.8064766,0.0011951732,-0.000492743,0.0013041173
-2.574323,-1.1133826,0.0012803648,-0.001030423,0.0011182929
-2.479435,-1.0169133,0.0012658661,-0.0011369737,0.0010349958
-2.390771,-0.92032135,0.0011833305,-0.0011856663,0.0009476278
-2.3313417,-0.8103229,0.00093613914,-0.0010615743,0.0009218082
-2.2689736,-0.7515961,0.00054702215,-0.00069379224,0.0008850464
-2.1868062,-0.74827945,0.0,0.0,0.0008284103
-2.672466,-1.2115707,0.0012769263,-0.0009236183,0.0011833784
-2.7724764,-1.31081,0.0012662775,-0.0008265109,0.0012323826
-2.8723042,-1.4112028,0.0012514667,-0.0007388944,0.0012675524
-2.974113,-1.5122844,0.0012330639,-0.0006587706,0.0012935817
-3.0789387,-1.611606,0.0012119608,-0.0005857797,0.0013135332
-3.186385,-1.7082627,0.0011896339,-0.00051960954,0.0013288531
-3.600043,-2.2997882,0.0011132596,-0.00027842316,0.00130544
-3.700017,-2.399873,0.0010966923,-0.00024163858,0.0013053563
-3.7000113,-2.4999049,0.0010964273,-0.00022610606,0.0012884074
-3.2936704,-1.9022883,0.0011718011,-0.00043617404,0.0013152139
-3.3972218,-2.0003383,0.0011504734,-0.00038490407,0.0013213692
-3.5001252,-2.0996633,0.0011307262,-0.00033809227,0.0013244353
-3.600061,-2.1997418,0.0011129794,-0.00029591666,0.0013247275
-3.2922637,-1.8032478,0.0011681794,-0.000460574,0.0013389931
-2.674366,-1.1124692,0.0012356369,-0.00096466474,0.0012225348
-2.5784273,-1.0155886,0.0012250824,-0.0010715043,0.0011624723
-2.4870882,-0.920414,0.0011826978,-0.0011611995,0.0010915629
-2.410007,-0.82255024,0.0010451304,-0.0011515148,0.0010370304
-2.3330722,-0.76472336,0.0008292231,-0.0009871233,0.00097526563
-2.3755372,-0.6676329,0.00060595135,-0.00080228125,0.0011399122
-2.2498386,-0.67046195,0.0,0.0,0.0010553242
-2.7728763,-1.2102214,0.0012351336,-0.00086573744,0.0012683157
-2.872734,-1.3104609,0.0012283315,-0.0007749229,0.0013013982
-2.9737363,-1.411392,0.0012164916,-0.00069208257,0.001325058
-3.0778277,-1.5114644,0.0012004208,-0.00061601104,0.0013427769
-3.1838007,-1.6087831,0.0011819644,-0.00054724474,0.0013558666
-3.2916002,-1.7038435,0.0011624864,-0.00048479994,0.0013652928
-3.700025,-2.2998345,0.0010966551,-0.0002573808,0.0013236013
-3.8000088,-2.3999119,0.0010817602,-0.00022214527,0.0013213817
-3.8000057,-2.4999366,0.0010816916,-0.00020800269,0.0013041623
-3.3965733,-1.9006289,0.0011480387,-0.0004067888,0.0013443443
-3.4991417,-1.99968,0.0011293554,-0.0003579412,0.0013461775
-3.600085,-2.0996945,0.0011120979,-0.000313581,0.0013455099
-3.7000368,-2.199789,0.001096207,-0.00027328072,0.0013432215
-3.3966138,-1.8008572,0.0011440511,-0.00042849738,0.0013694923
-2.7736604,-1.110956,0.0011973045,-0.0009014994,0.0013097697
-2.6769898,-1.013439,0.0011856471,-0.0010012378,0.0012693846
-2.5822346,-0.9168589,0.0011577304,-0.0011040652,0.0012168603
-2.4906666,-0.8216355,0.0010756298,-0.0011582264,0.0011562931
-2.3998995,-0.71498245,0.0008301452,-0.0010193728,0.0011219223
-2.4252536,-0.5926932,0.00056134764,-0.0007819054,0.0012721511
-2.309274,-0.58986354,0.0,0.0,0.0012065821
-2.8729918,-1.2101117,0.0011995313,-0.00080898963,0.0013397792
-2.9738264,-1.3109422,0.0011951174,-0.0007237116,0.0013606295
-3.0764847,-1.4112785,0.0011852802,-0.00064562546,0.0013752417
-3.1821532,-1.5097735,0.0011712853,-0.0005739148,0.001385857
-3.2890863,-1.6049668,0.0011551378,-0.0005092616,0.0013932225
-3.395289,-1.7014008,0.0011387423,-0.00045037948,0.0013962968
-3.8000133,-2.2998798,0.0010815699,-0.00023642955,0.0013398787
-3.9000041,-2.3999438,0.0010682276,-0.00020273819,0.0013357261
-3.9000025,-2.4999614,0.0010682913,-0.00018994203,0.0013183195
-3.498952,-1.8997321,0.0011267834,-0.00037761452,0.0013698696
-3.6001167,-1.9996504,0.0011104667,-0.00033131323,0.0013678856
-3.7000535,-2.0997388,0.001095234,-0.00028926774,0.0013642972
-3.8000202,-2.1998396,0.0010810291,-0.00025080616,0.0013597201
-3.4992123,-1.7997441,0.0011228933,-0.00039706324,0.0013955728
-2.8731074,-1.1100022,0.0011647607,-0.00084029586,0.0013831116
-2.7752104,-1.0114466,0.0011519359,-0.00093295873,0.0013582194
-2.679401,-0.9139403,0.0011266018,-0.0010320956,0.0013241973
-2.5859928,-0.8210591,0.0010804568,-0.0011214298,0.0012804182
-2.5060844,-0.7211001,0.0009482269,-0.0011190532,0.0012488995
-2.525681,-0.6653445,0.0008814508,-0.0010813671,0.0013170762
-2.5433733,-0.6026875,0.0008093975,-0.0010445397,0.0013912084
-2.4707267,-0.5129502,0.00049947854,-0.00074067235,0.0014025646
-2.365492,-0.5069891,0.0,0.0,0.0013498903
-2.973057,-1.2100538,0.0011688096,-0.00075393746,0.0014002426
-3.0750883,-1.3108948,0.0011660301,-0.0006739721,0.0014113619
-3.1801393,-1.4100453,0.0011574648,-0.00060014514,0.0014189611
-3.287135,-1.5059108,0.0011452077,-0.00053294195,0.001423973
-3.3939457,-1.6019677,0.0011315761,-0.000471858,0.0014253356
-3.4985929,-1.6998488,0.0011177566,-0.00041646665,0.0014230388
-3.9000063,-2.2999198,0.0010679453,-0.0002156198,0.0013543885
-4.000002,-2.399968,0.0010560451,-0.00018345506,0.0013484797
-4.000001,-2.499979,0.0010561902,-0.00017196423,0.0013309522
-3.6001573,-1.8996147,0.0011079232,-0.0003489847,0.0013919626
-3.7000763,-1.9996861,0.0010936159,-0.00030525215,0.0013869103
-3.8000305,-2.0997913,0.00108004,-0.00026520816,0.0013809724
-3.90001,-2.1998878,0.0010673675,-0.00022854067,0.001374361
-3.6002073,-1.7995933,0.0011043159,-0.00036644936,0.001417838
-2.9731221,-1.1099957,0.0011371876,-0.00078080286,0.0014445436
-2.8743012,-1.0100824,0.0011234967,-0.00086717086,0.0014325688
-2.7767296,-0.9110434,0.0010986973,-0.00095943024,0.0014137902
-2.680379,-0.81433696,0.0010586279,-0.0010552297,0.0013860296
-2.581289,-0.75405985,0.0010188924,-0.0011285839,0.0013210928
-2.6519184,-0.70586264,0.00097110035,-0.0010823974,0.001427869
-2.6623337,-0.6075662,0.00088033,-0.0010683901,0.0015123682
-2.573476,-0.5224944,0.0007268696,-0.00100291,0.0014987899
-2.4184644,-0.42200324,0.0,0.0,0.0014979532
-2.5200262,-0.4283287,0.00044495583,-0.00070442504,0.0015443545
-3.0745084,-1.2105395,0.0011421407,-0.00069994555,0.00145174
-3.177724,-1.3101379,0.0011402414,-0.00062527787,0.0014552306
-3.2851667,-1.4068677,0.0011325768,-0.00055577024,0.0014574421
-3.392033,-1.5027864,0.0011224378,-0.0004927811,0.0014565636
-3.4976218,-1.6001502,0.0011110806,-0.00043542276,0.0014524907
-3.6002672,-1.6995916,0.0010994965,-0.00038354777,0.0014455877
-4.000003,-2.299952,0.0010557193,-0.0001949868,0.0013672393
-4.1000004,-2.399984,0.0010451683,-0.0001643218,0.0013597277
-4.1000004,-2.49999,0.001045354,-0.00015409775,0.0013421313
-3.700107,-1.899636,0.001091222,-0.00032111822,0.0014111424
-3.8000455,-1.9997362,0.0010785003,-0.00027955047,0.0014037009
-3.9000158,-2.0998464,0.0010664143,-0.00024143937,0.0013956965
-4.0000043,-2.1999292,0.0010551497,-0.00020651678,0.0013872733
-3.7001479,-1.7995949,0.00108792,-0.00033672195,0.0014370696
-3.0731294,-1.1099926,0.0011137228,-0.0007237984,0.0014958542
-2.9731367,-1.0099894,0.0011002072,-0.0008041766,0.0014935961
-2.874329,-0.90920967,0.0010757556,-0.0008903219,0.0014873953
-2.7723424,-0.8079828,0.0010372307,-0.0009848543,0.0014721061
-2.6574082,-0.5390059,0.00080810866,-0.0010548214,0.0015675237
-2.7649438,-0.7064268,0.000969205,-0.0010038848,0.0015327202
-2.7622275,-0.60467154,0.0008911791,-0.0010075204,0.0016054265
-2.624357,-0.44098753,0.00066372356,-0.0009625211,0.0016249189
-2.4683516,-0.33517057,0.0,0.0,0.001640768
-2.569185,-0.34281015,0.00040049618,-0.0006753661,0.0016797426
-3.175696,-1.210322,0.0011191389,-0.00064834795,0.0014951067
-3.2823825,-1.308239,0.0011172723,-0.0005775298,0.0014933783
-3.3907592,-1.4030468,0.0011107569,-0.0005126276,0.0014906434
-3.4961555,-1.500461,0.001102684,-0.00045380785,0.0014840703
-3.5989165,-1.5995425,0.0010935196,-0.00040052104,0.0014750431
-3.7001996,-1.69957,0.0010835832,-0.00035191112,0.001464754
-4.100001,-2.2999747,0.0010448366,-0.00017455255,0.001378532
-4.2000003,-2.3999932,0.0010355554,-0.00014535326,0.0013695484
-4.2000003,-2.499996,0.0010357507,-0.00013636093,0.0013519224
-3.8000665,-1.8996773,0.0010763059,-0.0002937277,0.0014279672
-3.9000242,-1.9997951,0.0010650019,-0.0002542377,0.0014184456
-4.000007,-2.0998976,0.001054271,-0.00021798901,0.0014086221
-4.100002,-2.1999607,0.0010443078,-0.00018475155,0.0013985756
-3.800096,-1.7996199,0.0010733496,-0.00030761262,0.0014538275
-3.174346,-1.11014,0.0010937206,-0.00066866877,0.0015389258
-3.0731366,-1.0099894,0.0010804976,-0.00074342435,0.0015446077
-2.973609,-0.90894955,0.0010572654,-0.0008231052,0.0015483476
-2.8718116,-0.8066157,0.0010212491,-0.0009098352,0.0015469908
-2.7270873,-0.48198366,0.00077353837,-0.0010032452,0.0016735286
-2.86795,-0.70404464,0.0009600242,-0.00092356995,0.0016107317
-2.858594,-0.5976906,0.00088864396,-0.00093367574,0.0016790796
-2.6709347,-0.35461712,0.00059900497,-0.0009148017,0.0017443813
-2.613137,-0.25416946,0.00035233228,-0.000631914,0.0018039156
-2.5152643,-0.24669528,0.0,0.0,0.0017721573
-3.2791572,-1.2100776,0.0010989993,-0.0005977122,0.0015320979
-3.387243,-1.3043433,0.0010970832,-0.0005318073,0.0015263625
-3.4946198,-1.4007396,0.0010922971,-0.00047125787,0.0015179272
-3.599074,-1.4994742,0.0010857478,-0.00041619517,0.0015068774
-3.700263,-1.5995682,0.0010780825,-0.00036647514,0.0014942584
-3.800136,-1.6995716,0.0010695239,-0.000321056,0.0014813279
-4.2000003,-2.2999887,0.0010352453,-0.00015432766,0.0013883589
-4.3,-2.3999977,0.0010271695,-0.00012655483,0.0013780121
-4.3,-2.4999988,0.0010273524,-0.00011876305,0.0013603845
-3.900037,-1.8997347,0.0010630443,-0.00026684004,0.0014426535
-4.0000114,-1.9998555,0.0010530151,-0.00022933322,0.0014313223
-4.100003,-2.0999398,0.00104353,-0.00019486855,0.0014198873
-4.200001,-2.1999815,0.0010347799,-0.00016325,0.0014083755
-3.900056,-1.7996681,0.001060453,-0.00027913233,0.0014683588
-3.2740548,-1.111272,0.0010773502,-0.0006167901,0.0015736552
-3.1723034,-1.0095737,0.0010641811,-0.0006862081,0.0015863787
-3.0728765,-0.90798926,0.0010419359,-0.00075950514,0.0015986038
-2.9721582,-0.80625176,0.0010083447,-0.00083834573,0.0016077752
-2.8543782,-0.4952333,0.0008144909,-0.0009290208,0.001753447
-2.768614,-0.37798893,0.00069364737,-0.00095150317,0.0017909029
-2.9657326,-0.60189253,0.0008950418,-0.00085221115,0.0017378114
-2.9690018,-0.7037092,0.0009541267,-0.0008487362,0.0016708556
-2.7099853,-0.26557353,0.00053287507,-0.0008593882,0.0018555205
-2.5593088,-0.15675792,0.0,0.0,0.0018947611
-2.6538415,-0.16394635,0.0003063856,-0.00058425014,0.0019205319
-3.3841689,-1.2068435,0.0010808334,-0.00054892374,0.0015645269
-3.493642,-1.3010099,0.0010796358,-0.0004870024,0.0015543662
-3.5978553,-1.3996061,0.0010765286,-0.00043131088,0.0015404538
-3.7003372,-1.4995946,0.0010712905,-0.00038021913,0.0015256274
-3.800189,-1.5995419,0.0010647203,-0.0003338858,0.0015105049
-3.9000833,-1.6996013,0.0010571398,-0.00029098094,0.0014955909
-4.3,-2.2999961,0.0010268992,-0.00013431256,0.0013968024
-4.4,-2.3999994,0.0010199781,-0.00010792388,0.0013851811
-4.4,-2.4999998,0.0010201341,-0.00010130547,0.0013675705
-4.000018,-1.8998013,0.0010513125,-0.00024046384,0.0014554053
-4.1000047,-1.9999098,0.0010424486,-0.00020484086,0.0014424912
-4.200001,-2.0999699,0.0010341184,-0.00017207596,0.0014296161
-4.3,-2.1999931,0.0010265103,-0.0001420066,0.0014167682
-4.0000286,-1.799735,0.0010490927,-0.00025127924,0.0014808951
-3.3756552,-1.1119648,0.0010630495,-0.0005665445,0.0016028738
-3.269834,-1.0097667,0.0010510387,-0.0006327246,0.0016199651
-3.1723208,-0.9075523,0.0010298722,-0.000699124,0.0016391895
-3.0731418,-0.80662507,0.0009988423,-0.00077030377,0.0016566013
-2.8699503,-0.393685,0.0007411381,-0.0008993901,0.0018421023
-2.9662573,-0.50034887,0.0008318344,-0.00084495556,0.0018100031
-2.80474,-0.27797,0.0006185654,-0.00089434104,0.001900093
-3.0709867,-0.6036363,0.0008996168,-0.0007762765,0.001782751
-3.072123,-0.7050416,0.00095122587,-0.0007763928,0.0017179999
-2.7483308,-0.1718993,0.00046879207,-0.0007960326,0.00196462
-2.6929374,-0.07123651,0.00026404747,-0.0005354127,0.0020316835
-2.6003685,-0.06541923,0.0,0.0,0.0020101783
-3.4935784,-1.2016534,0.0010645337,-0.0005006292,0.0015933455
-3.597436,-1.2998801,0.0010653872,-0.00044463115,0.0015763625
-3.699217,-1.3995708,0.001063235,-0.00039335797,0.0015586986
-3.8002563,-1.4995401,0.0010588377,-0.00034591084,0.0015413772
-3.9001217,-1.5995437,0.0010530194,-0.00030223164,0.0015243666
-4.000045,-1.699659,0.0010462851,-0.00026166084,0.0015078059
-4.4,-2.299999,0.0010197579,-0.00011449949,0.0014039349
-4.5,-2.3999999,0.0010139517,-8.945249e-05,0.0013911122
-4.5,-2.5,0.0010140735,-8.398433e-05,0.0013735291
-4.1000075,-1.8998677,0.0010410085,-0.00021459267,0.0014664062
-4.2000017,-1.999952,0.0010332186,-0.00018075033,0.0014520943
-4.3,-2.099988,0.0010259716,-0.00014959848,0.0014379183
-4.4,-2.1999981,0.0010194506,-0.00012100724,0.0014238372
-4.100013,-1.7998109,0.001039154,-0.00022403455,0.001491643
-3.4868102,-1.1050013,0.0010484963,-0.0005149848,0.001631788
-3.3611035,-1.012434,0.0010413585,-0.00058505347,0.0016448012
-3.26996,-0.90674376,0.0010202847,-0.00064304064,0.0016716374
-3.1736722,-0.8060618,0.0009916564,-0.00070672284,0.0016957587
-2.9763272,-0.4007023,0.0007683799,-0.0008225932,0.0018875044
-2.899715,-0.29222783,0.00067181117,-0.0008508446,0.0019380851
-3.0740433,-0.5033474,0.00084561,-0.00076647085,0.0018511498
-2.8415952,-0.18038079,0.0005521944,-0.00082883314,0.002002216
-3.1758606,-0.6048569,0.00090539444,-0.0007060899,0.00181666
-3.175081,-0.70470166,0.00094979594,-0.00070907513,0.0017554055
-2.7851734,-0.07803312,0.00041120744,-0.00073024386,0.0020667266
-2.7298353,0.02232986,0.00022638169,-0.00048593085,0.0021344041
-2.6385977,0.02713987,0.0,0.0,0.002116683
-3.600566,-1.1998687,0.0010519281,-0.0004549849,0.0016151916
-3.6993828,-1.2998687,0.0010535226,-0.00040460617,0.001593815
-3.8003376,-1.3995727,0.0010517972,-0.0003569122,0.0015739406
-3.9001749,-1.4995074,0.0010480155,-0.00031271094,0.0015546846
-4.0000687,-1.5995799,0.001042822,-0.00027147296,0.001536138
-4.1000204,-1.699738,0.0010368297,-0.00023306295,0.0015182028
-4.5,-2.3,0.0010137854,-9.487548e-05,0.001409822
-4.6,-2.4,0.0010090637,-7.113664e-05,0.0013958556
-4.6,-2.5,0.0010091497,-6.679893e-05,0.0013783034
-4.2000027,-1.8999244,0.0010320375,-0.00018920682,0.0014758171
-4.3000007,-1.9999794,0.0010252515,-0.00015704043,0.0014602563
-4.4,-2.0999966,0.0010190334,-0.00012741453,0.0014448887
-4.5,-2.1999998,0.001013558,-0.00010023274,0.0014296569
-4.2000046,-1.7998837,0.0010305324,-0.00019736761,0.0015007841
-3.4319787,-1.0067959,0.0010338492,-0.0005502162,0.0016641063
-3.5985603,-1.1025864,0.0010374698,-0.00046507872,0.0016538242
-3.361633,-0.9041039,0.0010124389,-0.0005934396,0.00169746
-3.2744932,-0.8051312,0.0009864409,-0.00064678164,0.0017268664
-2.9954326,-0.29999983,0.0007060354,-0.00078498514,0.001970104
-3.081576,-0.40421173,0.00079066696,-0.00074647175,0.0019219393
-2.9306405,-0.19081733,0.00060686603,-0.0007923571,0.0020315666
-3.1799405,-0.504623,0.00085842557,-0.0006948899,0.001881177
-2.8778229,-0.084290765,0.000493446,-0.00075968803,0.0020966937
-3.2790139,-0.7043469,0.00095000846,-0.0006456348,0.0017841378
-3.2810485,-0.60465914,0.0009114719,-0.0006406766,0.0018422559
-2.820925,0.015742743,0.0003604429,-0.0006624774,0.002160908
-2.7641478,0.115971565,0.0001930339,-0.00043562148,0.0022267746
-2.6740062,0.120814286,0.0,0.0,0.0022130175
-3.700567,-1.1998106,0.0010421845,-0.0004139342,0.0016310781
-3.80043,-1.2996399,0.001043514,-0.00036664057,0.0016081814
-3.9002452,-1.3995055,0.0010420582,-0.0003222307,0.0015865222
-4.0001044,-1.4995092,0.0010386399,-0.00028056404,0.0015658743
-4.1000333,-1.5996506,0.0010339824,-0.00024156022,0.0015460737
-4.200008,-1.6998255,0.0010286603,-0.0002051432,0.0015269849
-4.6,-2.3,0.0010089488,-7.5432064e-05,0.0014145205
-4.7,-2.4,0.001005301,-5.3015745e-05,0.0013994355
-4.7,-2.5,0.0010053546,-4.9789003e-05,0.001381912
-4.300001,-1.8999652,0.0010243173,-0.00016427529,0.0014837795
-4.4,-1.9999937,0.0010184831,-0.0001336809,0.0014670847
-4.5,-2.0999994,0.001013254,-0.00010549747,0.0014506112
-4.6,-2.2,0.0010087943,-7.9669044e-05,0.0014342916
-4.3000016,-1.7999419,0.0010231369,-0.00017123626,0.0015084769
-3.4374123,-0.90949875,0.0010096953,-0.00055405573,0.0017115095
-3.5154734,-1.0080218,0.0010271288,-0.0005098451,0.0016797881
-3.6066718,-1.0042857,0.001020283,-0.00046820496,0.0016964728
-3.7011242,-1.1010048,0.0010297396,-0.00042146977,0.0016694228
-3.377063,-0.8032295,0.0009826362,-0.00058959844,0.0017519677
-3.0922525,-0.30510047,0.0007354292,-0.00071680563,0.0019941297
-3.016761,-0.19463928,0.00064321375,-0.0007361746,0.0020556299
-3.18491,-0.40469867,0.00080988137,-0.0006767111,0.0019469708
-2.971511,-0.086366825,0.0005495875,-0.00071869476,0.0021248308
-3.2844281,-0.5043058,0.000870678,-0.0006293847,0.0019026573
-2.9132278,0.009829368,0.00044267677,-0.00068712555,0.002182026
-3.386237,-0.6037072,0.00091826945,-0.00057990773,0.0018607884
-3.3847828,-0.7052321,0.00095215364,-0.0005854324,0.0018052332
-2.8546815,0.10875255,0.000316289,-0.00059258076,0.0022451924
-2.7956932,0.20978774,0.00016301553,-0.00038359064,0.0023082574
-2.7064734,0.21554837,0.0,0.0,0.002298644
-3.8005254,-1.1997324,0.0010339499,-0.00037488484,0.0016440146
-3.9003346,-1.2995474,0.0010350866,-0.00033058904,0.0016198355
-4.000156,-1.3994635,0.0010336824,-0.00028876777,0.0015969782
-4.100053,-1.499555,0.0010305626,-0.0002493947,0.0015752275
-4.200013,-1.5997462,0.0010263806,-0.00021243245,0.001554397
-4.3000026,-1.6999049,0.0010216783,-0.0001778469,0.0015343282
-4.7,-2.3,0.0010052307,-5.6207242e-05,0.001418061
-4.8,-2.4,0.0010026433,-3.5359604e-05,0.0014019097
-4.8,-2.5,0.0010026712,-3.3210345e-05,0.0013844093
-4.4,-1.8999884,0.0010177761,-0.00013975799,0.0014904141
-4.5,-1.9999989,0.0010128574,-0.00011063637,0.0014726735
-4.6,-2.1,0.00100859,-8.382646e-05,0.0014551576
-4.7,-2.2,0.001005137,-5.9351554e-05,0.0014377778
-4.4000006,-1.7999789,0.001016889,-0.00014558953,0.0015148569
-3.485512,-0.92664117,0.0010119778,-0.000529024,0.0017122893
-3.48791,-0.8108311,0.0009830254,-0.0005318927,0.001767531
-3.536314,-0.899682,0.0010029547,-0.00050623,0.0017329128
-3.6093512,-0.8988976,0.0010005543,-0.00047202475,0.0017429579
-3.7027798,-1.0007459,0.0010152248,-0.0004264457,0.0017101371
-3.8006098,-1.0998316,0.0010230868,-0.00038143495,0.0016813366
-3.109719,-0.2093923,0.0006847509,-0.00067644304,0.0020646858
-3.191811,-0.3049924,0.00076061726,-0.0006504779,0.002013395
-3.05233,-0.09878409,0.0005960283,-0.00067315454,0.0021330984
-3.2884948,-0.40385687,0.0008284263,-0.0006118217,0.0019641987
-3.0070386,0.008252778,0.00050357805,-0.0006473597,0.0022014088
-3.3889263,-0.50300497,0.00088291254,-0.00056858937,0.0019173133
-2.9472063,0.10194901,0.00039956428,-0.00061189017,0.0022575702
-3.4905412,-0.70506996,0.0009548111,-0.0005292645,0.0018206526
-3.4911263,-0.6035764,0.00092588435,-0.00052375806,0.0018727843
-2.8858516,0.2012066,0.00027778643,-0.000519586,0.002319088
-2.8247488,0.3045621,0.00013581065,-0.0003292069,0.0023798733
-2.7360227,0.3112327,0.0,0.0,0.0023740921
-3.900441,-1.1996334,0.0010270712,-0.00033757984,0.0016545508
-4.000228,-1.2994616,0.0010279038,-0.00029590653,0.0016293882
-4.100084,-1.3994654,0.0010265259,-0.00025642192,0.0016056161
-4.200022,-1.4996445,0.0010236545,-0.00021912264,0.0015829838
-4.3000045,-1.5998478,0.0010199108,-0.00018402138,0.0015613019
-4.400001,-1.6999619,0.0010157988,-0.00015111126,0.0015403839
-4.8,-2.3,0.0010026069,-3.7483547e-05,0.0014205049
-4.9,-2.5,0.0010009863,-1.8349458e-05,0.0013860014
-4.9,-2.4,0.0010009756,-1.9535719e-05,0.0014034857
-4.5,-1.8999978,0.0010123518,-0.00011560971,0.0014958251
-4.6,-2.0,0.0010083257,-8.787803e-05,0.0014771017
-4.7,-2.1,0.0010050143,-6.243312e-05,0.0014585706
-4.8,-2.2,0.0010025589,-3.9574174e-05,0.0014401808
-4.5,-1.7999958,0.0010117211,-0.000120371296,0.0015200394
-3.6007748,-0.7984215,0.0009799255,-0.00047722808,0.0017874739
-3.7032437,-0.89974046,0.0009987314,-0.00042961538,0.001752572
-3.8006632,-0.9999147,0.0010108546,-0.00038604182,0.0017201317
-3.9005566,-1.0997485,0.0010179767,-0.00034299336,0.0016905855
-3.2040558,-0.20727366,0.0007137303,-0.00061453576,0.002078368
-3.124987,-0.11953103,0.0006390992,-0.0006340839,0.0021290944
-3.2946367,-0.30347538,0.00078575156,-0.0005868398,0.0020260534
-3.0956366,0.0027664013,0.00055434194,-0.0005978923,0.0022079404
-3.3924546,-0.40276673,0.0008465094,-0.0005515897,0.0019743256
-3.0420747,0.09459199,0.00046890287,-0.00057630084,0.0022646256
-3.4936142,-0.50259143,0.0008956233,-0.0005123737,0.0019256754
-2.9779484,0.19107087,0.0003632186,-0.00053547346,0.0023223008
-3.596057,-0.70200765,0.0009578509,-0.0004770349,0.001832539
-3.595347,-0.60205907,0.0009334393,-0.0004716422,0.0018807428
-2.9148104,0.2935984,0.00024462506,-0.00044306563,0.0023832037
-2.8535748,0.40230808,0.00011335719,-0.00027108093,0.0024427685
-2.7625256,0.40780523,0.0,0.0,0.00244071
-4.000325,-1.1995181,0.0010212715,-0.0003017969,0.001663021
-4.100131,-1.2994051,0.0010218344,-0.00026248684,0.001637168
-4.2000365,-1.3995259,0.0010204476,-0.00022509039,0.0016126895
-4.300008,-1.4997633,0.0010178058,-0.00018966437,0.0015893534
-4.4000015,-1.5999323,0.0010144833,-0.00015625138,0.001566955
-4.5,-1.6999916,0.0010109494,-0.00012486851,0.0015452795
-4.9,-2.3,0.0010009618,-2.0707344e-05,0.0014220596
-5.0,-2.4,0.001,0.0,0.001404087
-4.6,-1.9,0.0010079909,-9.17924e-05,0.0015000998
-4.7,-2.0,0.0010048565,-6.5432454e-05,0.0014804187
-4.8,-2.1,0.0010024963,-4.162123e-05,0.0014609196
-4.9,-2.2,0.0010009437,-2.1859712e-05,0.0014417077
-4.6,-1.8,0.0010075752,-9.5533156e-05,0.0015241196
-3.7013428,-0.79927796,0.0009809564,-0.00043099892,0.0017959086
-3.800662,-0.8999654,0.0009972198,-0.00038839894,0.0017602643
-3.9006643,-0.9998639,0.0010077591,-0.00034660462,0.0017278284
-4.0004487,-1.0996331,0.0010137606,-0.00030624992,0.001697776
-3.2152197,-0.111861326,0.0006689888,-0.00057316385,0.0021405776
-3.300198,-0.2014409,0.0007420476,-0.0005554963,0.0020879528
-3.1760917,-0.034242705,0.00061382423,-0.000565091,0.0021886323
-3.3959937,-0.30139273,0.00080889574,-0.00052877376,0.0020318148
-3.1373463,0.08293628,0.00053090503,-0.0005294825,0.002260439
-3.495363,-0.4018563,0.0008641331,-0.00049673114,0.0019788241
-3.0734227,0.17845663,0.00043974092,-0.0005047892,0.0023188402
-3.5969913,-0.5014354,0.00090774364,-0.00046085753,0.0019299319
-3.006542,0.28227058,0.00033088552,-0.00045444747,0.00237955
-3.699235,-0.6997825,0.00096174784,-0.00042927457,0.0018400582
-3.6986768,-0.60059816,0.00094120146,-0.00042346976,0.0018849925
-2.9406946,0.3843785,0.0002177791,-0.00036485013,0.00243663
-2.901366,0.5027607,0.000118863616,-0.00022074366,0.0024922926
-2.786042,0.5051481,0.0,0.0,0.0024908725
-4.1002016,-1.1994032,0.0010164635,-0.00026742613,0.0016697882
-4.20006,-1.299407,0.0010167297,-0.00023020181,0.0016434365
-4.300013,-1.3996449,0.0010153371,-0.00019467235,0.0016184221
-4.4000025,-1.4998816,0.0010129218,-0.00016093037,0.0015945178
-4.5000005,-1.5999831,0.0010100213,-0.00012904266,0.0015714976
-4.6,-1.7,0.0010070682,-9.9058925e-05,0.0015491187
-5.0,-2.3,0.001,0.0,0.0014226525
-4.7,-1.9,0.0010046577,-6.832636e-05,0.0015032939
-4.8,-2.0,0.0010024165,-4.3611784e-05,0.0014826977
-4.9,-2.1,0.0010009203,-2.2987291e-05,0.0014624102
-5.0,-2.2,0.001,0.0,0.0014422896
-4.7,-1.8,0.0010044117,-7.10879e-05,0.0015271596
-3.8005884,-0.79998434,0.0009822532,-0.00038823043,0.0018014854
-3.900736,-0.8999466,0.0009964245,-0.00034819217,0.0017661294
-4.0005927,-0.99978137,0.0010053694,-0.00030906723,0.0017335317
-4.100305,-1.0994849,0.0010103994,-0.00027107165,0.0017033565
-3.2970834,-0.09167256,0.0006920725,-0.00051803497,0.0021532301
-3.397433,-0.19771518,0.00076957414,-0.0005006866,0.0020897512
-3.258567,0.035957195,0.00061744824,-0.00048512357,0.0022279273
-3.4968383,-0.30048537,0.00083155575,-0.00047601465,0.0020320176
-3.1732426,0.16025068,0.0005120863,-0.00046417068,0.0023044192
-3.5973926,-0.40097612,0.00088086654,-0.00044648207,0.0019791892
-3.0985966,0.26310062,0.00041196353,-0.00043317236,0.0023664169
-3.698845,-0.50036,0.0009194392,-0.000413723,0.0019307988
-3.0329213,0.3706129,0.000305216,-0.00037323934,0.0024264005
-3.8004413,-0.69998825,0.0009661134,-0.00038530838,0.0018435568
-3.8002522,-0.59999335,0.00094889215,-0.0003793524,0.0018861617
-2.973588,0.48014858,0.00020339218,-0.000278208,0.0024817863
-2.9218678,0.59214145,0.000105209634,-0.00014968037,0.0025207456
-2.8063116,0.6032185,0.0,0.0,0.0025230118
-4.2000985,-1.1993214,0.0010124809,-0.00023431552,0.0016751207
-4.300021,-1.2994925,0.0010124816,-0.00019893181,0.0016484288
-4.4000044,-1.3997971,0.0010110955,-0.0001650628,0.0016230065
-4.500001,-1.4999661,0.0010089229,-0.00013282883,0.0015986338
-4.6,-1.6,0.0010064603,-0.00010232352,0.0015750433
-4.7,-1.7,0.0010041125,-7.368651e-05,0.0015519696
-4.8,-1.9,0.0010023161,-4.5530454e-05,0.0015054839
-4.9,-2.0,0.0010008905,-2.408295e-05,0.0014841417
-5.0,-2.1,0.001,0.0,0.0014629778
-4.8,-1.8,0.0010021923,-4.7359365e-05,0.0015292391
-3.9007354,-0.7999804,0.000984014,-0.0003475281,0.0018053107
-4.0007367,-0.8999127,0.0009960991,-0.00031005795,0.0017701377
-4.1004486,-0.99965,0.0010036377,-0.0002732495,0.0017377344
-4.2001615,-1.0993197,0.0010076943,-0.00023728661,0.0017076083
-3.3908277,-0.090625994,0.0007260267,-0.00046909958,0.0021487956
-3.4970489,-0.19840974,0.00079783786,-0.0004504726,0.0020848264
-3.2798557,0.12763378,0.00058763655,-0.00042850722,0.002275811
-3.5986807,-0.3002411,0.00085334666,-0.0004271451,0.0020281735
-3.1951137,0.24526347,0.00048624046,-0.0003999529,0.0023472055
-3.698743,-0.4004105,0.0008968127,-0.00040030119,0.0019764341
-3.1143248,0.3502887,0.00038142808,-0.00036065507,0.0024089804
-3.800084,-0.4999978,0.0009307143,-0.0003701529,0.0019289396
-3.038507,0.43494716,0.00027901167,-0.0003162357,0.0024570008
-3.9006302,-0.69998324,0.0009706103,-0.0003443971,0.001845111
-3.9004202,-0.5999889,0.00095632765,-0.0003386093,0.0018852258
-3.0510557,0.5572133,0.00024325361,-0.00019577456,0.0024974353
-2.941363,0.68569547,9.857233e-05,-7.3744595e-05,0.0025392147
-2.8231504,0.7019358,0.0,0.0,0.0025433702
-4.3000355,-1.1993232,0.0010092233,-0.00020232491,0.0016792676
-4.4000072,-1.2996619,0.0010089879,-0.00016855427,0.0016523415
-4.5000014,-1.3999324,0.0010076417,-0.00013615753,0.0016266147
-4.6,-1.5,0.0010057423,-0.000105276085,0.0016018274
-4.7,-1.6,0.0010037547,-7.6088116e-05,0.0015776663
-4.8,-1.7,0.0010020421,-4.9078262e-05,0.001553914
-4.9,-1.9,0.0010008531,-2.5138237e-05,0.0015068692
-5.0,-2.0,0.001,0.0,0.001484691
-4.9,-1.8,0.0010008072,-2.6143307e-05,0.0015305518
-4.00084,-0.79997754,0.0009859665,-0.0003090343,0.0018074168
-4.100633,-0.89984787,0.0009961813,-0.0002737975,0.0017727662
-4.200264,-0.9994522,0.0010023715,-0.00023896186,0.0017407471
-4.3000593,-1.0991873,0.0010055559,-0.00020472443,0.0017108043
-3.3841667,0.0076882914,0.00068538584,-0.0004346065,0.0022011397
-3.4944668,-0.09713152,0.00076325954,-0.00042115807,0.0021360975
-3.5986125,-0.19974843,0.0008252367,-0.00040383122,0.0020762319
-3.2930765,0.2217761,0.0005567227,-0.00036951413,0.0023204456
-3.3871708,0.10770724,0.00064930343,-0.00038862246,0.0022501298
-3.7,-0.3,0.00087372126,-0.00038223245,0.0020216613
-3.2010825,0.34161484,0.0004495028,-0.0003309599,0.0023910995
-3.8,-0.4,0.0009118278,-0.000357518,0.0019714837
-3.094362,0.45772693,0.00031846997,-0.0002788092,0.00245805
-3.9001682,-0.49999556,0.000941295,-0.0003299592,0.001925337
-4.00084,-0.6999776,0.0009750388,-0.00030582817,0.0018451359
-4.0006723,-0.59998214,0.0009633985,-0.00030029065,0.0018829904
-3.0578644,0.6626222,0.00021711984,-9.4437564e-05,0.0025200108
-2.9483955,0.7855256,8.631893e-05,7.78438e-06,0.002547015
-2.83653,0.8011812,0.0,0.0,0.0025505822
-4.4000115,-1.199459,0.0010065864,-0.0001713108,0.0016824204
-4.500003,-1.2998648,0.0010061666,-0.00013895237,0.0016553552
-4.6,-1.4,0.0010049065,-0.00010786181,0.0016293908
-4.7,-1.5,0.0010033328,-7.8255296e-05,0.00160418
-4.8,-1.6,0.0010018627,-5.0664563e-05,0.0015794486
-4.9,-1.7,0.0010007514,-2.7087013e-05,0.0015551385
-5.0,-1.9,0.001,0.0,0.0015073958
-5.0,-1.8,0.001,0.0,0.0015310502
-4.1008406,-0.7999775,0.0009880553,-0.00027254102,0.0018082935
-4.200426,-0.89971817,0.0009965189,-0.00023920818,0.0017743554
-4.3001018,-0.99918616,0.0010014785,-0.0002060018,0.0017428703
-4.4000173,-1.0991884,0.0010038812,-0.00017321654,0.0017131261
-3.4940734,0.0013722493,0.000731276,-0.00038633973,0.0021835684
-3.597526,-0.099176,0.00079694996,-0.00037615848,0.0021228513
-3.7,-0.2,0.000850253,-0.0003606674,0.0020656988
-3.2966444,0.3261605,0.00052013027,-0.00030324972,0.002365039
-3.392714,0.21220969,0.0006158825,-0.00033299954,0.0022965614
-3.492436,0.10305547,0.00069926394,-0.0003455439,0.0022295369
-3.8,-0.3,0.000892479,-0.00034130496,0.0020133392
-3.1920218,0.4405725,0.00040499642,-0.0002598233,0.0024318565
-3.9,-0.4,0.00092568947,-0.0003182492,0.0019650573
-4.000336,-0.49999115,0.0009511473,-0.0002922663,0.0019206788
-3.1784854,0.5441004,0.000359422,-0.00017929822,0.0024668227
-4.1010084,-0.69997305,0.0009793075,-0.0002693456,0.0018441166
-4.1010084,-0.59997314,0.00097000337,-0.0002641136,0.0018799169
-3.1697233,0.6507164,0.0003234579,-8.724459e-05,0.0024910616
-3.0587335,0.7718577,0.00019581734,1.2829893e-05,0.0025301934
-2.95325,0.88759804,7.892309e-05,9.461673e-05,0.0025387332
-2.8461964,0.9008568,0.0,0.0,0.0025413812
-4.5000057,-1.1997294,0.0010044909,-0.00014113946,0.0016847538
-4.6,-1.3,0.0010039455,-0.00011002143,0.0016576382
-4.7,-1.4,0.0010028422,-8.014767e-05,0.0016314274
-4.8,-1.5,0.0010016515,-5.2093532e-05,0.0016057708
-4.9,-1.6,0.0010006849,-2.7956938e-05,0.0015805677
-5.0,-1.7,0.001,0.0,0.0015556028
-4.200672,-0.79998195,0.0009901557,-0.00023784826,0.0018082837
-4.30018,-0.8994544,0.0009970117,-0.00020606256,0.0017752302
-4.4000235,-0.99891794,0.0010008747,-0.00017418055,0.0017442965
-4.5000114,-1.0994589,0.0010026059,-0.00014261997,0.0017147107
-3.5961986,0.0015002906,0.0007690824,-0.0003437583,0.0021671902
-3.6988146,-0.09969642,0.00082654256,-0.00033533192,0.002108342
-3.8,-0.2,0.0008729401,-0.00032145414,0.0020540133
-3.2925236,0.42992043,0.0004829526,-0.00023414547,0.0024038476
-3.3947399,0.315666,0.0005843096,-0.00027398832,0.0023373028
-3.4947414,0.2047487,0.00067044137,-0.000297925,0.0022707435
-3.5957763,0.10142315,0.00074266415,-0.0003067138,0.0022080387
-3.9,-0.3,0.0009097333,-0.00030333697,0.002003955
-4.0,-0.4,0.0009384349,-0.00028157583,0.0019578473
-4.1006722,-0.49998227,0.000960211,-0.000256759,0.0019154194
-3.2856023,0.53037167,0.00045000733,-0.00016171494,0.0024342637
-4.2010083,-0.699973,0.0009833105,-0.00023475662,0.0018424141
-4.2013445,-0.599964,0.0009760523,-0.00022985389,0.0018763826
-3.1670096,0.7556453,0.00030222183,1.0988585e-05,0.0025012123
-3.278376,0.6362908,0.00042157265,-7.9107296e-05,0.0024566387
-3.060546,0.87597376,0.00018722875,0.00012019431,0.0025232919
-2.955987,0.9903677,7.8987556e-05,0.00018891282,0.0025113
-2.851745,1.0008461,0.0,0.0,0.0025124438
-4.6,-1.2,0.0010028552,-0.000111696114,0.0016864568
-4.7,-1.3,0.0010022789,-8.1722115e-05,0.0016593109
-4.8,-1.4,0.0010014065,-5.333845e-05,0.0016327951
-4.9,-1.5,0.0010006068,-2.8739483e-05,0.0016067656
-5.0,-1.6,0.001,0.0,0.0015809912
-4.3003364,-0.79999095,0.0009921822,-0.00020473011,0.0018076965
-4.4000235,-0.8989179,0.0009975929,-0.00017412523,0.0017756537
-4.5000234,-0.99891794,0.0010005046,-0.00014333257,0.0017451233
-4.6,-1.1,0.0010016316,-0.00011281623,0.0017157217
-3.6986313,0.00030914068,0.00080368173,-0.00030556784,0.0021484448
-3.8,-0.1,0.00085353036,-0.00029794266,0.0020929575
-3.9,-0.2,0.00089364423,-0.00028521867,0.002041586
-3.393731,0.4178697,0.0005551633,-0.00021124214,0.0023715696
-3.4955246,0.307872,0.00064312463,-0.00024516374,0.0023076949
-3.5970294,0.20156121,0.00071848335,-0.00026447282,0.002244854
-3.6985104,0.10041576,0.0007817411,-0.0002716795,0.0021856434
-4.0,-0.3,0.0009254728,-0.00026800015,0.0019940801
-4.1,-0.4,0.00095002336,-0.00024718724,0.0019503108
-4.2013445,-0.49996436,0.00096842874,-0.00022311686,0.0019099256
-3.3888786,0.5220883,0.0005274749,-0.00014295286,0.0023998863
-4.300672,-0.6999819,0.0009869736,-0.00020187479,0.0018403388
-4.3013444,-0.59996384,0.0009814744,-0.00019737032,0.0018727018
-3.1678662,0.86239934,0.00029480728,0.0001159731,0.0024957263
-3.2750385,0.74136657,0.0004035681,9.068177e-06,0.0024665303
-3.385366,0.6235576,0.0005066319,-7.1402006e-05,0.002418524
-3.0612438,0.98029965,0.00018949444,0.00023257517,0.0024988682
-2.9547915,1.0937057,8.813527e-05,0.00028551533,0.0024619228
-2.8530557,1.1009808,0.0,0.0,0.0024609668
-4.7,-1.2,0.001001639,-8.293357e-05,0.0016877166
-4.8,-1.3,0.0010011256,-5.437098e-05,0.0016604218
-4.9,-1.4,0.001000516,-2.9419954e-05,0.0016336453
-5.0,-1.5,0.001,0.0,0.0016071411
-4.4,-0.8,0.0009940693,-0.00017292004,0.0018067686
-4.500077,-0.89959294,0.0009982308,-0.00014318089,0.0017753576
-4.6,-1.0,0.0010002732,-0.00011332694,0.0017452876
-4.7,-1.1,0.0010009196,-8.3734914e-05,0.0017165159
-3.8,1.5364793e-13,0.0008345901,-0.00027080014,0.0021296034
-3.9,-0.1,0.00087768736,-0.00026387002,0.0020774629
-4.0,-0.2,0.00091242185,-0.00025160622,0.0020289836
-3.494948,0.4092994,0.00061890733,-0.00018890481,0.002338355
-3.597039,0.30333284,0.00069570454,-0.00021761056,0.00227786
-3.6985452,0.20043619,0.000761271,-0.00023381154,0.0022191368
-3.8,0.1,0.00081650453,-0.00024008832,0.0021633764
-4.1,-0.3,0.0009396802,-0.00023497171,0.001984166
-4.2,-0.4,0.0009604172,-0.00021479925,0.0019428196
-4.300506,-0.49990198,0.0009756286,-0.00019166655,0.0019046149
-3.492343,0.512549,0.0005971879,-0.00012769643,0.0023632164
-4.4,-0.7,0.0009902393,-0.00017047164,0.0018381311
-4.4,-0.6,0.0009861822,-0.00016672345,0.0018691461
-3.2740316,0.8461941,0.00039631073,0.0001013836,0.002463058
-3.1667986,0.9684847,0.00029750547,0.00022355953,0.0024747807
-3.3817668,0.7273972,0.0004916688,6.0836064e-06,0.0024279288
-3.49018,0.6133926,0.00058079534,-6.398222e-05,0.0023796738
-3.0584762,1.0850401,0.00020274323,0.00034876209,0.0024552
-4.8,-1.2,0.0010008075,-5.5160912e-05,0.0016885365
-4.9,-1.3,0.001000412,-2.9982746e-05,0.001661106
-5.0,-1.4,0.001,0.0,0.0016339653
-4.5,-0.8,0.0009957547,-0.00014211444,0.001805694
-4.6,-0.9,0.0009987885,-0.0001131587,0.0017749846
-4.7,-1.0,0.0010001255,-8.4077765e-05,0.0017455613
-4.8,-1.1,0.0010004516,-5.5677225e-05,0.0017170077
-3.9,-9.8462904e-15,0.00086215517,-0.00023931841,0.0021110685
-4.0,-0.1,0.000899496,-0.00023238416,0.0020621126
-4.1,-0.2,0.00092927687,-0.00022029811,0.0020166463
-3.5970094,0.404051,0.0006759733,-0.00016719867,0.0023050376
-3.699132,0.30058554,0.00074294314,-0.00019207195,0.002248164
-3.8,0.2,0.0007996641,-0.00020597308,0.0021936684
-3.9,0.1,0.00084735383,-0.00021164936,0.0021418799
-4.2,-0.3,0.00095234974,-0.00020395618,0.0019745827
-4.3,-0.4,0.00096959673,-0.0001841451,0.0019356762
-4.4,-0.5,0.0009819366,-0.00016156903,0.0018995652
-3.5953782,0.5061954,0.0006585768,-0.00011272953,0.00232677
-4.5,-0.6,0.0009902644,-0.00013685005,0.0018658373
-4.5,-0.7,0.0009930861,-0.00014001982,0.0018359742
-3.2734883,0.9535023,0.0003995115,0.0001986185,0.0024452182
-3.380196,0.82991743,0.00048563207,8.583613e-05,0.0024258713
-3.1639328,1.0782161,0.00031305733,0.0003370643,0.0024352863
-3.4870148,0.71627474,0.0005688242,4.311035e-06,0.0023881695
-3.5935726,0.6070176,0.0006452724,-5.584718e-05,0.002341315
-4.9,-1.2,0.0010002941,-3.0411353e-05,0.0016890321
-5.0,-1.3,0.001,0.0,0.0016613622
-4.6,-0.8,0.0009971819,-0.000112243746,0.0018046342
-4.7,-0.9,0.0009992626,-8.391705e-05,0.0017746873
-4.8,-1.0,0.001000057,-5.5889297e-05,0.0017456885
-4.9,-1.1,0.001000162,-3.0689123e-05,0.0017172919
-4.0,-3.1185124e-14,0.0008869331,-0.0002103663,0.0020930017
-4.1,-0.1,0.0009189878,-0.00020316751,0.0020473443
-4.2,-0.2,0.0009442431,-0.00019099328,0.0020049356
-3.6990077,0.40086383,0.00072672666,-0.00014706001,0.0022723712
-3.8,0.3,0.0007844687,-0.0001686576,0.0022198616
-3.9,0.2,0.00083361595,-0.00018101554,0.002169356
-4.0,0.1,0.0008749891,-0.00018563603,0.002121185
-4.3,-0.3,0.0009634821,-0.00017467901,0.0019656229
-4.4,-0.4,0.0009775502,-0.00015497254,0.0019291209
-4.5,-0.5,0.0009873143,-0.00013253605,0.0018950454
-3.6979153,0.5021811,0.0007128125,-9.867375e-05,0.0022913814
-4.6,-0.7,0.0009954564,-0.00011053605,0.0018340361
-4.6,-0.6,0.0009936305,-0.00010797548,0.0018629689
-3.27182,1.0589149,0.00041338327,0.00029489468,0.0024133322
-3.3795435,0.93162686,0.00048822587,0.00016704442,0.002412221
-3.486257,0.81654495,0.00056472636,7.319366e-05,0.0023864617
-3.592029,0.707749,0.0006366174,3.5961964e-06,0.002348171
-3.6969647,0.60257703,0.0007024427,-4.8151942e-05,0.0023038653
-5.0,-1.2,0.001,0.0,0.0016892162
-4.7,-0.8,0.000998326,-8.3209365e-05,0.0018037142
-4.8,-0.9,0.0009996238,-5.576696e-05,0.0017744161
-4.9,-1.0,0.0010000166,-3.0799176e-05,0.0017457391
-5.0,-1.1,0.001,0.0,0.001717396
-4.1,-3.137074e-14,0.0009090052,-0.00018361343,0.002075842
-4.2,-0.1,0.0009362349,-0.00017591276,0.0020335075
-4.3,-0.2,0.00095734285,-0.00016341006,0.001994134
-3.8,0.4,0.000771326,-0.00012844309,0.0022413689
-3.9,0.3,0.00082127773,-0.0001476234,0.0021929587
-4.0,0.2,0.00086393283,-0.00015833921,0.0021461823
-4.1,0.1,0.00089953234,-0.00016171452,0.0021017208
-4.4,-0.3,0.0009730848,-0.00014688355,0.0019575204
-4.5,-0.4,0.0009842684,-0.00012703879,0.0019233425
-4.6,-0.5,0.0009917225,-0.00010451831,0.0018912012
-3.8,0.5,0.0007606298,-8.5697364e-05,0.0022576372
-4.7,-0.6,0.0009962542,-7.99815e-05,0.0018606717
-4.7,-0.7,0.000997319,-8.1910635e-05,0.0018324465
-3.3806717,1.0303332,0.000500373,0.0002456134,0.002387267
-3.4863567,0.91627717,0.000567696,0.00014292715,0.0023749957
-3.592215,0.8072896,0.00063405,6.397366e-05,0.002346312
-3.6959615,0.70291066,0.00069582724,4.340148e-06,0.0023095382
-3.7989643,0.6006524,0.00075224566,-4.0699895e-05,0.0022685698
-4.8,-0.8,0.0009991546,-5.5280307e-05,0.0018030113
-4.9,-0.9,0.0009998577,-3.0724703e-05,0.0017742112
-5.0,-1.0,0.001,0.0,0.0017457538
-4.2,-3.0267455e-14,0.00092847564,-0.00015875154,0.002059921
-4.3,-0.1,0.00095128483,-0.00015033905,0.0020208713
-4.4,-0.2,0.0009686062,-0.00013728703,0.0019844668
-3.9,0.4,0.0008106617,-0.000111760004,0.002212185
-4.0,0.3,0.0008540372,-0.00012866966,0.002167522
-4.1,0.2,0.00089078594,-0.00013760939,0.0021245559
-4.2,0.1,0.000921125,-0.00013958165,0.0020838003
-4.5,-0.3,0.0009811688,-0.000120324905,0.0019504557
-4.6,-0.4,0.0009897526,-0.000100129735,0.0019184866
-4.7,-0.5,0.0009951415,-7.73897e-05,0.0018881626
-3.9,0.5,0.00080208713,-7.375367e-05,0.002226559
-4.8,-0.7,0.0009986534,-5.4400913e-05,0.0018312801
-4.8,-0.6,0.0009981238,-5.310364e-05,0.0018590137
-3.4897404,1.0118111,0.0005792724,0.00020874459,0.002353753
-3.5927339,0.90596145,0.000636947,0.00012447468,0.0023361498
-3.6956425,0.80255526,0.0006937645,5.7739242e-05,0.0023077636
-3.7986748,0.70061445,0.00074741506,5.623254e-06,0.0022730103
-3.9,0.6,0.00079586287,-3.4039916e-05,0.0022356622
-4.9,-0.8,0.0009996849,-3.044935e-05,0.0018025303
-5.0,-0.9,0.001,0.0,0.0017741275
-4.3,-2.916764e-14,0.000945422,-0.00013550374,0.0020454933
-4.4,-0.1,0.00096419087,-0.00012618632,0.0020096505
-4.5,-0.2,0.0009780623,-0.000112381575,0.0019761052
-4.0,0.4,0.00084557344,-9.688317e-05,0.0021847694
-4.1,0.3,0.00088298327,-0.000111472895,0.0021439341
-4.2,0.2,0.00091435283,-0.00011853251,0.002104769
-4.3,0.1,0.00093987543,-0.000118968695,0.0020676607
-4.6,-0.3,0.000987749,-9.478587e-05,0.0019445671
-4.7,-0.4,0.0009939941,-7.410971e-05,0.0019146813
-4.8,-0.5,0.0009975707,-5.1367122e-05,0.0018859904
-4.0,0.5,0.00083879073,-6.33026e-05,0.0021975187
-4.9,-0.7,0.0009995004,-2.9957599e-05,0.0018305031
-4.9,-0.6,0.0009993053,-2.923595e-05,0.0018579229
-3.5955508,1.0034797,0.00064660877,0.0001833842,0.0023170419
-3.6972082,0.90137887,0.00069711165,0.00011095994,0.0022979747
-3.7985766,0.80043525,0.00074611756,5.282256e-05,0.0022709097
-3.9,0.7,0.00079225766,6.888917e-06,0.0022391423
-4.0,0.6,0.0008339218,-2.8296025e-05,0.002205414
-5.0,-0.8,0.001,0.0,0.0018023403
-4.4,-2.8057418e-14,0.000959922,-0.00011361469,0.0020327596
-4.5,-0.1,0.0009750019,-0.000103214144,0.002000004
-4.6,-0.2,0.0009857422,-8.8476954e-05,0.0019691777
-4.1,0.4,0.0008763353,-8.353582e-05,0.0021594784
-4.2,0.3,0.000908329,-9.5757736e-05,0.0021224634
-4.3,0.2,0.0009347745,-0.00010085043,0.0020870387
-4.4,0.1,0.0009558877,-9.9629855e-05,0.0020534864
-4.7,-0.3,0.0009928272,-7.012466e-05,0.0019399803
-4.8,-0.4,0.0009970004,-4.9174716e-05,0.0019119778
-4.9,-0.5,0.0009991016,-2.8272885e-05,0.0018845714
-4.1,0.5,0.0008710468,-5.409027e-05,0.0021708403
-5.0,-0.7,0.001,0.0,0.0018301995
-5.0,-0.6,0.001,0.0,0.0018574995
-3.6985655,1.0003664,0.0007048903,0.00016370791,0.002280796
-3.7988272,0.90028334,0.00074863713,0.000100220204,0.002262006
-3.9,0.8,0.00079148595,4.851848e-05,0.0022367479
-4.0,0.7,0.0008311862,7.705939e-06,0.0022081689
-4.1,0.6,0.0008673021,-2.3462158e-05,0.0021777195
-4.5,-2.6957603e-14,0.00097204564,-9.2850285e-05,0.0020218655
-4.6,-0.1,0.0009837666,-8.120869e-05,0.00199205
-4.7,-0.2,0.0009916591,-6.542781e-05,0.0019638066
-4.2,0.4,0.0009032162,-7.146189e-05,0.0021365557
-4.3,0.3,0.0009302499,-8.128232e-05,0.0021033052
-4.4,0.2,0.0009521829,-8.43304e-05,0.0020715308
-4.5,0.1,0.0009692547,-8.134046e-05,0.0020414065
-4.8,-0.3,0.0009964206,-4.651557e-05,0.0019367358
-4.9,-0.4,0.0009988915,-2.7059321e-05,0.0019102202
-5.0,-0.5,0.001,0.0,0.0018840227
-4.2,0.5,0.0008991708,-4.5904955e-05,0.0021467458
-3.8,1.0,0.0007553661,0.00014691708,0.0022460546
-3.9,0.9,0.0007937154,9.0230234e-05,0.0022283273
-4.0,0.8,0.0008307493,4.422546e-05,0.0022055802
-4.1,0.7,0.0008652581,7.969022e-06,0.0021798823
-4.2,0.6,0.00089633465,-1.9371008e-05,0.0021527787
-4.6,-2.5868196e-14,0.0009818595,-7.300367e-05,0.0020129164
-4.7,-0.1,0.0009905096,-6.0024067e-05,0.0019859045
-4.8,-0.2,0.0009958404,-4.3385426e-05,0.0019600196
-4.3,0.4,0.0009264217,-6.0443024e-05,0.0021161733
-4.4,0.3,0.00094890536,-6.783353e-05,0.002086605
-4.5,0.2,0.00096669485,-6.876254e-05,0.0020583572
-4.6,0.1,0.000980061,-6.390354e-05,0.0020315147
-4.9,-0.3,0.0009986782,-2.5589407e-05,0.0019346339
-5.0,-0.4,0.001,0.0,0.0019095425
-4.3,0.5,0.00092340756,-3.855957e-05,0.0021253845
-3.9,1.0,0.00079903175,0.00013141263,0.002213839
-4.0,0.9,0.00083272916,8.07457e-05,0.0021975378
-4.1,0.8,0.0008650411,3.9786275e-05,0.0021771658
-4.2,0.7,0.0008948279,7.808176e-06,0.0021544625
-4.3,0.6,0.0009213146,-1.5874619e-05,0.0021307208
-4.7,-2.4768382e-14,0.0009894007,-5.393076e-05,0.0020060216
-4.8,-0.1,0.0009952697,-3.978785e-05,0.001981583
-4.9,-0.2,0.0009984648,-2.3860934e-05,0.0019575728
-4.4,0.4,0.0009461404,-5.029074e-05,0.002098456
-4.5,0.3,0.00096443226,-5.522253e-05,0.00207246
-4.6,0.2,0.0009784129,-5.396699e-05,0.002047597
-4.7,0.1,0.0009883557,-4.7179423e-05,0.0020239118
-5.0,-0.3,0.001,0.0,0.0019338249
-4.4,0.5,0.0009439712,-3.1893385e-05,0.0021068612
-4.0,1.0,0.00083718536,0.000116710005,0.0021840378
-4.1,0.9,0.00086673547,7.154127e-05,0.0021694947
-4.2,0.8,0.0008947444,3.5273686e-05,0.0021516688
-4.3,0.7,0.0009202298,7.3267297e-06,0.0021320228
-4.4,0.6,0.00094247673,-1.2848544e-05,0.0021116314
-4.8,-2.4773586e-14,0.0009947194,-3.5734596e-05,0.0020011836
-4.9,-0.1,0.0009982547,-2.1876021e-05,0.0019787967
-5.0,-0.2,0.001,0.0,0.0019566324
-4.5,0.4,0.0009625313,-4.0840718e-05,0.0020834839
-4.6,0.3,0.000976955,-4.328363e-05,0.0020609319
-4.7,0.2,0.0009873989,-3.9814124e-05,0.002039343
-4.8,0.1,0.0009942012,-3.1247215e-05,0.0020185863
-4.5,0.5,0.0009610462,-2.5770283e-05,0.002091237
-4.1,1.0,0.0008703774,0.000102757745,0.002156884
-4.2,0.9,0.0008961431,6.264016e-05,0.0021443462
-4.3,0.8,0.0009202211,3.073874e-05,0.002129189
-4.4,0.7,0.0009417191,6.605972e-06,0.002112632
-4.5,0.6,0.0009600264,-1.0191275e-05,0.0020955575
-4.9,-2.4206331e-14,0.0009980525,-1.9641233e-05,0.0019980697
-5.0,-0.1,0.001,0.0,0.001977727
-4.6,0.4,0.0009757357,-3.1949257e-05,0.0020713066
-4.7,0.3,0.0009865547,-3.1896674e-05,0.0020521008
-4.8,0.2,0.0009937274,-2.6355143e-05,0.0020335696
-4.9,0.1,0.0009978621,-1.7168895e-05,0.0020151634
-4.6,0.5,0.0009747897,-2.0076839e-05,0.0020785471
-4.2,1.0,0.00089904724,8.9503155e-05,0.002132523
-4.3,0.9,0.0009213292,5.403395e-05,0.0021221847
-4.4,0.8,0.00094174524,2.6213413e-05,0.0021097828
-4.5,0.7,0.0009595199,5.7075727e-06,0.0020963245
-4.6,0.6,0.0009741397,-7.817497e-06,0.0020825164
-5.0,-2.3092639e-14,0.001,0.0,0.0019968755
-4.7,0.4,0.0009858476,-2.3508253e-05,0.0020619936
-4.8,0.3,0.0009933108,-2.109803e-05,0.0020459297
-4.9,0.2,0.0009976883,-1.4474725e-05,0.002029864
-5.0,0.1,0.001,0.0,0.0020138521
-4.7,0.5,0.0009853034,-1.4728328e-05,0.0020688549
-4.3,1.0,0.0009235691,7.687424e-05,0.002111048
-4.4,0.9,0.000942584,4.569999e-05,0.0021030605
-4.5,0.8,0.0009595576,2.171507e-05,0.0020934728
-4.6,0.7,0.0009738222,4.678919e-06,0.0020831055
-4.7,0.6,0.0009849316,-5.6643225e-06,0.00207256
-4.8,0.4,0.0009929631,-1.5526937e-05,0.0020554909
-4.9,0.3,0.0009975357,-1.15835e-05,0.0020419734
-5.0,0.2,0.001,0.0,0.0020284455
-4.8,0.5,0.0009926908,-9.709148e-06,0.0020620981
-4.4,1.0,0.0009442411,6.47922e-05,0.002092513
-4.5,0.9,0.0009601568,3.7611047e-05,0.0020869935
-4.6,0.8,0.0009738597,1.725305e-05,0.002080259
-4.7,0.7,0.0009847516,3.5609596e-06,0.00207302
-4.8,0.6,0.0009925066,-3.7051377e-06,0.0020656239
-4.9,0.4,0.000997411,-8.511697e-06,0.0020513244
-5.0,0.3,0.001,0.0,0.0020404605
-4.9,0.5,0.0009973077,-5.3156514e-06,0.0020577724
-4.5,1.0,0.0009613173,5.3175416e-05,0.0020769394
-4.6,0.9,0.00097425183,2.97377e-05,0.002073984
-4.7,0.8,0.0009847761,1.2846095e-05,0.0020701892
-4.8,0.7,0.0009924193,2.412014e-06,0.0020659987
-4.9,0.6,0.0009972354,-2.0219202e-06,0.0020611905
-5.0,0.4,0.001,0.0,0.0020497323
-5.0,0.5,0.001,0.0,0.0020561193
-4.6,1.0,0.00097500655,4.1947762e-05,0.0020643277
-4.7,0.9,0.000985003,2.2062044e-05,0.0020640732
-4.8,0.8,0.0009924307,8.562101e-06,0.0020631852
-4.9,0.7,0.0009972039,1.352747e-06,0.002061514
-5.0,0.6,0.001,0.0,0.0020594976
-4.7,1.0,0.0009854467,3.106408e-05,0.002054715
-4.8,0.9,0.000992548,1.4659206e-05,0.0020571752
-4.9,0.8,0.0009972145,4.7244835e-06,0.0020587062
-5.0,0.7,0.001,0.0,0.0020598015
-4.8,1.0,0.0009927707,2.0617506e-05,0.002048022
-4.9,0.9,0.0009972618,8.067748e-06,0.0020527614
-5.0,0.8,0.001,0.0,0.0020569938
-4.9,1.0,0.0009973407,1.1347464e-05,0.0020437425
-5.0,0.9,0.001,0.0,0.002051075
-5.0,1.0,0.001,0.0,0.0020421087
1.7820306,1.6909544,5.1228935e-06,7.6072974e-05,-3.673325e-05
1.7854055,1.591655,-2.443948e-05,7.964336e-05,-3.657915e-05
1.6829932,1.6910787,1.954004e-07,8.003109e-05,-3.562895e-05
1.6867551,1.591743,-2.6901505e-05,8.362254e-05,-3.5461995e-05
1.882364,1.6907551,1.0010602e-05,7.2256844e-05,-3.7905327e-05
1.884451,1.5913224,-2.203695e-05,7.5861295e-05,-3.774726e-05
1.6800743,1.7899625,3.350071e-05,7.3802614e-05,-3.55455e-05
1.7802478,1.7899519,4.117703e-05,6.991591e-05,-3.665722e-05
1.9821603,1.6906257,1.4841254e-05,6.863265e-05,-3.9104798e-05
1.9843495,1.5913566,-1.9490819e-05,7.222945e-05,-3.895656e-05
1.8803346,1.7899467,4.870737e-05,6.619052e-05,-3.7823647e-05
1.6804215,1.8899411,7.722984e-05,6.460781e-05,-3.52375e-05
1.7804214,1.8899413,8.7718414e-05,6.0929277e-05,-3.6351757e-05
2.0833893,1.6909572,1.9887999e-05,6.5093314e-05,-4.034102e-05
2.0850928,1.5917422,-1.677105e-05,6.872574e-05,-4.0193398e-05
1.9803779,1.789944,5.61157e-05,6.2616185e-05,-3.9025326e-05
1.8804213,1.8899413,9.798263e-05,5.7371424e-05,-3.7523216e-05
1.7804213,1.9899415,0.00014914644,4.917091e-05,-3.582601e-05
1.6804212,1.9899415,0.0001358131,5.2573152e-05,-3.4703757e-05
2.1852014,1.6917084,2.5144966e-05,6.165819e-05,-4.1590203e-05
2.187009,1.5926553,-1.3775759e-05,6.531413e-05,-4.144949e-05
2.0815845,1.7901982,6.364339e-05,5.9121354e-05,-4.026191e-05
1.9804213,1.8899415,0.00010807092,5.3928117e-05,-3.872979e-05
1.8804213,1.9899415,0.0001621894,4.5848592e-05,-3.700728e-05
1.6804211,2.0899415,0.0002159616,3.774542e-05,-3.3984863e-05
1.7804211,2.0899415,0.00023196818,3.4680834e-05,-3.511444e-05
2.2872372,1.6927778,3.058378e-05,5.8309302e-05,-4.283455e-05
2.289014,1.5939884,-1.0542723e-05,6.199997e-05,-4.2698204e-05
2.1834116,1.7909074,7.139755e-05,5.5705194e-05,-4.151163e-05
2.0804212,1.8899415,0.00011800202,5.0599145e-05,-3.9958195e-05
1.9804213,1.9899415,0.00017498546,4.2604734e-05,-3.8223847e-05
1.8804213,2.0899415,0.0002476336,3.166392e-05,-3.6304293e-05
1.6804202,2.189942,0.0003256212,2.0475403e-05,-3.3128264e-05
1.7804207,2.1899416,0.00034381205,1.7803051e-05,-3.4255667e-05
2.3921916,1.5961912,-6.82889e-06,5.8707912e-05,-4.3941338e-05
2.3899026,1.6945901,3.6445726e-05,5.4986413e-05,-4.4068063e-05
2.2850232,1.7917011,7.915983e-05,5.239145e-05,-4.27511e-05
2.1819344,1.8903289,0.00012818164,4.7302616e-05,-4.1213156e-05
2.0813627,1.9904404,0.0001880678,3.9357412e-05,-3.9469658e-05
1.9804212,2.0899415,0.00026296743,2.8699425e-05,-3.7532427e-05
1.8804209,2.1899416,0.00036156765,1.5162023e-05,-3.5455676e-05
1.6804159,2.2899435,0.00047240543,1.5068499e-06,-3.2177322e-05
1.781083,2.2908463,0.00049343164,-9.1040016e-07,-3.330028e-05
2.4957554,1.5982566,-3.0315073e-06,5.5469776e-05,-4.5154848e-05
2.494203,1.697541,4.3043965e-05,5.16268e-05,-4.5288794e-05
2.388167,1.7937856,8.7739216e-05,4.9014045e-05,-4.3990192e-05
2.284508,1.891564,0.00013893699,4.397817e-05,-4.2470198e-05
2.182797,1.9908556,0.00020096076,3.6205674e-05,-4.073136e-05
2.0816033,2.0907915,0.00027904287,2.5631232e-05,-3.878955e-05
1.9811357,2.1908605,0.0003802799,1.2363308e-05,-3.669718e-05
1.881336,2.2910554,0.00051277026,-3.180708e-06,-3.4502365e-05
1.7823237,2.3916554,0.00068358926,-2.0101936e-05,-3.2291082e-05
1.6809843,2.390853,0.00066254905,-1.813678e-05,-3.116885e-05
2.4920437,1.7962581,9.6664575e-05,4.5655837e-05,-4.5205456e-05
2.5968952,1.6993362,4.9092097e-05,4.8419235e-05,-4.6445046e-05
2.598255,1.5998402,6.195446e-07,5.2309064e-05,-4.6309997e-05
2.38781,1.8935233,0.00015023483,4.0626423e-05,-4.37121e-05
2.2843518,1.9912148,0.00021364706,3.3127522e-05,-4.1991476e-05
2.18315,2.091239,0.0002945363,2.2678701e-05,-4.005679e-05
2.0820985,2.1912477,0.00039800312,9.67032e-06,-3.795872e-05
1.9817386,2.2913427,0.00053184206,-5.4849843e-06,-3.5746438e-05
1.8827766,2.3919544,0.0007029835,-2.1984024e-05,-3.3476335e-05
1.683069,2.4923272,0.0008934355,-3.674794e-05,-3.0086348e-05
1.7841619,2.4927187,0.00091168866,-3.8251113e-05,-3.118751e-05
2.4911165,1.8957131,0.00016169182,3.7317153e-05,-4.492337e-05
2.595814,1.798983,0.0001058217,4.2339092e-05,-4.637176e-05
2.6989887,1.700165,5.463271e-05,4.529101e-05,-4.753963e-05
2.7,1.6,3.6349252e-06,4.920699e-05,-4.739741e-05
2.3875585,1.9935222,0.00022808084,2.9814984e-05,-4.3236203e-05
2.2846732,2.0919054,0.00031001202,1.9751502e-05,-4.132328e-05
2.183934,2.1920464,0.00041611464,6.9229923e-06,-3.9228522e-05
2.0833926,2.2923553,0.0005519984,-7.95628e-06,-3.7005793e-05
1.9847473,2.3927922,0.0007233602,-2.4025361e-05,-3.4721146e-05
1.8862097,2.4934893,0.0009306552,-3.987138e-05,-3.235612e-05
1.6857165,2.593598,0.0011500206,-5.248024e-05,-2.8851655e-05
1.7878373,2.5941477,0.0011652814,-5.375253e-05,-2.9934312e-05
2.4909637,1.9959718,0.00024264187,2.6532196e-05,-4.4446162e-05
2.5951154,1.8986837,0.0001738209,3.3971253e-05,-4.60927e-05
2.6986234,1.8001333,0.00011398465,3.919152e-05,-4.747283e-05
2.8,1.7,5.955497e-05,4.2215033e-05,-4.855394e-05
2.8,1.6,6.504276e-06,4.611983e-05,-4.839773e-05
2.387748,2.0934694,0.00032648514,1.6680842e-05,-4.2584772e-05
2.2856643,2.192751,0.00043378797,4.240922e-06,-4.0500392e-05
2.1853096,2.2932732,0.0005716783,-1.039679e-05,-3.827314e-05
2.0866926,2.3936172,0.00074334804,-2.6092632e-05,-3.5974084e-05
1.9876918,2.493497,0.00094736577,-4.1406598e-05,-3.3572927e-05
1.890162,2.5948277,0.0011806656,-5.508163e-05,-3.1068797e-05
1.6900345,2.6948678,0.0014101875,-6.4027285e-05,-2.728782e-05
1.7930586,2.6951985,0.0014203609,-6.516545e-05,-2.8359402e-05
2.4908092,2.0965164,0.00034451543,1.3435091e-05,-4.378414e-05
2.5939705,1.998061,0.0002567813,2.3352515e-05,-4.5608667e-05
2.6978421,1.8999075,0.0001845534,3.0862568e-05,-4.719068e-05
2.8,1.8,0.0001211883,3.6155747e-05,-4.8491394e-05
2.9,1.7,6.447017e-05,3.9101324e-05,-4.947415e-05
2.9,1.6,9.336734e-06,4.2957177e-05,-4.9313734e-05
2.387764,2.1937232,0.000451599,1.5069269e-06,-4.176036e-05
2.2876852,2.293859,0.0005905197,-1.277024e-05,-3.9553026e-05
2.1883068,2.3949194,0.000763869,-2.8239694e-05,-3.72197e-05
2.0901916,2.4948184,0.0009670095,-4.3212745e-05,-3.4800352e-05
1.993248,2.5950856,0.0011948422,-5.641025e-05,-3.225471e-05
1.8944479,2.6959698,0.001431392,-6.63559e-05,-2.9461984e-05
1.6947006,2.7964556,0.0016477965,-7.105242e-05,-2.5344803e-05
1.7957807,2.7966473,0.0016529055,-7.21886e-05,-2.636012e-05
2.4909592,2.1962094,0.00047148866,-1.485826e-06,-4.296955e-05
2.5942667,2.0980463,0.00036078176,1.0436035e-05,-4.4946475e-05
2.6976957,1.9995453,0.00027042028,2.0255886e-05,-4.671485e-05
2.8,1.9,0.00019431445,2.7858337e-05,-4.8213482e-05
2.9,1.8,0.00012831352,3.3102064e-05,-4.9411985e-05
3.0,1.7,6.9324204e-05,3.590694e-05,-5.029193e-05
3.0,1.6,1.2118077e-05,3.9691502e-05,-5.0127437e-05
2.3896637,2.2947223,0.00060946523,-1.5211182e-05,-4.0802264e-05
2.2901964,2.3948169,0.0007811688,-3.0158533e-05,-3.8476217e-05
2.1924822,2.495889,0.0009856551,-4.4988472e-05,-3.6038637e-05
2.0950763,2.5965145,0.0012114978,-5.790687e-05,-3.3445343e-05
1.9955555,2.6965735,0.0014418854,-6.755686e-05,-3.0594336e-05
1.8968117,2.797242,0.0016589869,-7.336418e-05,-2.7442416e-05
1.7980568,2.8982577,0.0018412928,-7.5386255e-05,-2.3794268e-05
1.6973059,2.897881,0.0018394064,-7.409724e-05,-2.2746857e-05
2.4919999,2.2966983,0.0006300826,-1.7852253e-05,-4.1996078e-05
2.5950234,2.1985896,0.0004912307,-4.444994e-06,-4.4121127e-05
2.6970375,2.099287,0.00037648322,7.5103035e-06,-4.604081e-05
2.7989702,1.9998736,0.00028261397,1.7353499e-05,-4.772048e-05
2.9,1.9,0.00020371177,2.488305e-05,-4.912845e-05
3.0,1.8,0.0001353625,2.998445e-05,-5.0229108e-05
3.1,1.6,1.4819703e-05,3.629213e-05,-5.0819148e-05
3.1,1.7,7.409369e-05,3.260396e-05,-5.09878e-05
2.3933818,2.3953595,0.0007996665,-3.2252563e-05,-3.9716735e-05
2.294918,2.4964926,0.0010029165,-4.6711208e-05,-3.72618e-05
2.196527,2.597268,0.0012261708,-5.9339334e-05,-3.464865e-05
2.0972571,2.6975653,0.0014532311,-6.882218e-05,-3.1766776e-05
1.9981942,2.798153,0.0016657459,-7.456837e-05,-2.85756e-05
1.8991606,2.898803,0.0018435835,-7.665264e-05,-2.4914689e-05
1.6989422,2.9988601,0.0019741533,-7.423368e-05,-1.9610294e-05
1.799235,2.9990351,0.001973645,-7.56949e-05,-2.077333e-05
2.495484,2.3971126,0.00082010316,-3.4537283e-05,-4.089557e-05
2.5953724,2.2980912,0.0006495835,-2.0391415e-05,-4.313836e-05
2.6975567,2.1990871,0.0005078525,-7.0740816e-06,-4.5198798e-05
2.7986953,2.0998042,0.0003910636,4.704824e-06,-4.7040132e-05
2.9,2.0,0.00029446295,1.444519e-05,-4.8633447e-05
3.0,1.9,0.00021300327,2.1857237e-05,-4.993795e-05
3.1,1.8,0.00014231875,2.677974e-05,-5.0921783e-05
3.2,1.7,7.875747e-05,2.9162986e-05,-5.1537143e-05
3.2,1.6,1.7415303e-05,3.2724136e-05,-5.136484e-05
2.397028,2.4970806,0.0010197429,-4.84547e-05,-3.845554e-05
2.2972257,2.5976572,0.0012396217,-6.074747e-05,-3.582524e-05
2.1985986,2.6988547,0.0014650684,-7.013083e-05,-3.2936823e-05
2.099067,2.7988515,0.0016720478,-7.5761694e-05,-2.9731342e-05
1.9993665,2.8990672,0.0018455868,-7.7892546e-05,-2.6079488e-05
1.9,3.0,0.0019740863,-7.7106895e-05,-2.197013e-05
1.7,3.1,0.002054843,-7.299549e-05,-1.6162528e-05
1.8,3.1,0.002053404,-7.460658e-05,-1.7451348e-05
2.498241,2.4980998,0.0010370774,-5.0281888e-05,-3.96035e-05
2.5979822,2.3987148,0.0008399703,-3.679584e-05,-4.200906e-05
2.6982071,2.2993178,0.0006684622,-2.289158e-05,-4.41926e-05
2.7987938,2.1997035,0.00052421074,-9.701312e-06,-4.6178182e-05
2.9,2.1,0.0004050637,1.9303836e-06,-4.793915e-05
3.0,2.0,0.00030593856,1.1538456e-05,-4.9429742e-05
3.1,1.9,0.00022218554,1.8762292e-05,-5.061938e-05
3.2,1.8,0.00014916208,2.3466468e-05,-5.1464747e-05
3.3,1.6,1.9861562e-05,2.8956136e-05,-5.1739782e-05
3.3,1.7,8.325777e-05,2.5556254e-05,-5.191488e-05
2.3983474,2.598326,0.0012535583,-6.2226216e-05,-3.6976e-05
2.2989783,2.6990044,0.0014740633,-7.135862e-05,-3.408476e-05
2.2,2.8,0.0016792403,-7.699161e-05,-3.088842e-05
2.1,2.9,0.0018487343,-7.913804e-05,-2.7246166e-05
2.0,3.0,0.0019736802,-7.847946e-05,-2.3201093e-05
1.9,3.1,0.0020520969,-7.61546e-05,-1.8768465e-05
1.8,3.2,0.0020904099,-7.325992e-05,-1.392193e-05
1.7,3.2,0.002091821,-7.155056e-05,-1.2463103e-05
2.5987818,2.498959,0.001053641,-5.2097144e-05,-4.0675088e-05
2.4992123,2.5989752,0.001267173,-6.373383e-05,-3.807564e-05
2.6988573,2.399357,0.00085731427,-3.8876944e-05,-4.3026103e-05
2.8,2.3,0.0006859596,-2.5294601e-05,-4.5153163e-05
2.9,2.2,0.0005398809,-1.229232e-05,-4.706027e-05
3.0,2.1,0.0004184749,-8.194641e-07,-4.8716105e-05
3.1,2.0,0.00031727055,8.57419e-06,-5.0094193e-05
3.2,1.9,0.00023124085,1.5580647e-05,-5.114753e-05
3.3,1.8,0.00015585004,2.002316e-05,-5.18325e-05
3.4,1.6,2.2145556e-05,2.4959498e-05,-5.1913285e-05
3.4,1.7,8.760702e-05,2.1762491e-05,-5.208951e-05
2.3992155,2.699037,0.0014827088,-7.260528e-05,-3.5192716e-05
2.3,2.8,0.001684116,-7.816988e-05,-3.2024378e-05
2.2,2.9,0.0018505352,-8.036211e-05,-2.8426653e-05
2.1,3.0,0.0019734136,-7.981978e-05,-2.4430201e-05
2.0,3.1,0.0020508766,-7.764981e-05,-2.0096091e-05
1.9,3.2,0.002089058,-7.488592e-05,-1.5379539e-05
1.8,3.3,0.0020990744,-7.206342e-05,-1.0383084e-05
1.7,3.3,0.0021000698,-7.032443e-05,-8.736155e-06
2.6,2.6,0.0012813786,-6.531322e-05,-3.9108465e-05
2.7,2.5,0.001070401,-5.396672e-05,-4.1660394e-05
2.5,2.7,0.0014933221,-7.39625e-05,-3.625103e-05
2.8,2.4,0.00087440445,-4.098601e-05,-4.39507e-05
2.9,2.3,0.0007016996,-2.757735e-05,-4.6000245e-05
3.0,2.2,0.0005547293,-1.4847778e-05,-4.7811474e-05
3.1,2.1,0.00043170527,-3.6239271e-06,-4.9356375e-05
3.2,2.0,0.00032845384,5.5371106e-06,-5.0600967e-05
3.3,1.9,0.00024014832,1.2288401e-05,-5.1495867e-05
3.4,1.8,0.00016238405,1.6426162e-05,-5.199361e-05
3.5,1.6,2.421958e-05,2.0713771e-05,-5.1845236e-05
3.5,1.7,9.174896e-05,1.7755448e-05,-5.20163e-05
2.4,2.8,0.001688993,-7.936139e-05,-3.3096803e-05
2.3,2.9,0.0018524012,-8.158866e-05,-2.9565423e-05
2.2,3.0,0.0019732402,-8.1141945e-05,-2.5639987e-05
2.1,3.1,0.0020497292,-7.9096535e-05,-2.1400037e-05
2.0,3.2,0.0020877502,-7.64418e-05,-1.6821166e-05
1.9,3.3,0.002098085,-7.3713374e-05,-1.1999768e-05
1.8,3.4,0.00209057,-7.1332506e-05,-6.8380873e-06
1.7,3.4,0.0020910394,-6.960014e-05,-4.9932264e-06
2.7,2.6,0.0012929437,-6.679447e-05,-4.006066e-05
2.6,2.7,0.0015016455,-7.526284e-05,-3.7258622e-05
2.8,2.5,0.0010844282,-5.570074e-05,-4.254167e-05
2.5,2.8,0.0016938859,-8.0576334e-05,-3.4132794e-05
2.9,2.4,0.0008897666,-4.3013017e-05,-4.4754746e-05
3.0,2.3,0.00071718777,-2.9906338e-05,-4.6715537e-05
3.1,2.2,0.00056936056,-1.7456026e-05,-4.8417787e-05
3.2,2.1,0.00044475455,-6.492305e-06,-4.9833445e-05
3.3,2.0,0.0003394746,2.41046e-06,-5.0922623e-05
3.4,1.9,0.00024888615,8.864144e-06,-5.1632276e-05
3.5,1.8,0.00016871752,1.2649421e-05,-5.1904255e-05
3.6,1.7,9.559951e-05,1.35133705e-05,-5.1658106e-05
3.6,1.6,2.6015481e-05,1.6197233e-05,-5.1498784e-05
2.4,2.9,0.0018543076,-8.2812294e-05,-3.0642193e-05
2.3,3.0,0.0019731373,-8.244758e-05,-2.6799047e-05
2.2,3.1,0.0020486556,-8.050564e-05,-2.266385e-05
2.1,3.2,0.0020864755,-7.793768e-05,-1.8221022e-05
2.0,3.3,0.0020970928,-7.5288e-05,-1.3575466e-05
1.9,3.4,0.002090074,-7.2971525e-05,-8.626558e-06
1.8,3.5,0.002072875,-7.1079696e-05,-3.4161146e-06
1.7,3.5,0.0020729,-6.938858e-05,-1.3652584e-06
2.7,2.7,0.0015098669,-7.660302e-05,-3.8153186e-05
2.8,2.6,0.0013043311,-6.831878e-05,-4.0884614e-05
2.6,2.8,0.0016987631,-8.1821585e-05,-3.50961e-05
2.9,2.5,0.001098223,-5.748e-05,-4.329111e-05
2.5,2.9,0.0018562713,-8.4043706e-05,-3.1659914e-05
3.0,2.4,0.00090486684,-4.5089408e-05,-4.5420533e-05
3.1,2.3,0.00073243614,-3.2284202e-05,-4.727897e-05
3.2,2.2,0.0005837746,-2.0121795e-05,-4.88561e-05
3.3,2.1,0.00045761294,-9.434996e-06,-5.011951e-05
3.4,2.0,0.0003503115,-8.1910883e-07,-5.102689e-05
3.5,1.9,0.0002574246,5.3090735e-06,-5.151767e-05
3.6,1.8,0.00017478457,8.680463e-06,-5.1527568e-05
3.7,1.6,2.7507842e-05,1.13862925e-05,-5.0831764e-05
3.7,1.7,9.915987e-05,9.028494e-06,-5.0976072e-05
2.4,3.0,0.001973107,-8.37393e-05,-2.789799e-05
2.3,3.1,0.0020476407,-8.188322e-05,-2.3871282e-05
2.2,3.2,0.0020852317,-7.938689e-05,-1.9561661e-05
2.1,3.3,0.0020960968,-7.680162e-05,-1.5081714e-05
2.0,3.4,0.0020895444,-7.4532516e-05,-1.03515185e-05
1.9,3.5,0.002072796,-7.267582e-05,-5.380473e-06
1.8,3.6,0.0020517714,-7.118393e-05,-1.5823888e-07
1.7,3.6,0.0020514536,-6.955493e-05,2.0985246e-06
2.8,2.7,0.0015179606,-7.797575e-05,-3.892352e-05
2.7,2.8,0.0017035912,-8.3090126e-05,-3.5946483e-05
2.9,2.6,0.0013155206,-6.988139e-05,-4.157726e-05
2.6,2.9,0.0018582721,-8.528788e-05,-3.2596206e-05
3.0,2.5,0.0011117768,-5.93027e-05,-4.3901327e-05
2.5,3.0,0.0019731396,-8.502273e-05,-2.8923214e-05
3.1,2.4,0.0009197071,-4.7212623e-05,-4.5933364e-05
3.2,2.3,0.0007474364,-3.4714543e-05,-4.766982e-05
3.3,2.2,0.0005979639,-2.2851207e-05,-4.909845e-05
3.4,2.1,0.00047026592,-1.2460745e-05,-5.0183127e-05
3.5,2.0,0.00036094044,-4.158251e-06,-5.0876857e-05
3.6,1.9,0.00026572662,1.61288e-06,-5.1114566e-05
3.7,1.8,0.00018056949,4.5194524e-06,-5.082385e-05
3.8,1.7,0.000102365266,4.30061e-06,-4.991991e-05
3.8,1.6,2.8648908e-05,6.2786944e-06,-4.9794467e-05
2.4,3.1,0.0020466761,-8.3235245e-05,-2.5007752e-05
2.3,3.2,0.0020840133,-8.079836e-05,-2.0833742e-05
2.2,3.3,0.0020950972,-7.826398e-05,-1.6503938e-05
2.1,3.4,0.0020889784,-7.6027194e-05,-1.198873e-05
2.0,3.5,0.00207266,-7.418988e-05,-7.250662e-06
1.9,3.6,0.0020520145,-7.271572e-05,-2.299602e-06
1.8,3.7,0.0020302716,-7.1577684e-05,2.9347818e-06
1.7,3.7,0.002029726,-7.003339e-05,5.39656e-06
2.8,2.8,0.0017083775,-8.437978e-05,-3.668264e-05
2.9,2.7,0.0015259333,-7.937857e-05,-3.957056e-05
2.7,2.9,0.0018602916,-8.654279e-05,-3.3428274e-05
3.0,2.6,0.0013265153,-7.148189e-05,-4.2133404e-05
2.6,3.0,0.0019732215,-8.630267e-05,-2.9857852e-05
3.1,2.5,0.0011250845,-6.116994e-05,-4.435734e-05
2.5,3.1,0.0020457518,-8.456678e-05,-2.6059286e-05
3.2,2.4,0.0009342842,-4.938467e-05,-4.626954e-05
3.3,2.3,0.00076218246,-3.720093e-05,-4.786045e-05
3.4,2.2,0.000611918,-2.5649144e-05,-4.9114027e-05
3.5,2.1,0.00048269535,-1.5573634e-05,-4.9989598e-05
3.6,2.0,0.00037133734,-7.611128e-06,-5.0434162e-05
3.7,1.9,0.00027375313,-2.2407496e-06,-5.0379862e-05
3.8,1.8,0.00018601434,1.6712264e-07,-4.9741928e-05
3.9,1.7,0.00010516055,-6.553285e-07,-4.8436126e-05
3.9,1.6,2.939065e-05,8.903783e-07,-4.8335896e-05
2.4,3.2,0.002082812,-8.217696e-05,-2.202484e-05
2.3,3.3,0.002094085,-7.968e-05,-1.784767e-05
2.2,3.4,0.0020883735,-7.746114e-05,-1.3522731e-05
2.1,3.5,0.0020724628,-7.563032e-05,-9.015738e-06
2.0,3.6,0.0020521814,-7.416266e-05,-4.3198884e-06
1.9,3.7,0.0020307223,-7.302349e-05,6.1490965e-07
1.8,3.8,0.0020094626,-7.210266e-05,5.815704e-06
1.7,3.8,0.0020088395,-7.066544e-05,8.479413e-06
2.9,2.8,0.0017131139,-8.569277e-05,-3.729109e-05
2.8,2.9,0.0018623201,-8.781021e-05,-3.4142446e-05
3.0,2.7,0.0015337783,-8.081398e-05,-4.0075953e-05
2.7,3.0,0.0019733396,-8.758191e-05,-3.0685173e-05
3.1,2.6,0.0013373095,-7.3122435e-05,-4.2531145e-05
2.6,3.1,0.0020448572,-8.5882064e-05,-2.7012402e-05
3.2,2.5,0.0011381414,-6.308251e-05,-4.4633714e-05
2.5,3.2,0.0020816198,-8.352714e-05,-2.3121936e-05
3.3,2.4,0.00094859325,-5.1606847e-05,-4.640229e-05
3.4,2.3,0.0007766664,-3.974515e-05,-4.7821246e-05
3.5,2.2,0.0006256233,-2.8517614e-05,-4.8869526e-05
3.6,2.1,0.0004948799,-1.8774947e-05,-4.9501206e-05
3.7,2.0,0.00038147124,-1.1178813e-05,-4.9657196e-05
3.8,1.9,0.00028146195,-6.243326e-06,-4.9264054e-05
3.9,1.8,0.0001910699,-4.3607374e-06,-4.8228674e-05
4.0,1.7,0.00010749007,-5.804083e-06,-4.6470082e-05
4.0,1.6,2.9685343e-05,-4.738106e-06,-4.6402623e-05
2.4,3.3,0.0020930525,-8.105521e-05,-1.910173e-05
2.3,3.4,0.0020877218,-7.884157e-05,-1.49586585e-05
2.2,3.5,0.0020722025,-7.700566e-05,-1.0666669e-05
2.1,3.6,0.0020522696,-7.553525e-05,-6.2136496e-06
2.0,3.7,0.0020310767,-7.438265e-05,-1.5614235e-06
1.9,3.8,0.0020099632,-7.3440075e-05,3.319982e-06
1.8,3.9,0.0019887711,-7.257387e-05,8.482685e-06
1.7,3.9,0.0019883043,-7.1279326e-05,1.1340203e-05
2.9,2.9,0.0018643464,-8.909107e-05,-3.4725057e-05
3.0,2.8,0.0017177897,-8.7029934e-05,-3.775413e-05
2.8,3.0,0.0019734814,-8.886201e-05,-3.1391362e-05
3.1,2.7,0.0015414875,-8.228272e-05,-4.0419563e-05
2.7,3.1,0.0020439816,-8.718515e-05,-2.7852744e-05
3.2,2.6,0.0013478966,-7.480303e-05,-4.274749e-05
2.6,3.2,0.0020804286,-8.485219e-05,-2.4113946e-05
3.3,2.5,0.0011509429,-6.503972e-05,-4.470535e-05
2.5,3.3,0.0020919933,-8.2395316e-05,-2.0251897e-05
3.4,2.4,0.000962628,-5.387853e-05,-4.630392e-05
3.5,2.3,0.000790878,-4.2346357e-05,-4.752089e-05
3.6,2.2,0.0006390635,-3.1454765e-05,-4.8329362e-05
3.7,2.1,0.0005067962,-2.206108e-05,-4.8677895e-05
3.8,2.0,0.00039130493,-1.485406e-05,-4.850061e-05
3.9,1.9,0.00028881207,-1.03734e-05,-4.7717265e-05
4.0,1.8,0.00019568326,-9.028671e-06,-4.622965e-05
4.1,1.7,0.00010930457,-1.1080218e-05,-4.3966567e-05
4.1,1.6,2.9495668e-05,-1.0533003e-05,-4.3940843e-05
2.4,3.4,0.0020870185,-8.0176746e-05,-1.6288846e-05
2.3,3.5,0.0020718777,-7.832626e-05,-1.2200426e-05
2.2,3.6,0.002052278,-7.684227e-05,-7.977675e-06
2.1,3.7,0.0020313333,-7.5665586e-05,-3.5921144e-06
2.0,3.8,0.0020103403,-7.468902e-05,9.912915e-07
1.9,3.9,0.0019890782,-7.377058e-05,5.8153173e-06
1.8,4.0,0.0019657873,-7.2697505e-05,1.0887501e-05
1.7,4.0,0.0019658473,-7.158741e-05,1.393326e-05
3.0,2.9,0.0018663588,-9.0385096e-05,-3.5161353e-05
2.9,3.0,0.001973636,-9.014374e-05,-3.1964162e-05
3.1,2.8,0.0017223945,-8.8390574e-05,-3.8055212e-05
2.8,3.1,0.0020431152,-8.847873e-05,-2.8567667e-05
3.2,2.7,0.0015490523,-8.378352e-05,-4.058215e-05
2.7,3.2,0.0020792326,-8.615536e-05,-2.4984995e-05
3.3,2.6,0.0013582701,-7.6521705e-05,-4.2759995e-05
2.6,3.3,0.0020909023,-8.370521e-05,-2.1287688e-05
3.4,2.5,0.0011634825,-6.7039095e-05,-4.4546752e-05
2.5,3.4,0.0020862601,-8.147313e-05,-1.7502525e-05
3.5,2.4,0.0009763801,-5.6196754e-05,-4.5945348e-05
3.6,2.3,0.0008048047,-4.5000343e-05,-4.6926405e-05
3.7,2.2,0.0006522197,-3.4454213e-05,-4.7456564e-05
3.8,2.1,0.000518417,-2.54215e-05,-4.7478257e-05
3.9,2.0,0.00040080305,-1.8616942e-05,-4.6917925e-05
4.0,1.9,0.0002957586,-1.4592874e-05,-4.5688783e-05
4.1,1.8,0.00019980781,-1.3777647e-05,-4.369236e-05
4.2,1.7,0.000110561756,-1.637558e-05,-4.0873438e-05
4.2,1.6,2.8794615e-05,-1.6372407e-05,-4.0900533e-05
2.4,3.5,0.0020714863,-7.959987e-05,-1.3612366e-05
2.3,3.6,0.0020522058,-7.8091645e-05,-9.609896e-06
2.2,3.7,0.002031491,-7.688145e-05,-5.4755124e-06
2.1,3.8,0.0020105937,-7.586022e-05,-1.1706416e-06
2.0,3.9,0.0019892259,-7.488264e-05,3.334879e-06
1.9,4.0,0.0019655165,-7.370839e-05,8.063279e-06
1.8,4.1,0.0019357416,-7.201073e-05,1.3037838e-05
1.7,4.1,0.0019368568,-7.114392e-05,1.627706e-05
3.0,3.0,0.0019737922,-9.142713e-05,-3.2390377e-05
3.1,2.9,0.0018683452,-9.1691414e-05,-3.5436406e-05
2.9,3.1,0.0020422493,-8.9763525e-05,-2.91468e-05
3.2,2.8,0.0017269172,-8.977296e-05,-3.817725e-05
2.8,3.2,0.0020780256,-8.744073e-05,-2.5722877e-05
3.3,2.7,0.0015564634,-8.531361e-05,-4.0543564e-05
2.7,3.3,0.0020897775,-8.498781e-05,-2.219518e-05
3.4,2.6,0.0013684218,-7.827477e-05,-4.254546e-05
2.6,3.4,0.002085444,-8.273647e-05,-1.8591143e-05
3.5,2.5,0.0011757527,-6.907596e-05,-4.4131437e-05
2.5,3.5,0.002071025,-8.083231e-05,-1.4896121e-05
3.6,2.4,0.0009898393,-5.855549e-05,-4.5296638e-05
3.7,2.3,0.0008184317,-4.7698904e-05,-4.6004097e-05
3.8,2.2,0.0006650724,-3.750291e-05,-4.62137e-05
3.9,2.1,0.00052971323,-2.8837474e-05,-4.5860426e-05
4.0,2.0,0.00040993054,-2.243248e-05,-4.486466e-05
4.1,1.9,0.00030226412,-1.8848224e-05,-4.3130865e-05
4.2,1.8,0.00020340098,-1.851403e-05,-4.0570947e-05
4.3,1.7,0.000111251626,-2.1524893e-05,-3.714476e-05
4.3,1.6,2.758728e-05,-2.2064829e-05,-3.7237074e-05
2.4,3.6,0.002052051,-7.929063e-05,-1.1106967e-05
2.3,3.7,0.0020315484,-7.803813e-05,-7.2104726e-06
2.2,3.8,0.0020107224,-7.6963486e-05,-3.1676898e-06
2.1,3.9,0.0019892142,-7.591737e-05,1.0385406e-06
2.0,4.0,0.0019650403,-7.464226e-05,5.453951e-06
1.9,4.1,0.00193436,-7.278347e-05,1.005309e-05
1.8,4.2,0.0018909825,-6.986504e-05,1.4884273e-05
1.7,4.2,0.0018938342,-6.9282425e-05,1.8271698e-05
3.1,3.0,0.0019739394,-9.271145e-05,-3.2656495e-05
3.0,3.1,0.0020413762,-9.103986e-05,-2.9578803e-05
3.2,2.9,0.001870294,-9.3008224e-05,-3.5535006e-05
2.9,3.2,0.0020767986,-8.8710585e-05,-2.6322514e-05
3.3,2.8,0.0017313467,-9.117403e-05,-3.8102404e-05
2.8,3.3,0.0020886173,-8.624556e-05,-2.2965447e-05
3.4,2.7,0.0015637105,-8.68686e-05,-4.0283187e-05
2.7,3.4,0.0020845674,-8.397053e-05,-1.9546362e-05
3.5,2.6,0.0013783429,-8.005642e-05,-4.208035e-05
2.6,3.5,0.0020704917,-8.202835e-05,-1.6045959e-05
3.6,2.5,0.0011877439,-7.114294e-05,-4.3432825e-05
2.5,3.6,0.0020518107,-8.0445534e-05,-1.2464523e-05
3.7,2.4,0.0010029941,-6.0945098e-05,-4.4327884e-05
3.8,2.3,0.00083174376,-5.042862e-05,-4.472092e-05
3.9,2.2,0.0006776003,-4.058152e-05,-4.4563876e-05
4.0,2.1,0.0005406571,-3.2278404e-05,-4.3785527e-05
4.1,2.0,0.0004186585,-2.6251933e-05,-4.229883e-05
4.2,1.9,0.00030829204,-2.3063258e-05,-4.000571e-05
4.3,1.8,0.00020645189,-2.3097828e-05,-3.682446e-05
4.4,1.6,2.5893098e-05,-2.7314907e-05,-3.29272e-05
4.4,1.7,0.00011137108,-2.6280584e-05,-3.275997e-05
2.4,3.7,0.0020315037,-7.9142534e-05,-8.795414e-06
2.3,3.8,0.0020107257,-7.800702e-05,-5.0021763e-06
2.2,3.9,0.0019890417,-7.6878954e-05,-1.0745053e-06
2.1,4.0,0.0019643651,-7.549869e-05,3.038195e-06
2.0,4.1,0.0019327212,-7.347731e-05,7.303265e-06
1.9,4.2,0.0018878282,-7.036458e-05,1.1754849e-05
1.8,4.3,0.001820947,-6.565366e-05,1.63793e-05
1.7,4.3,0.001826212,-6.537659e-05,1.9895817e-05
3.1,3.1,0.0020404872,-9.23074e-05,-2.9852035e-05
3.2,3.0,0.0019740667,-9.399503e-05,-3.274931e-05
3.0,3.2,0.0020755448,-8.996548e-05,-2.6774675e-05
3.3,2.9,0.0018721933,-9.433248e-05,-3.5441866e-05
2.9,3.3,0.0020874145,-8.7481196e-05,-2.3595832e-05
3.4,2.8,0.0017356712,-9.258915e-05,-3.781289e-05
2.8,3.4,0.0020836287,-8.517667e-05,-2.03617e-05
3.5,2.7,0.0015707836,-8.844216e-05,-3.978065e-05
2.7,3.5,0.0020698828,-8.319182e-05,-1.7056313e-05
3.6,2.6,0.0013880237,-8.1858496e-05,-4.1341653e-05
2.6,3.6,0.0020514831,-8.156153e-05,-1.3678464e-05
3.7,2.5,0.0011994463,-7.3229516e-05,-4.242505e-05
2.5,3.7,0.0020313554,-8.0200756e-05,-1.0228272e-05
3.8,2.4,0.001015832,-6.335189e-05,-4.3010703e-05
3.9,2.3,0.00084472564,-5.3170075e-05,-4.3045406e-05
4.0,2.2,0.00068978133,-4.36627e-05,-4.2474712e-05
4.1,2.1,0.0005512287,-3.5701116e-05,-4.1218853e-05
4.2,2.0,0.00042695957,-3.0009014e-05,-3.9189505e-05
4.3,1.9,0.0003138385,-2.712527e-05,-3.6281435e-05
4.4,1.8,0.00020895693,-2.7329463e-05,-3.2441585e-05
4.5,1.7,0.000111048,-3.0296202e-05,-2.7705624e-05
4.5,1.6,2.38356e-05,-3.1706168e-05,-2.7960428e-05
2.4,3.8,0.0020106016,-7.899862e-05,-6.6745915e-06
2.3,3.9,0.0019887062,-7.7776764e-05,-3.0053473e-06
2.2,4.0,0.0019634874,-7.627465e-05,8.089825e-07
2.1,4.1,0.0019308309,-7.409526e-05,4.7712847e-06
2.0,4.2,0.0018843774,-7.078689e-05,8.867815e-06
1.9,4.3,0.0018153683,-6.585141e-05,1.3126577e-05
1.8,4.4,0.0017131845,-5.8842306e-05,1.7488584e-05
1.7,4.4,0.0017212877,-5.887887e-05,2.1142612e-05
3.2,3.1,0.0020395746,-9.356481e-05,-2.99554e-05
3.1,3.2,0.002074258,-9.120497e-05,-2.7069167e-05
3.3,3.0,0.0019741638,-9.527508e-05,-3.265596e-05
3.0,3.3,0.002086164,-8.869616e-05,-2.4078325e-05
3.4,2.9,0.0018740318,-9.5659736e-05,-3.514206e-05
2.9,3.4,0.0020826252,-8.635653e-05,-2.1032276e-05
3.5,2.8,0.0017398796,-9.4012e-05,-3.7291567e-05
2.8,3.5,0.0020691962,-8.432557e-05,-1.792155e-05
3.6,2.7,0.0015776717,-9.002589e-05,-3.9016504e-05
2.7,3.6,0.0020510657,-8.264252e-05,-1.47452865e-05
3.7,2.6,0.0013974545,-8.3670144e-05,-4.03076e-05
2.6,3.7,0.0020311016,-8.121808e-05,-1.1507791e-05
3.8,2.5,0.0012108493,-7.532173e-05,-4.108436e-05
2.5,3.8,0.0020103487,-7.994327e-05,-8.184868e-06
3.9,2.4,0.0010283417,-6.575673e-05,-4.1319272e-05
4.0,2.3,0.0008573614,-5.589767e-05,-4.0951472e-05
4.1,2.2,0.0007016026,-4.670877e-05,-3.9919098e-05
4.2,2.1,0.00056140864,-3.904829e-05,-3.8139216e-05
4.3,2.0,0.00043483978,-3.361577e-05,-3.5515084e-05
4.4,1.9,0.00031890222,-3.088014e-05,-3.1960917e-05
4.5,1.8,0.0002110543,-3.0948577e-05,-2.7420905e-05
4.6,1.7,0.00011035091,-3.3076376e-05,-2.205914e-05
4.6,1.6,2.1454964e-05,-3.4619537e-05,-2.2393024e-05
2.4,3.9,0.0019882086,-7.862426e-05,-4.756493e-06
2.3,4.0,0.0019624028,-7.698673e-05,-1.2217985e-06
2.2,4.1,0.0019286921,-7.4642354e-05,2.4492633e-06
2.1,4.2,0.0018806331,-7.114032e-05,6.224019e-06
2.0,4.3,0.0018094837,-6.598151e-05,1.0134047e-05
1.9,4.4,0.0017047991,-5.874251e-05,1.4123732e-05
1.8,4.5,0.0015558089,-4.9245995e-05,1.8182698e-05
1.7,4.5,0.0015666346,-4.9527796e-05,2.1938033e-05
3.2,3.2,0.0020729324,-9.2427785e-05,-2.7196924e-05
3.3,3.1,0.0020386304,-9.480969e-05,-2.987832e-05
3.1,3.3,0.0020848608,-8.989051e-05,-2.4404122e-05
3.4,3.0,0.0019742213,-9.65476e-05,-3.2364183e-05
3.0,3.4,0.0020815548,-8.7511784e-05,-2.1552101e-05
3.5,2.9,0.0018757985,-9.6984026e-05,-3.4621524e-05
2.9,3.5,0.00206843,-8.5431675e-05,-1.863712e-05
3.6,2.8,0.0017439609,-9.543442e-05,-3.6522462e-05
2.8,3.6,0.0020505567,-8.369127e-05,-1.5661648e-05
3.7,2.7,0.0015843651,-9.1609116e-05,-3.7972928e-05
2.7,3.7,0.0020307407,-8.219881e-05,-1.2633269e-05
3.8,2.6,0.0014066257,-8.547766e-05,-3.8958915e-05
2.6,3.8,0.0020099652,-8.084343e-05,-9.532275e-06
3.9,2.5,0.0012219436,-7.740184e-05,-3.939019e-05
2.5,3.9,0.0019875509,-7.942408e-05,-6.3374937e-06
4.0,2.4,0.0010405118,-6.8135945e-05,-3.9233288e-05
4.1,2.3,0.0008696422,-5.857912e-05,-3.8418795e-05
4.2,2.2,0.0007130495,-4.967258e-05,-3.6884165e-05
4.3,2.1,0.000571209,-4.225104e-05,-3.4533492e-05
4.4,2.0,0.0004422952,-3.6959067e-05,-3.129351e-05
4.5,1.9,0.00032362327,-3.415006e-05,-2.7054833e-05
4.6,1.8,0.00021282559,-3.3615994e-05,-2.1875825e-05
4.7,1.6,1.9254134e-05,-3.52575e-05,-1.6178286e-05
4.7,1.7,0.00010993938,-3.4024393e-05,-1.5841684e-05
2.4,4.0,0.0019611132,-7.764702e-05,-3.058474e-06
2.3,4.1,0.001926308,-7.513256e-05,3.3225766e-07
2.2,4.2,0.0018766058,-7.1432136e-05,3.816398e-06
2.1,4.3,0.0018033044,-6.60513e-05,7.3954793e-06
2.0,4.4,0.0016961491,-5.8589958e-05,1.10361725e-05
1.9,4.5,0.001544798,-4.8923055e-05,1.4733669e-05
1.8,4.6,0.0013410122,-3.7464422e-05,1.8448183e-05
1.7,4.6,0.0013536384,-3.7872756e-05,2.2275866e-05
3.2,3.3,0.0020835015,-9.106344e-05,-2.4565972e-05
3.3,3.2,0.002071563,-9.363177e-05,-2.7149543e-05
3.4,3.1,0.0020376474,-9.603856e-05,-2.9610866e-05
3.1,3.4,0.0020804147,-8.864298e-05,-2.1915075e-05
3.5,3.0,0.0019742295,-9.780731e-05,-3.186283e-05
3.0,3.5,0.0020675818,-8.651134e-05,-1.919934e-05
3.6,2.9,0.0018774829,-9.829779e-05,-3.3867505e-05
2.9,3.6,0.002049954,-8.4709885e-05,-1.6424681e-05
3.7,2.8,0.0017479048,-9.684634e-05,-3.5491415e-05
2.8,3.7,0.0020302704,-8.314631e-05,-1.36031995e-05
3.8,2.7,0.0015908541,-9.317884e-05,-3.663482e-05
2.7,3.8,0.0020094486,-8.170395e-05,-1.0715822e-05
3.9,2.6,0.0014155286,-8.7264474e-05,-3.7279875e-05
2.6,3.9,0.0019867306,-8.0174425e-05,-7.753074e-06
4.0,2.5,0.0012327203,-7.9448146e-05,-3.7327714e-05
2.5,4.0,0.0019596207,-7.825865e-05,-4.711129e-06
4.1,2.4,0.0010523361,-7.046155e-05,-3.673836e-05
4.2,2.3,0.0008815572,-6.11753e-05,-3.544184e-05
4.3,2.2,0.0007241373,-5.250015e-05,-3.336296e-05
4.4,2.1,0.0005806198,-4.5227225e-05,-3.0430381e-05
4.5,2.0,0.0004494568,-3.9922546e-05,-2.6539343e-05
4.6,1.9,0.00032803422,-3.673339e-05,-2.1703798e-05
4.7,1.8,0.00021494477,-3.5028992e-05,-1.5870743e-05
4.8,1.6,1.7404971e-05,-3.2450545e-05,-9.56481e-06
4.8,1.7,0.00011001763,-3.262383e-05,-9.455571e-06
2.4,4.1,0.0019236809,-7.557156e-05,-1.5872466e-06
2.3,4.2,0.0018723069,-7.166879e-05,1.6226627e-06
2.2,4.3,0.0017968436,-6.60656e-05,4.8974557e-06
2.1,4.4,0.0016872516,-5.8392245e-05,8.213821e-06
2.0,4.5,0.0015336233,-4.8566388e-05,1.1573977e-05
1.9,4.6,0.0013283413,-3.7034857e-05,1.4936612e-05
1.8,4.7,0.0010682391,-2.4738356e-05,1.8327386e-05
1.7,4.7,0.0010809487,-2.5130521e-05,2.2200242e-05
3.3,3.3,0.0020820824,-9.221314e-05,-2.4557576e-05
3.2,3.4,0.0020792023,-8.974998e-05,-2.2115937e-05
3.4,3.2,0.0020701443,-9.481374e-05,-2.691954e-05
3.5,3.1,0.0020366188,-9.724695e-05,-2.9144265e-05
3.1,3.5,0.0020666497,-8.756483e-05,-1.9604506e-05
3.6,3.0,0.00197418,-9.9047604e-05,-3.1142194e-05
3.0,3.6,0.0020492557,-8.5699954e-05,-1.7032358e-05
3.7,2.9,0.0018790754,-9.9591874e-05,-3.2869146e-05
2.9,3.7,0.0020296888,-8.406209e-05,-1.4415963e-05
3.8,2.8,0.0017517019,-9.82358e-05,-3.418704e-05
2.8,3.8,0.002008798,-8.25301e-05,-1.1736455e-05
3.9,2.7,0.0015971303,-9.4719755e-05,-3.4990724e-05
2.7,3.9,0.0019857436,-8.0883074e-05,-8.997705e-06
4.0,2.6,0.0014241558,-8.9010864e-05,-3.5260502e-05
2.6,4.0,0.0019579262,-7.882372e-05,-6.184974e-06
4.1,2.5,0.0012431756,-8.143551e-05,-3.4887722e-05
2.5,4.1,0.001920811,-7.5963864e-05,-3.3105896e-06
4.2,2.4,0.0010638064,-7.270076e-05,-3.3834884e-05
4.3,2.3,0.00089312263,-6.364276e-05,-3.201843e-05
4.4,2.2,0.0007348497,-5.5130433e-05,-2.939161e-05
4.5,2.1,0.0005897614,-4.7900798e-05,-2.5841347e-05
4.6,2.0,0.00045628796,-4.238355e-05,-2.1402333e-05
4.7,1.9,0.00033271656,-3.851645e-05,-1.5950405e-05
4.8,1.8,0.00021739386,-3.5057445e-05,-9.907078e-06
4.9,1.7,0.00011387353,-2.9656268e-05,-3.3966137e-06
4.9,1.6,1.8908942e-05,-2.5409076e-05,-3.3128317e-06
2.4,4.2,0.0018677415,-7.1857285e-05,-3.6491159e-07
2.3,4.3,0.0017901142,-6.603267e-05,2.6271255e-06
2.2,4.4,0.0016781236,-5.815631e-05,5.6439e-06
2.1,4.5,0.0015223039,-4.8182348e-05,8.688767e-06
2.0,4.6,0.0013156442,-3.6589976e-05,1.1723692e-05
1.9,4.7,0.0010556206,-2.4341736e-05,1.4778419e-05
1.8,4.8,0.0007450895,-1.3189836e-05,1.780355e-05
1.7,4.8,0.0007556771,-1.345714e-05,2.1693304e-05
3.3,3.4,0.002077916,-9.0831025e-05,-2.2150782e-05
3.4,3.3,0.0020806005,-9.333677e-05,-2.4373589e-05
3.2,3.5,0.0020656325,-8.859199e-05,-1.9849282e-05
3.5,3.2,0.0020686719,-9.596963e-05,-2.6500613e-05
3.6,3.1,0.002035539,-9.842956e-05,-2.8471508e-05
3.1,3.6,0.0020484605,-8.6662054e-05,-1.7482816e-05
3.7,3.0,0.0019740656,-0.000100260055,-3.019441e-05
3.0,3.7,0.002028994,-8.49476e-05,-1.5070227e-05
3.8,2.9,0.0018805681,-0.00010085559,-3.1618307e-05
2.9,3.8,0.0020080125,-8.332207e-05,-1.2597693e-05
3.9,2.8,0.0017553443,-9.958896e-05,-3.260146e-05
2.8,3.9,0.0019845897,-8.155602e-05,-1.0072053e-05
4.0,2.7,0.001603187,-9.621454e-05,-3.303462e-05
2.7,4.0,0.0019560303,-7.9349105e-05,-7.4831787e-06
4.1,2.6,0.0014325039,-9.069452e-05,-3.289586e-05
2.6,4.1,0.0019177025,-7.631359e-05,-4.8408333e-06
4.2,2.5,0.0012533027,-8.3336476e-05,-3.207481e-05
2.5,4.2,0.0018629143,-7.200275e-05,-2.1490848e-06
4.3,2.4,0.0010749385,-7.481775e-05,-3.052438e-05
4.4,2.3,0.000904318,-6.5935e-05,-2.8189195e-05
4.5,2.2,0.0007452978,-5.7510406e-05,-2.497405e-05
4.6,2.1,0.0005985346,-5.0189745e-05,-2.0923044e-05
4.7,2.0,0.00046329977,-4.4320528e-05,-1.5869271e-05
4.8,1.9,0.00033728473,-3.9498773e-05,-1.0267259e-05
4.9,1.8,0.00022278549,-3.441797e-05,-4.0691493e-06
5.0,1.7,0.000117699994,-2.8030543e-05,0.0
5.0,1.6,2.1352596e-05,-2.0820955e-05,-2.0010266e-07
2.4,4.3,0.0017831273,-6.596014e-05,5.7575016e-07
2.3,4.4,0.0016687814,-5.788834e-05,3.3137148e-06
2.2,4.5,0.001510858,-4.7776302e-05,6.063804e-06
2.1,4.6,0.001302937,-3.6134756e-05,8.793243e-06
2.0,4.7,0.0010431042,-2.394387e-05,1.1534649e-05
1.9,4.8,0.0007346663,-1.292507e-05,1.4241436e-05
1.7,4.9,0.00039095822,-4.703992e-06,2.112804e-05
1.8,4.9,0.00038471006,-4.594937e-06,1.72349e-05
3.4,3.4,0.0020765534,-9.188343e-05,-2.2016013e-05
3.3,3.5,0.0020645282,-8.9591405e-05,-1.9931122e-05
3.5,3.3,0.0020790526,-9.44308e-05,-2.4009734e-05
3.2,3.6,0.0020475665,-8.7595916e-05,-1.7774188e-05
3.6,3.2,0.0020671422,-9.709471e-05,-2.588783e-05
3.7,3.1,0.0020344025,-9.9577934e-05,-2.7588496e-05
3.1,3.7,0.0020281845,-8.5803425e-05,-1.5565898e-05
3.8,3.0,0.0019738795,-0.000101434896,-2.9013821e-05
3.0,3.8,0.0020070898,-8.408067e-05,-1.3299672e-05
3.9,2.9,0.0018819536,-0.0001020768,-3.011008e-05
2.9,3.9,0.001983269,-8.2194245e-05,-1.0980834e-05
4.0,2.8,0.0017588258,-0.00010089064,-3.0731648e-05
2.8,4.0,0.0019539322,-7.983826e-05,-8.60908e-06
4.1,2.7,0.0016090209,-9.764369e-05,-3.0765434e-05
2.7,4.1,0.0019143602,-7.662418e-05,-6.189226e-06
4.2,2.6,0.0014405678,-9.229214e-05,-3.0193238e-05
2.6,4.2,0.0018578322,-7.210844e-05,-3.7367658e-06
4.3,2.5,0.0012631157,-8.512091e-05,-2.8893824e-05
2.5,4.3,0.001775893,-6.5853346e-05,-1.2641673e-06
4.4,2.4,0.0010857111,-7.677643e-05,-2.6849533e-05
4.5,2.3,0.00091524574,-6.801073e-05,-2.3950803e-05
4.6,2.2,0.0007553384,-5.9582395e-05,-2.0271664e-05
4.7,2.1,0.0006074196,-5.21e-05,-1.5592115e-05
4.8,2.0,0.00046979263,-4.5712124e-05,-1.0415708e-05
4.9,1.9,0.00034404907,-4.027788e-05,-4.3835425e-06
5.0,1.8,0.00022706114,-3.411629e-05,0.0
2.4,4.4,0.0016592402,-5.7593643e-05,1.2115644e-06
2.3,4.5,0.0014993018,-4.735303e-05,3.6857857e-06
2.2,4.6,0.001290234,-3.567333e-05,6.1300702e-06
2.1,4.7,0.0010306984,-2.3547358e-05,8.5786505e-06
2.0,4.8,0.00072440953,-1.2664231e-05,1.09876355e-05
1.9,4.9,0.00037859796,-4.488396e-06,1.3671338e-05
1.8,5.0,0.0,0.0,1.7059e-05
3.4,3.5,0.0020633354,-9.056094e-05,-1.9848043e-05
3.5,3.4,0.002075113,-9.290456e-05,-2.1708449e-05
3.3,3.6,0.0020465718,-8.85007e-05,-1.790474e-05
3.6,3.3,0.0020774363,-9.549091e-05,-2.3462802e-05
3.2,3.7,0.0020272587,-8.6629196e-05,-1.590313e-05
3.7,3.2,0.0020655517,-9.818205e-05,-2.5077861e-05
3.8,3.1,0.0020332052,-0.00010068303,-2.6491758e-05
3.1,3.8,0.0020060276,-8.480828e-05,-1.3840792e-05
3.9,3.0,0.0019736162,-0.000102561775,-2.7597669e-05
3.0,3.9,0.0019817797,-8.279896e-05,-1.1726845e-05
4.0,2.9,0.001883227,-0.00010324236,-2.834362e-05
2.9,4.0,0.001951632,-8.0292986e-05,-9.564271e-06
4.1,2.8,0.0017621431,-0.00010212387,-2.8579429e-05
2.8,4.1,0.0019107867,-7.689887e-05,-7.36171e-06
4.2,2.7,0.0016146282,-9.8987184e-05,-2.8192262e-05
2.7,4.2,0.0018525019,-7.217869e-05,-5.1359716e-06
4.3,2.6,0.001448359,-9.3777984e-05,-2.716048e-05
2.6,4.3,0.0017684221,-6.571661e-05,-2.9006967e-06
4.4,2.5,0.0012725957,-8.676049e-05,-2.538723e-05
2.5,4.4,0.0016495141,-5.7276626e-05,-6.728001e-07
4.5,2.4,0.0010962165,-7.8541605e-05,-2.2802695e-05
4.6,2.3,0.0009257421,-6.982768e-05,-1.9468649e-05
4.7,2.2,0.0007654501,-6.1347964e-05,-1.5140345e-05
4.8,2.1,0.00061548274,-5.3577227e-05,-1.03679295e-05
4.9,2.0,0.00047813103,-4.7073107e-05,-4.4546796e-06
5.0,1.9,0.00034883118,-4.0765757e-05,0.0
2.4,4.5,0.0014876503,-4.6916917e-05,1.5425015e-06
2.3,4.6,0.0012775478,-3.5209083e-05,3.7200373e-06
2.2,4.7,0.0010184104,-2.3154278e-05,5.8942574e-06
2.1,4.8,0.0007143199,-1.24084345e-05,8.02427e-06
2.0,4.9,0.0003726194,-4.3847776e-06,1.0417683e-05
1.9,5.0,0.0,0.0,1.3493962e-05
3.5,3.5,0.0020620537,-9.149825e-05,-1.9598934e-05
3.4,3.6,0.0020454759,-8.937483e-05,-1.7874012e-05
3.6,3.4,0.0020735937,-9.389072e-05,-2.1226617e-05
3.3,3.7,0.0020262152,-8.742475e-05,-1.6081607e-05
3.7,3.3,0.0020757501,-9.651187e-05,-2.2730032e-05
3.2,3.8,0.0020048253,-8.550489e-05,-1.4222889e-05
3.8,3.2,0.0020638986,-9.922435e-05,-2.4069444e-05
3.9,3.1,0.0020319438,-0.00010173687,-2.5179532e-05
3.1,3.9,0.0019801217,-8.337219e-05,-1.2311479e-05
4.0,3.0,0.0019732725,-0.00010362932,-2.5946825e-05
3.0,4.0,0.0019491309,-8.0714875e-05,-1.0352562e-05
4.1,2.9,0.0018843855,-0.00010433813,-2.632306e-05
2.9,4.1,0.001906984,-7.713996e-05,-8.360924e-06
4.2,2.8,0.0017652939,-0.000103271435,-2.6154374e-05
2.8,4.2,0.0018469297,-7.221762e-05,-6.352728e-06
4.3,2.7,0.001620017,-0.00010022321,-2.5325315e-05
2.7,4.3,0.001760725,-6.555361e-05,-4.342148e-06
4.4,2.6,0.0014558629,-9.5129915e-05,-2.3837512e-05
2.6,4.4,0.0016396157,-5.6940924e-05,-2.348852e-06
4.5,2.5,0.001281822,-8.822358e-05,-2.154725e-05
2.5,4.5,0.0014759172,-4.6471683e-05,-3.772613e-07
4.6,2.4,0.001106292,-8.0084304e-05,-1.854868e-05
4.7,2.3,0.0009362809,-7.13736e-05,-1.4555195e-05
4.8,2.2,0.0007745518,-6.273386e-05,-1.0176214e-05
4.9,2.1,0.0006253342,-5.50735e-05,-4.3548966e-06
5.0,2.0,0.0004837039,-4.7892176e-05,0.0
2.4,4.6,0.0012648893,-3.474475e-05,1.5499643e-06
2.3,4.7,0.0010062454,-2.2766271e-05,3.4665723e-06
2.2,4.8,0.000704397,-1.2158547e-05,5.3348185e-06
2.1,4.9,0.00036677133,-4.284323e-06,7.455747e-06
2.0,5.0,0.0,0.0,1.0239333e-05
3.5,3.6,0.002044278,-9.02161e-05,-1.7682878e-05
3.6,3.5,0.0020606823,-9.239996e-05,-1.9183835e-05
3.4,3.7,0.002025053,-8.818874e-05,-1.610229e-05
3.7,3.4,0.002071995,-9.483707e-05,-2.0570558e-05
3.3,3.8,0.0020034818,-8.6170396e-05,-1.4448117e-05
3.8,3.3,0.0020739941,-9.7487544e-05,-2.1812219e-05
3.2,3.9,0.0019782945,-8.391402e-05,-1.27371995e-05
3.9,3.2,0.0020621822,-0.000100214645,-2.2864164e-05
4.0,3.1,0.002030617,-0.00010272958,-2.365481e-05
3.1,4.0,0.0019464301,-8.110473e-05,-1.09793455e-05
4.1,3.0,0.0019728465,-0.00010462606,-2.406626e-05
3.0,4.1,0.0019029552,-7.734907e-05,-9.191424e-06
4.2,2.9,0.0018854284,-0.00010535021,-2.4058596e-05
2.9,4.2,0.0018411218,-7.2228e-05,-7.392218e-06
4.3,2.8,0.0017682831,-0.00010431493,-2.3468896e-05
2.8,4.3,0.001752812,-6.536736e-05,-5.5963706e-06
4.4,2.7,0.0016251781,-0.00010133428,-2.219958e-05
2.7,4.4,0.0016295578,-5.6589633e-05,-3.8255707e-06
4.5,2.6,0.0014631428,-9.631944e-05,-2.0220778e-05
2.6,4.5,0.0014641149,-4.602034e-05,-2.0839257e-06
4.6,2.5,0.0012906506,-8.9493115e-05,-1.7529796e-05
2.5,4.6,0.0012522676,-3.4282482e-05,-3.924094e-07
4.7,2.4,0.0011163856,-8.137726e-05,-1.3879547e-05
4.8,2.3,0.00094572955,-7.259025e-05,-9.877939e-06
4.9,2.2,0.0007854769,-6.410478e-05,-4.1767553e-06
5.0,2.1,0.00063177693,-5.5967386e-05,0.0
2.4,4.7,0.0009942072,-2.2384625e-05,1.2818323e-06
2.3,4.8,0.0006946394,-1.1915185e-05,2.904034e-06
2.2,4.9,0.0003610504,-4.1871626e-06,4.7687518e-06
2.1,5.0,0.0,0.0,7.2768435e-06
3.6,3.6,0.0020429778,-9.10217e-05,-1.7332519e-05
3.5,3.7,0.0020237714,-8.891934e-05,-1.5967003e-05
3.7,3.5,0.0020592215,-9.326214e-05,-1.8603972e-05
3.4,3.8,0.0020019966,-8.680371e-05,-1.45184695e-05
3.8,3.4,0.002070318,-9.573824e-05,-1.9742296e-05
3.3,3.9,0.0019762975,-8.442409e-05,-1.3007395e-05
3.9,3.3,0.0020721687,-9.8411314e-05,-2.071357e-05
3.2,4.0,0.00194353,-8.146284e-05,-1.1447603e-05
4.0,3.2,0.002060403,-0.00010114451,-2.1466476e-05
4.1,3.1,0.0020292255,-0.00010365094,-2.1924237e-05
3.1,4.1,0.0018987035,-7.752789e-05,-9.858312e-06
4.2,3.0,0.0019723405,-0.000105543164,-2.1965601e-05
3.0,4.2,0.0018350844,-7.2211646e-05,-8.260142e-06
4.3,2.9,0.0018863595,-0.00010626219,-2.1564654e-05
2.9,4.3,0.0017446924,-6.516024e-05,-6.6704984e-06
4.4,2.8,0.0017711081,-0.00010524058,-2.0552397e-05
2.8,4.4,0.0016193518,-5.622542e-05,-5.1113852e-06
4.5,2.7,0.0016301575,-0.00010229496,-1.8818808e-05
2.7,4.5,0.0014522547,-4.556525e-05,-3.5873138e-06
4.6,2.6,0.001470086,-9.733946e-05,-1.6447195e-05
2.6,4.6,0.0012396912,-3.3823926e-05,-2.1184455e-06
4.7,2.5,0.0012994753,-9.052905e-05,-1.3131946e-05
2.5,4.7,0.0009822986,-2.2010327e-05,-6.726987e-07
4.8,2.4,0.0011254095,-8.2398714e-05,-9.498247e-06
4.9,2.3,0.0009569991,-7.372134e-05,-3.9763436e-06
5.0,2.2,0.0007925679,-6.490583e-05,0.0
2.4,4.8,0.0006850451,-1.1678737e-05,7.178149e-07
2.3,4.9,0.00035545282,-4.093346e-06,2.3412151e-06
2.2,5.0,0.0,0.0,4.589653e-06
3.6,3.7,0.0020223705,-8.961422e-05,-1.5678037e-05
3.7,3.6,0.0020415755,-9.178832e-05,-1.6825155e-05
3.5,3.8,0.0020003687,-8.740328e-05,-1.4436497e-05
3.8,3.5,0.0020576722,-9.4080446e-05,-1.7862005e-05
3.4,3.9,0.0019741305,-8.490163e-05,-1.31249735e-05
3.9,3.4,0.0020685634,-9.658886e-05,-1.874578e-05
3.3,4.0,0.0019404318,-8.178941e-05,-1.1760658e-05
4.0,3.3,0.0020702758,-9.927635e-05,-1.943881e-05
3.2,4.1,0.0018942325,-7.7677716e-05,-1.0365923e-05
4.1,3.2,0.002058563,-0.000102005244,-1.9884126e-05
4.2,3.1,0.0020277714,-0.00010449267,-1.9997606e-05
3.1,4.2,0.0018288244,-7.2170034e-05,-8.96247e-06
4.3,3.0,0.001971758,-0.00010636409,-1.9664434e-05
3.0,4.3,0.0017363757,-6.493417e-05,-7.571217e-06
4.4,2.9,0.0018871808,-0.000107061096,-1.8863151e-05
2.9,4.4,0.0016090089,-5.5850425e-05,-6.2142094e-06
4.5,2.8,0.0017737963,-0.00010602679,-1.7417502e-05
2.8,4.5,0.0014403472,-4.5108212e-05,-4.896709e-06
4.6,2.7,0.0016348794,-0.00010310514,-1.5291771e-05
2.7,4.6,0.0012271667,-3.3370296e-05,-3.6387025e-06
4.7,2.6,0.0014770069,-9.8141696e-05,-1.2344019e-05
2.6,4.7,0.00097052153,-2.1644068e-05,-2.4088172e-06
4.8,2.5,0.0013073393,-9.135503e-05,-9.032781e-06
2.5,4.8,0.0006756114,-1.1449404e-05,-1.2368955e-06
4.9,2.4,0.0011361461,-8.325106e-05,-3.7991474e-06
5.0,2.3,0.00096429675,-7.434425e-05,0.0
2.4,4.9,0.00034997478,-4.00287e-06,1.5884522e-07
2.3,5.0,0.0,0.0,2.1622275e-06
3.7,3.7,0.0020208498,-9.027059e-05,-1.52385455e-05
3.6,3.8,0.0019985985,-8.7967164e-05,-1.4205419e-05
3.8,3.6,0.002040072,-9.251225e-05,-1.6164293e-05
3.5,3.9,0.001971794,-8.534545e-05,-1.309322e-05
3.9,3.5,0.0020560361,-9.485019e-05,-1.6962422e-05
3.4,4.0,0.0019371369,-8.20842e-05,-1.1922547e-05
4.0,3.4,0.002066734,-9.7383316e-05,-1.758633e-05
3.3,4.1,0.0018895455,-7.779878e-05,-1.0718719e-05
4.1,3.3,0.0020683175,-0.00010007573,-1.7995035e-05
3.2,4.2,0.001822348,-7.210401e-05,-9.50496e-06
4.2,3.2,0.0020566655,-0.000102788385,-1.8127266e-05
4.3,3.1,0.0020262578,-0.00010524231,-1.7890117e-05
3.1,4.3,0.001727871,-6.469054e-05,-8.3049445e-06
4.4,3.0,0.0019711046,-0.00010707386,-1.7180892e-05
3.0,4.4,0.0015985395,-5.546624e-05,-7.141564e-06
4.5,2.9,0.0018879035,-0.00010772936,-1.597376e-05
2.9,4.5,0.0014284018,-4.4650533e-05,-6.0208567e-06
4.6,2.8,0.0017763108,-0.0001066771,-1.41392275e-05
2.8,4.6,0.0012147004,-3.2922446e-05,-4.9630303e-06
4.7,2.7,0.0016395639,-0.0001037131,-1.1496015e-05
2.7,4.7,0.0009588769,-2.1286272e-05,-3.9374854e-06
4.8,2.6,0.0014831448,-9.878902e-05,-8.499034e-06
2.6,4.8,0.0006663352,-1.1227233e-05,-2.9721994e-06
4.9,2.5,0.0013166874,-9.193732e-05,-3.6538056e-06
2.5,4.9,0.0003446123,-3.9156907e-06,-1.7915617e-06
5.0,2.4,0.0011430975,-8.366201e-05,0.0
2.4,5.0,0.0,0.0,-1.9769601e-08
3.7,3.8,0.0019966862,-8.849307e-05,-1.3829182e-05
3.8,3.7,0.002019211,-9.088533e-05,-1.4652675e-05
3.6,3.9,0.0019692888,-8.575403e-05,-1.2916081e-05
3.9,3.6,0.0020384688,-9.3189505e-05,-1.5354939e-05
3.5,4.0,0.001933647,-8.2346516e-05,-1.1937531e-05
4.0,3.5,0.0020543158,-9.5566524e-05,-1.5911035e-05
3.4,4.1,0.0018846465,-7.7890756e-05,-1.0921435e-05
4.1,3.4,0.0020648325,-9.811565e-05,-1.6271691e-05
3.3,4.2,0.0018156617,-7.201406e-05,-9.893215e-06
4.2,3.3,0.0020662984,-0.00010080301,-1.639146e-05
3.2,4.3,0.001719187,-6.443008e-05,-8.877959e-06
4.3,3.2,0.0020547123,-0.00010348547,-1.6206513e-05
4.4,3.1,0.0020246927,-0.00010588872,-1.5616195e-05
3.1,4.4,0.0015879538,-5.507395e-05,-7.900709e-06
4.5,3.0,0.0019703798,-0.000107661996,-1.453583e-05
3.0,4.5,0.0014164274,-4.419312e-05,-6.9679822e-06
4.6,2.9,0.0018885247,-0.00010827248,-1.2936785e-05
2.9,4.6,0.0012022973,-3.2480944e-05,-6.1006363e-06
4.7,2.8,0.0017787764,-0.00010714463,-1.0661269e-05
2.8,4.7,0.0009473652,-2.0937117e-05,-5.268926e-06
4.8,2.7,0.001643687,-0.000104201354,-7.873585e-06
2.7,4.8,0.00065721327,-1.1012139e-05,-4.4993308e-06
4.9,2.6,0.0014904351,-9.913555e-05,-3.5504463e-06
2.6,4.9,0.00033936143,-3.831738e-06,-3.5222267e-06
5.0,2.5,0.0013227477,-9.214263e-05,0.0
2.5,5.0,0.0,0.0,-1.9695842e-06
3.8,3.8,0.0019946327,-8.8978435e-05,-1.3312459e-05
3.7,3.9,0.0019666154,-8.612557e-05,-1.2598162e-05
3.9,3.7,0.0020174542,-9.145514e-05,-1.3925864e-05
3.6,4.0,0.0019299645,-8.257526e-05,-1.1810176e-05
4.0,3.6,0.002036768,-9.381598e-05,-1.4403102e-05
3.5,4.1,0.0018795397,-7.795325e-05,-1.09789235e-05
4.1,3.5,0.0020525136,-9.622444e-05,-1.4715917e-05
3.4,4.2,0.0018087726,-7.1900875e-05,-1.01326195e-05
4.2,3.4,0.002062864,-9.878007e-05,-1.48109775e-05
3.3,4.3,0.0017103328,-6.4153544e-05,-9.296477e-06
4.3,3.3,0.0020642227,-0.00010145049,-1.4641847e-05
3.2,4.4,0.0015772613,-5.467448e-05,-8.498589e-06
4.4,3.2,0.0020527143,-0.000104088045,-1.413285e-05
4.5,3.1,0.0020230748,-0.00010642593,-1.320411e-05
3.1,4.5,0.0014044321,-4.3736534e-05,-7.745904e-06
4.6,3.0,0.0019696057,-0.000108130625,-1.1744588e-05
3.0,4.6,0.0011899619,-3.2046057e-05,-7.060176e-06
4.7,2.9,0.0018890795,-0.00010865044,-9.758812e-06
2.9,4.7,0.0009359864,-2.0596568e-05,-6.4126734e-06
4.8,2.8,0.001780911,-0.00010751117,-7.2550756e-06
2.8,4.8,0.0006482421,-1.0803941e-05,-5.8287333e-06
4.9,2.7,0.0016485787,-0.00010436298,-3.4414547e-06
2.7,4.9,0.00033421835,-3.7509124e-06,-5.0444814e-06
5.0,2.6,0.001495173,-9.916599e-05,0.0
2.6,5.0,0.0,0.0,-3.699478e-06
3.8,3.9,0.001963776,-8.645806e-05,-1.2144588e-05
3.9,3.8,0.001992439,-8.9420515e-05,-1.2661031e-05
3.7,4.0,0.001926092,-8.2769e-05,-1.1545568e-05
4.0,3.7,0.0020155825,-9.1976595e-05,-1.3064294e-05
3.6,4.1,0.0018742296,-7.798559e-05,-1.0896463e-05
4.1,3.6,0.0020349724,-9.4387506e-05,-1.3317023e-05
3.5,4.2,0.001801687,-7.176429e-05,-1.0228529e-05
4.2,3.5,0.0020506352,-9.681918e-05,-1.3385571e-05
3.4,4.3,0.001701317,-6.386089e-05,-9.56676e-06
4.3,3.4,0.0020608315,-9.9370736e-05,-1.3217551e-05
3.3,4.4,0.0015664713,-5.426806e-05,-8.941862e-06
4.4,3.3,0.002062101,-0.00010201091,-1.2757114e-05
3.2,4.5,0.0013924236,-4.3280994e-05,-8.362066e-06
4.5,3.2,0.0020506755,-0.00010459016,-1.1934989e-05
4.6,3.1,0.0020214373,-0.00010684723,-1.0660962e-05
3.1,4.6,0.0011776981,-3.1617885e-05,-7.849791e-06
4.7,3.0,0.0019687538,-0.00010844807,-8.86136e-06
3.0,4.7,0.0009247399,-2.0264422e-05,-7.3776664e-06
4.8,2.9,0.0018895093,-0.00010893035,-6.5357185e-06
2.9,4.8,0.0006394181,-1.0602352e-05,-6.9701173e-06
4.9,2.8,0.0017834192,-0.00010754719,-3.3704969e-06
2.8,4.9,0.00032917922,-3.6730858e-06,-6.3688485e-06
5.0,2.7,0.0016517708,-0.000104271836,0.0
2.7,5.0,0.0,0.0,-5.2208206e-06
3.9,3.9,0.0019607723,-8.674932e-05,-1.1561371e-05
3.8,4.0,0.0019220326,-8.292624e-05,-1.1149136e-05
4.0,3.8,0.0019901078,-8.9816516e-05,-1.1881165e-05
3.7,4.1,0.0018687212,-7.798699e-05,-1.0679694e-05
4.1,3.7,0.0020135974,-9.244621e-05,-1.2076288e-05
3.6,4.2,0.0017944119,-7.160304e-05,-1.0186193e-05
4.2,3.6,0.0020330867,-9.49001e-05,-1.21048315e-05
3.5,4.3,0.0016921485,-6.355169e-05,-9.695141e-06
4.3,3.5,0.0020486824,-9.734575e-05,-1.1933942e-05
3.4,4.4,0.0015555923,-5.3854077e-05,-9.237056e-06
4.4,3.4,0.0020587465,-9.988356e-05,-1.1499985e-05
3.3,4.5,0.0013804088,-4.2826377e-05,-8.823863e-06
4.5,3.3,0.0020599356,-0.000102477214,-1.0760607e-05
3.2,4.6,0.0011655096,-3.1196425e-05,-8.477207e-06
4.6,3.2,0.0020486221,-0.00010498428,-9.625843e-06
4.7,3.1,0.002019727,-0.000107137304,-8.066731e-06
3.1,4.7,0.0009136254,-1.9940193e-05,-8.172293e-06
4.8,3.0,0.001967928,-0.00010865253,-5.8561345e-06
3.0,4.8,0.00063073763,-1.0407047e-05,-7.932551e-06
4.9,2.9,0.0018900029,-0.0001089,-3.211525e-06
2.9,4.9,0.0003242405,-3.5980804e-06,-7.5051316e-06
5.0,2.8,0.0017850631,-0.00010738759,0.0
2.8,5.0,0.0,0.0,-6.544167e-06
3.9,4.0,0.0019177897,-8.3045394e-05,-1.062705e-05
4.0,3.9,0.0019576075,-8.699726e-05,-1.0854746e-05
3.8,4.1,0.0018630199,-7.7956334e-05,-1.0334117e-05
4.1,3.8,0.001987641,-9.016366e-05,-1.0981227e-05
3.7,4.2,0.0017869546,-7.141642e-05,-1.0010942e-05
4.2,3.7,0.002011504,-9.28608e-05,-1.09694965e-05
3.6,4.3,0.0016828361,-6.322661e-05,-9.686917e-06
4.3,3.6,0.002031112,-9.534969e-05,-1.078042e-05
3.5,4.4,0.0015446335,-5.343221e-05,-9.3903955e-06
4.4,3.5,0.0020466682,-9.780031e-05,-1.0367411e-05
3.4,4.5,0.0013683952,-4.2372623e-05,-9.13838e-06
4.5,3.4,0.0020566033,-0.000100310805,-9.685933e-06
3.3,4.6,0.0011533997,-3.0780768e-05,-8.950217e-06
4.6,3.3,0.0020577537,-0.00010284938,-8.662309e-06
3.2,4.7,0.000902642,-1.962353e-05,-8.804262e-06
4.7,3.2,0.0020465185,-0.00010526727,-7.2798207e-06
4.8,3.1,0.0020181248,-0.00010729725,-5.336738e-06
3.1,4.8,0.0006221975,-1.0217586e-05,-8.724573e-06
4.9,3.0,0.0019669351,-0.00010859887,-3.0397227e-06
3.0,4.9,0.0003193988,-3.5257174e-06,-8.46248e-06
5.0,2.9,0.0018903397,-0.000108722415,0.0
2.9,5.0,0.0,0.0,-7.679362e-06
4.0,4.0,0.0019133681,-8.3125014e-05,-9.985548e-06
3.9,4.1,0.0018571309,-7.7892655e-05,-9.865883e-06
4.1,3.9,0.0019542838,-8.719965e-05,-1.0033209e-05
3.8,4.2,0.0017793226,-7.120467e-05,-9.708789e-06
4.2,3.8,0.0019850438,-9.045955e-05,-9.968292e-06
3.7,4.3,0.0016733876,-6.288563e-05,-9.546825e-06
4.3,3.7,0.0020093024,-9.3216986e-05,-9.757839e-06
3.6,4.4,0.0015336039,-5.3003034e-05,-9.408032e-06
4.4,3.6,0.0020290616,-9.573324e-05,-9.348185e-06
3.5,4.5,0.001356389,-4.1919746e-05,-9.31153e-06
4.5,3.5,0.0020445809,-9.817764e-05,-8.716129e-06
3.4,4.6,0.0011413718,-3.0370373e-05,-9.2761275e-06
4.6,3.4,0.002054444,-0.000100655096,-7.767339e-06
3.3,4.7,0.0008917882,-1.9314499e-05,-9.28146e-06
4.7,3.3,0.002055518,-0.00010311788,-6.538787e-06
3.2,4.8,0.00061379425,-1.0034113e-05,-9.353783e-06
4.8,3.2,0.0020445338,-0.00010542529,-4.8555344e-06
4.9,3.1,0.0020162028,-0.00010724425,-2.9268215e-06
3.1,4.9,0.00031465088,-3.4559225e-06,-9.249512e-06
5.0,3.0,0.0019663095,-0.00010845103,0.0
3.0,5.0,0.0,0.0,-8.635576e-06
4.0,4.1,0.0018510611,-7.77949e-05,-9.28143e-06
4.1,4.0,0.0019087715,-8.3163446e-05,-9.23326e-06
3.9,4.2,0.0017715236,-7.096719e-05,-9.286842e-06
4.2,3.9,0.0019508079,-8.735477e-05,-9.103065e-06
3.8,4.3,0.0016638122,-6.252766e-05,-9.281357e-06
4.3,3.8,0.0019823154,-9.070134e-05,-8.856476e-06
3.7,4.4,0.0015225114,-5.2566458e-05,-9.29629e-06
4.4,3.7,0.0020070064,-9.351263e-05,-8.444142e-06
3.6,4.5,0.0013443956,-4.146619e-05,-9.349309e-06
4.5,3.6,0.0020269211,-9.6046584e-05,-7.83966e-06
3.5,4.6,0.0011294283,-2.996431e-05,-9.461037e-06
4.6,3.5,0.0020424696,-9.84781e-05,-6.958021e-06
3.4,4.7,0.0008810651,-1.901312e-05,-9.612062e-06
4.7,3.4,0.0020521907,-0.00010090316,-5.844776e-06
3.3,4.8,0.00060552236,-9.857575e-06,-9.827878e-06
4.8,3.3,0.0020534021,-0.000103298764,-4.354514e-06
3.2,4.9,0.0003099938,-3.3888111e-06,-9.873843e-06
4.9,3.2,0.0020422456,-0.00010540158,-2.794106e-06
5.0,3.1,0.002014985,-0.000107140375,0.0
3.1,5.0,0.0,0.0,-9.421435e-06
4.1,4.1,0.0018448163,-7.7661854e-05,-8.589263e-06
4.0,4.2,0.0017635667,-7.0702816e-05,-8.751378e-06
4.2,4.0,0.0019040081,-8.315956e-05,-8.3754485e-06
3.9,4.3,0.0016541191,-6.215173e-05,-8.898231e-06
4.3,3.9,0.0019471785,-8.746045e-05,-8.078703e-06
3.8,4.4,0.001511364,-5.2121202e-05,-9.061051e-06
4.4,3.8,0.0019794719,-9.088808e-05,-7.646326e-06
3.7,4.5,0.0013324218,-4.101049e-05,-9.258137e-06
4.5,3.7,0.0020045994,-9.374355e-05,-7.0618e-06
3.6,4.6,0.001117572,-2.9561323e-05,-9.5112355e-06
4.6,3.6,0.0020247425,-9.6289026e-05,-6.225869e-06
3.5,4.7,0.0008704729,-1.8718163e-05,-9.8039545e-06
4.7,3.5,0.002040233,-9.869552e-05,-5.2117894e-06
3.4,4.8,0.0005973814,-9.686378e-06,-1.0154617e-05
4.8,3.4,0.0020500827,-0.00010107829,-3.8063597e-06
3.3,4.9,0.0003054232,-3.324049e-06,-1.0343572e-05
4.9,3.3,0.002050956,-0.00010334188,-2.5779348e-06
3.2,5.0,0.0,0.0,-1.0044513e-05
5.0,3.2,0.00204086,-0.00010533418,0.0
4.1,4.2,0.0017554585,-7.0410984e-05,-8.110012e-06
4.2,4.1,0.0018384065,-7.749306e-05,-7.793499e-06
4.0,4.3,0.0016443179,-6.175747e-05,-8.402957e-06
4.3,4.0,0.0018990765,-8.3111925e-05,-7.4268282e-06
3.9,4.4,0.0015001696,-5.1666786e-05,-8.708472e-06
4.4,3.9,0.0019434151,-8.7516855e-05,-6.9576904e-06
3.8,4.5,0.001320473,-4.0553245e-05,-9.043575e-06
4.5,3.8,0.0019764919,-9.101536e-05,-6.374971e-06
3.7,4.6,0.0011058048,-2.9162382e-05,-9.432715e-06
4.6,3.7,0.0020021384,-9.391085e-05,-5.5767655e-06
3.6,4.7,0.00086000754,-1.8426363e-05,-9.861893e-06
4.7,3.6,0.002022414,-9.6453674e-05,-4.6332007e-06
3.5,4.8,0.0005893707,-9.50913e-06,-1.0341583e-05
4.8,3.5,0.0020381499,-9.883392e-05,-3.3376523e-06
3.4,4.9,0.00030093966,-3.2619305e-06,-1.0666726e-05
4.9,3.4,0.0020475676,-0.00010113895,-2.2748525e-06
3.3,5.0,0.0,0.0,-1.0513598e-05
5.0,3.3,0.0020494766,-0.000103308936,0.0
4.2,4.2,0.0017472116,-7.0091526e-05,-7.3661904e-06
4.1,4.3,0.0016344157,-6.134477e-05,-7.802682e-06
4.3,4.1,0.0018318312,-7.728765e-05,-6.9092143e-06
4.0,4.4,0.0014889374,-5.1203093e-05,-8.244113e-06
4.4,4.0,0.0018940009,-8.302143e-05,-6.38159e-06
3.9,4.5,0.0013085551,-4.0094674e-05,-8.711964e-06
4.5,3.9,0.0019394896,-8.7519715e-05,-5.7824604e-06
3.8,4.6,0.0010941289,-2.8767583e-05,-9.230779e-06
4.6,3.8,0.001973445,-9.108797e-05,-4.9994856e-06
3.7,4.7,0.00084966654,-1.8136274e-05,-9.788006e-06
4.7,3.7,0.0019995028,-9.4001036e-05,-4.1266508e-06
3.6,4.8,0.0005814903,-9.33049e-06,-1.0396271e-05
4.8,3.6,0.0020202254,-9.655253e-05,-2.9072446e-06
3.5,4.9,0.00029652778,-3.2108778e-06,-1.0853666e-05
4.9,3.5,0.0020356602,-9.8848344e-05,-2.0303157e-06
3.4,5.0,0.0,0.0,-1.0838512e-05
5.0,3.4,0.0020459762,-0.00010111881,0.0
4.2,4.3,0.0016244259,-6.091344e-05,-7.1007707e-06
4.3,4.2,0.0017388252,-6.974411e-05,-6.535103e-06
4.1,4.4,0.0014776739,-5.0729705e-05,-7.675461e-06
4.4,4.1,0.0018251187,-7.7046745e-05,-5.9274325e-06
4.0,4.5,0.0012966752,-3.9633975e-05,-8.269405e-06
4.5,4.0,0.0018887455,-8.288465e-05,-5.2876826e-06
3.9,4.6,0.0010825476,-2.8375796e-05,-8.912237e-06
4.6,3.9,0.0019354908,-8.747722e-05,-4.4963863e-06
3.8,4.7,0.0008394528,-1.7850318e-05,-9.589019e-06
4.7,3.8,0.001970187,-9.108509e-05,-3.6828148e-06
3.7,4.8,0.00057373306,-9.170201e-06,-1.0322376e-05
4.8,3.7,0.0019970043,-9.4044626e-05,-2.5229417e-06
3.6,4.9,0.00029221197,-3.1549678e-06,-1.0907055e-05
4.9,3.6,0.0020176158,-9.651392e-05,-1.8145633e-06
3.5,5.0,0.0,0.0,-1.1034626e-05
5.0,3.5,0.0020340595,-9.880962e-05,0.0
4.3,4.3,0.0016143477,-6.0463586e-05,-6.3119123e-06
4.2,4.4,0.0014663916,-5.0246348e-05,-7.005535e-06
4.4,4.2,0.0017303317,-6.9369635e-05,-5.6054887e-06
4.1,4.5,0.001284837,-3.9170704e-05,-7.722986e-06
4.5,4.1,0.0018182261,-7.676847e-05,-4.9003393e-06
4.0,4.6,0.0010710651,-2.7985943e-05,-8.48323e-06
4.6,4.0,0.001883421,-8.271125e-05,-4.0718655e-06
3.9,4.7,0.00082936784,-1.7570155e-05,-9.274718e-06
4.7,3.9,0.0019312344,-8.7363944e-05,-3.2994383e-06
3.8,4.8,0.000566093,-9.020765e-06,-1.0123545e-05
4.8,3.8,0.0019671014,-9.105741e-05,-2.1706242e-06
3.7,4.9,0.00028797894,-3.0818294e-06,-1.0822927e-05
4.9,3.7,0.0019940073,-9.392743e-05,-1.6609666e-06
3.6,5.0,0.0,0.0,-1.10946885e-05
5.0,3.6,0.002015945,-9.643695e-05,0.0
4.3,4.4,0.001455088,-4.9753406e-05,-6.248172e-06
4.4,4.3,0.0016042149,-5.9995793e-05,-5.4237244e-06
4.2,4.5,0.0012730508,-3.8704417e-05,-7.075446e-06
4.5,4.2,0.0017216827,-6.896777e-05,-4.631483e-06
4.1,4.6,0.001059682,-2.7597198e-05,-7.950141e-06
4.6,4.1,0.0018112848,-7.646042e-05,-3.7399882e-06
4.0,4.7,0.00081941154,-1.7294366e-05,-8.851539e-06
4.7,4.0,0.0018777939,-8.247533e-05,-2.976604e-06
3.9,4.8,0.0005585727,-8.86813e-06,-9.807709e-06
4.8,3.9,0.0019272172,-8.724789e-05,-1.8462903e-06
3.8,4.9,0.00028380906,-3.0178333e-06,-1.0613825e-05
4.9,3.8,0.0019633612,-9.083504e-05,-1.563726e-06
3.7,5.0,0.0,0.0,-1.1000688e-05
5.0,3.7,0.0019920939,-9.378781e-05,0.0
4.4,4.4,0.0014437969,-4.9250917e-05,-5.391001e-06
4.3,4.5,0.0012613112,-3.823579e-05,-6.3394173e-06
4.5,4.3,0.0015939752,-5.95106e-05,-4.4904223e-06
4.2,4.6,0.0010484046,-2.720905e-05,-7.315849e-06
4.6,4.2,0.0017130243,-6.854236e-05,-3.5175517e-06
4.1,4.7,0.00080958154,-1.7021286e-05,-8.324578e-06
4.7,4.1,0.0018040144,-7.610268e-05,-2.724251e-06
4.0,4.8,0.0005511719,-8.713549e-06,-9.382422e-06
4.8,4.0,0.0018725039,-8.225713e-05,-1.5514017e-06
3.9,4.9,0.00027972335,-2.9650312e-06,-1.0293255e-05
4.9,3.9,0.001922333,-8.689706e-05,-1.5247202e-06
3.8,5.0,0.0,0.0,-1.0779051e-05
5.0,3.8,0.0019609607,-9.061229e-05,0.0
4.4,4.5,0.0012496497,-3.7763835e-05,-5.5037176e-06
4.5,4.4,0.0014324613,-4.8740665e-05,-4.4868707e-06
4.3,4.6,0.001037226,-2.6822892e-05,-6.591438e-06
4.6,4.3,0.0015837842,-5.900971e-05,-3.4149675e-06
4.2,4.7,0.0007998807,-1.6749982e-05,-7.696181e-06
4.7,4.2,0.0017040482,-6.808347e-05,-2.5589477e-06
4.1,4.8,0.0005438891,-8.560546e-06,-8.853321e-06
4.8,4.1,0.0017971921,-7.57759e-05,-1.3011545e-06
4.0,4.9,0.00027570888,-2.9102769e-06,-9.863962e-06
4.9,4.0,0.0018660947,-8.177251e-05,-1.5353064e-06
3.9,5.0,0.0,0.0,-1.0454538e-05
5.0,3.9,0.0019191916,-8.6577995e-05,0.0
4.5,4.5,0.0012380066,-3.729296e-05,-4.616853e-06
4.4,4.6,0.0010261722,-2.643687e-05,-5.7683596e-06
4.6,4.4,0.0014212441,-4.822179e-05,-3.4403092e-06
4.3,4.7,0.0007903012,-1.6482174e-05,-6.9755843e-06
4.7,4.3,0.0015733155,-5.849099e-05,-2.4959793e-06
4.2,4.8,0.00053672463,-8.409748e-06,-8.223108e-06
4.8,4.2,0.0016956088,-6.7646884e-05,-1.1235212e-06
4.1,4.9,0.00027176752,-2.8552954e-06,-9.329879e-06
4.9,4.1,0.001788996,-7.517788e-05,-1.5829711e-06
4.0,5.0,0.0,0.0,-1.002427e-05
5.0,4.0,0.0018619827,-8.1362195e-05,0.0
4.5,4.6,0.0010151867,-2.6058484e-05,-4.8869133e-06
4.6,4.5,0.0012265447,-3.681691e-05,-3.5916796e-06
4.4,4.7,0.000780863,-1.6215308e-05,-6.1579076e-06
4.7,4.4,0.0014097943,-4.770245e-05,-2.5457653e-06
4.3,4.8,0.0005296704,-8.262277e-06,-7.4991544e-06
4.8,4.3,0.0015634671,-5.7973197e-05,-1.0704968e-06
4.2,4.9,0.00026789992,-2.8011727e-06,-8.6947975e-06
4.9,4.2,0.0016855951,-6.6976834e-05,-1.6429059e-06
4.1,5.0,0.0,0.0,-9.488864e-06
5.0,4.1,0.0017837812,-7.470753e-05,0.0
4.6,4.6,0.0010044164,-2.5676482e-05,-3.876311e-06
4.5,4.7,0.00077151705,-1.5958844e-05,-5.2731602e-06
4.7,4.5,0.0012149066,-3.636327e-05,-2.7006545e-06
4.4,4.8,0.0005227402,-8.115263e-06,-6.6801517e-06
4.8,4.4,0.0013990796,-4.7151276e-05,-1.1812871e-06
4.3,4.9,0.0002641002,-2.7488047e-06,-7.965304e-06
4.9,4.3,0.0015519387,-5.730767e-05,-1.7172417e-06
4.2,5.0,0.0,0.0,-8.852256e-06
5.0,4.2,0.0016793167,-6.6501736e-05,0.0
4.6,4.7,0.0007623808,-1.5698593e-05,-4.270386e-06
4.7,4.6,0.0009935349,-2.5340756e-05,-2.9610742e-06
4.5,4.8,0.00051589607,-7.97741e-06,-5.7863526e-06
4.8,4.5,0.0012040836,-3.5850462e-05,-1.4201935e-06
4.4,4.9,0.00026037675,-2.6959724e-06,-7.1425306e-06
4.9,4.4,0.0013866827,-4.6587764e-05,-1.8118905e-06
4.3,5.0,0.0,0.0,-8.121039e-06
5.0,4.3,0.0015448097,-5.689517e-05,0.0
4.7,4.7,0.0007531839,-1.5500314e-05,-3.3094948e-06
4.6,4.8,0.0005092196,-7.834868e-06,-4.7875646e-06
4.8,4.6,0.0009834422,-2.4953351e-05,-1.7507286e-06
4.5,4.9,0.00025670507,-2.6486578e-06,-6.240051e-06
4.9,4.5,0.0011916972,-3.550908e-05,-1.8720491e-06
4.4,5.0,0.0,0.0,-7.2971475e-06
5.0,4.4,0.0013790631,-4.6318462e-05,0.0
4.8,4.7,0.00074464,-1.528255e-05,-2.139246e-06
4.7,4.8,0.0005025077,-7.753932e-06,-3.782669e-06
4.6,4.9,0.00025313365,-2.5958414e-06,-5.243081e-06
4.9,4.6,0.0009720332,-2.4941031e-05,-1.8850144e-06
4.5,5.0,0.0,0.0,-6.391928e-06
5.0,4.5,0.0011841141,-3.5469384e-05,0.0
4.8,4.8,0.00049621385,-7.698656e-06,-2.6329078e-06
4.9,4.7,0.00073510647,-1.5624393e-05,-1.8759931e-06
4.7,4.9,0.000249534,-2.580406e-06,-4.2115894e-06
4.6,5.0,0.0,0.0,-5.395363e-06
5.0,4.6,0.0009651055,-2.5177933e-05,0.0
4.9,4.8,0.0004892119,-8.271558e-06,-1.9504412e-06
4.8,4.9,0.0002461086,-2.5870881e-06,-3.0781316e-06
5.0,4.7,0.00072938553,-1.6123919e-05,0.0
4.7,5.0,0.0,0.0,-4.35518e-06
4.9,4.9,0.00024212104,-3.0621266e-06,-2.0809864e-06
5.0,4.8,0.000485052,-8.898104e-06,0.0
4.8,5.0,0.0,0.0,-3.2287182e-06
4.9,5.0,0.0,0.0,-2.1259705e-06
5.0,4.9,0.00023969762,-3.5480343e-06,0.0
-4.9,5.0,0.0,0.0,0.0017899302
-4.9,4.9,0.00092714425,-9.714955e-05,0.0017129029
-5.0,4.9,0.001,0.0,0.0018010461
-4.8,4.9,0.0008921663,-0.00010657553,0.0015643039
-4.8,5.0,0.0,0.0,0.0015907445
-4.9,4.8,0.0010402048,-0.000112161484,0.0015951156
-5.0,4.8,0.001,0.0,0.0016335626
-4.8,4.8,0.0010718628,-0.00013715886,0.0015188353
-4.7,4.9,0.0008150888,-9.3051705e-05,0.0014655152
-4.7,5.0,0.0,0.0,0.0014737131
-4.9,4.7,0.0010310723,-7.09876e-05,0.0015254434
-5.0,4.7,0.001,0.0,0.0015447333
-4.7,4.8,0.0010761267,-0.00013931085,0.0014522623
-4.8,4.7,0.0010679461,-0.00010262585,0.0014834277
-4.6,4.9,0.00074274815,-7.454349e-05,0.001395411
-4.6,5.0,0.0,0.0,0.001397057
-4.9,4.6,0.0010179463,-4.503465e-05,0.0014788319
-5.0,4.6,0.001,0.0,0.0014894326
-4.7,4.7,0.0011011423,-0.00011862842,0.0014403451
-4.6,4.8,0.00106355,-0.00012784179,0.0013975367
-4.8,4.6,0.0010436587,-6.994368e-05,0.0014550344
-4.5,4.9,0.00068108,-5.660825e-05,0.0013402727
-4.5,5.0,0.0,0.0,0.0013387537
-4.9,4.5,0.0010107622,-2.8062186e-05,0.0014492146
-5.0,4.5,0.001,0.0,0.0014557216
-4.6,4.7,0.001125738,-0.00012094947,0.0013994178
-4.7,4.6,0.0010742203,-8.797067e-05,0.0014270024
-4.5,4.8,0.0010387391,-0.000109339264,0.001349768
-4.8,4.5,0.0010272098,-4.5672612e-05,0.0014341457
-4.4,4.9,0.0006288489,-4.1736977e-05,0.0012998432
-4.4,5.0,0.0,0.0,0.0012974336
-4.9,4.4,0.0010070561,-1.7669407e-05,0.0014298729
-5.0,4.4,0.001,0.0,0.0014341896
-4.6,4.6,0.0011048943,-9.6920885e-05,0.0013959261
-4.5,4.7,0.0011393338,-0.00011402671,0.0013596828
-4.7,4.5,0.0010493128,-6.008934e-05,0.0014148506
-4.4,4.8,0.0010067866,-8.91326e-05,0.0013109858
-4.8,4.4,0.0010181873,-2.9184615e-05,0.0014195371
-4.3,4.9,0.00058681733,-3.0252852e-05,0.0012692999
-4.3,5.0,0.0,0.0,0.0012669807
-4.9,4.3,0.0010050432,-1.0386239e-05,0.0014179854
-5.0,4.3,0.001,0.0,0.0014210907
-4.6,4.5,0.0010750934,-6.865087e-05,0.0013917339
-4.5,4.6,0.0011319761,-9.711326e-05,0.0013638567
-4.4,4.7,0.0011431029,-0.000101585036,0.0013244299
-4.7,4.4,0.0010340385,-3.9000424e-05,0.0014054251
-4.3,4.8,0.00097361964,-7.0118425e-05,0.0012799627
-4.8,4.3,0.0010131812,-1.7187735e-05,0.0014103525
-4.2,4.9,0.00055439916,-2.154725e-05,0.0012442985
-4.2,5.0,0.0,0.0,0.0012423391
-4.9,4.2,0.0010038748,-5.065407e-06,0.0014114121
-5.0,4.2,0.001,0.0,0.001413799
-4.5,4.5,0.0011017991,-7.1240494e-05,0.0013663479
-4.6,4.4,0.0010537776,-4.519163e-05,0.0013875522
-4.4,4.6,0.0011537889,-9.1064954e-05,0.0013335485
-4.3,4.7,0.0011405101,-8.664197e-05,0.0012943775
-4.7,4.3,0.0010251248,-2.2876138e-05,0.0013994871
-4.2,4.8,0.00094302587,-5.3559408e-05,0.0012534134
-4.8,4.2,0.0010102129,-8.134549e-06,0.0014054318
-4.1,4.9,0.00053009356,-1.5150524e-05,0.0012222317
-4.1,5.0,0.0,0.0,0.0012206549
-4.9,4.1,0.0010031488,-8.439792e-07,0.001409049
-5.0,4.1,0.001,0.0,0.0014109848
-4.5,4.4,0.0010757758,-4.7352074e-05,0.0013670893
-4.4,4.5,0.0011271486,-6.899396e-05,0.0013405422
-4.6,4.3,0.001040522,-2.6145462e-05,0.0013852239
-4.3,4.6,0.0011706776,-8.150169e-05,0.0013057312
-4.2,4.7,0.0011339104,-7.128521e-05,0.0012669428
-4.7,4.2,0.0010197245,-1.0318318e-05,0.0013966699
-4.1,4.8,0.00091652846,-3.9999268e-05,0.0012294643
-4.8,4.1,0.0010083475,-8.458634e-07,0.001404126
-4.0,4.9,0.0005122861,-1.0495241e-05,0.0012015315
-4.0,5.0,0.0,0.0,0.0012002656
-4.9,4.0,0.0010026698,2.656137e-06,0.0014101096
-5.0,4.0,0.001,0.0,0.0014117545
-4.4,4.4,0.001098527,-4.5837765e-05,0.0013453132
-4.5,4.3,0.001058388,-2.6647258e-05,0.0013682976
-4.3,4.5,0.001150071,-6.3340485e-05,0.0013152312
-4.6,4.2,0.0010322675,-1.0820324e-05,0.001384864
-4.2,4.6,0.0011830279,-7.0010356e-05,0.0012792215
-4.1,4.7,0.001124751,-5.6946014e-05,0.0012411773
-4.7,4.1,0.0010162765,-3.139896e-10,0.0013967688
-4.0,4.8,0.0008946112,-2.9178298e-05,0.0012072558
-4.8,4.0,0.0010071236,5.2677374e-06,0.0014058899
-3.9,4.9,0.0004996006,-7.0317637e-06,0.0011812794
-3.9,5.0,0.0,0.0,0.0011802396
-4.9,3.9,0.0010023424,5.671738e-06,0.0014141029
-5.0,3.9,0.001,0.0,0.0014155501
-4.4,4.3,0.0010777757,-2.4512154e-05,0.0013495466
-4.3,4.4,0.0011211144,-4.1408064e-05,0.0013228907
-4.5,4.2,0.0010472056,-9.353204e-06,0.001370463
-4.2,4.5,0.0011704157,-5.5173594e-05,0.0012903692
-4.6,4.1,0.0010269055,2.0849277e-06,0.0013866764
-4.1,4.6,0.0011915031,-5.77784e-05,0.0012537013
-4.0,4.7,0.0011151118,-4.4001594e-05,0.0012174112
-4.7,4.0,0.0010139806,8.780563e-06,0.0013995025
-3.9,4.8,0.000877378,-2.0526139e-05,0.0011858909
-4.8,3.9,0.0010062825,1.0598748e-05,0.0014103693
-3.8,4.9,0.00049097306,-4.3634695e-06,0.0011609411
-3.8,5.0,0.0,0.0,0.0011600695
-4.9,3.8,0.0010021147,8.361892e-06,0.0014206852
-5.0,3.8,0.001,0.0,0.0014219916
-4.3,4.3,0.0010980039,-2.0101836e-05,0.0013295015
-4.4,4.2,0.0010639012,-5.9167337e-06,0.0013540401
-4.2,4.4,0.0011430539,-3.4763085e-05,0.0013000192
-4.5,4.1,0.0010398205,5.608267e-06,0.0013741051
-4.1,4.5,0.0011884986,-4.52991e-05,0.0012659507
-4.6,4.0,0.0010232902,1.32533405e-05,0.0013906189
-4.0,4.6,0.0011976577,-4.5560617e-05,0.0012295013
-3.9,4.7,0.0011064755,-3.248881e-05,0.0011947745
-4.7,3.9,0.0010123942,1.6525299e-05,0.0014046661
-3.8,4.8,0.0008645914,-1.3513896e-05,0.001164699
-4.8,3.8,0.0010056848,1.5373831e-05,0.0014173
-3.7,4.9,0.00048560143,-2.212276e-06,0.0011401924
-3.7,5.0,0.0,0.0,0.0011394395
-4.9,3.7,0.0010019495,1.0821261e-05,0.0014296084
-5.0,3.7,0.001,0.0,0.0014308117
-4.3,4.2,0.0010818641,-6.878562e-07,0.0013359885
-4.2,4.3,0.0011186007,-1.3816603e-05,0.0013084853
-4.4,4.1,0.0010545761,1.0607315e-05,0.0013594384
-4.1,4.4,0.0011640772,-2.6512933e-05,0.0012768569
-4.5,4.0,0.0010347822,1.8808618e-05,0.0013793734
-4.0,4.5,0.0012046255,-3.462358e-05,0.0012419005
-4.6,3.9,0.0010207724,2.3235818e-05,0.0013966528
-3.9,4.6,0.0012026888,-3.37935e-05,0.001206124
-3.8,4.7,0.0010997028,-2.2318234e-05,0.001172462
-4.7,3.8,0.0010112642,2.351686e-05,0.0014120882
-3.7,4.8,0.0008558445,-7.743832e-06,0.0011432949
-4.8,3.7,0.0010052497,1.9760875e-05,0.0014264805
-3.6,4.9,0.00048287728,-4.475697e-07,0.0011188202
-3.6,5.0,0.0,0.0,0.0011181707
-4.9,3.6,0.001001824,1.3098818e-05,0.0014406941
-5.0,3.6,0.001,0.0,0.0014418197
-4.2,4.2,0.0011007193,6.060557e-06,0.0013165852
-4.3,4.1,0.0010708094,1.6998893e-05,0.0013429538
-4.1,4.3,0.0011392419,-6.0727275e-06,0.0012866949
-4.4,4.0,0.0010481351,2.5493959e-05,0.0013660277
-4.0,4.4,0.0011840557,-1.7206055e-05,0.0012534969
-4.5,3.9,0.0010312399,3.0783463e-05,0.0013863854
-3.9,4.5,0.0012193022,-2.3785084e-05,0.0012181267
-4.6,3.8,0.0010189719,3.2345306e-05,0.001404707
-3.8,4.6,0.0012074858,-2.268811e-05,0.0011830581
-3.7,4.7,0.0010952246,-1.3375219e-05,0.0011500079
-4.7,3.7,0.0010104327,2.9973997e-05,0.0014216357
-3.6,4.8,0.00085070817,-2.9582363e-06,0.001121397
-4.8,3.6,0.001004919,2.3844856e-05,0.0014377608
-3.5,4.9,0.00048233397,9.833362e-07,0.0010966968
-3.5,5.0,0.0,0.0,0.0010961698
-4.9,3.5,0.0010017238,1.5242246e-05,0.0014538091
-5.0,3.5,0.001,0.0,0.0014548728
-4.2,4.1,0.0010882223,2.4618896e-05,0.0013248677
-4.1,4.2,0.0011201926,1.4022209e-05,0.0012960155
-4.3,4.0,0.0010630842,3.3275614e-05,0.0013507688
-4.0,4.3,0.0011597462,2.6983867e-06,0.0012642309
-4.4,3.9,0.0010435685,3.9213584e-05,0.0013740357
-3.9,4.4,0.0012030816,-7.363709e-06,0.0012299159
-4.5,3.8,0.001028688,4.184431e-05,0.001395167
-3.8,4.5,0.0012331143,-1.3183044e-05,0.0011944729
-4.6,3.7,0.0010176391,4.0818322e-05,0.0014147301
-3.7,4.6,0.0012125565,-1.2403303e-05,0.0011597597
-3.6,4.7,0.0010931898,-5.5738274e-06,0.0011271056
-4.7,3.6,0.0010097993,3.602369e-05,0.0014331981
-3.5,4.8,0.00084873405,1.0228954e-06,0.0010988014
-4.8,3.5,0.0010046553,2.7699214e-05,0.0014510311
-3.4,4.9,0.00048359044,2.1430055e-06,0.0010737417
-3.4,5.0,0.0,0.0,0.0010733313
-4.9,3.4,0.0010016391,1.7274435e-05,0.0014688433
-5.0,3.4,0.001,0.0,0.001469855
-4.1,4.1,0.0011065891,3.3257173e-05,0.0013053383
-4.2,4.0,0.0010794017,4.20524e-05,0.0013337462
-4.0,4.2,0.0011401068,2.2885932e-05,0.0012743851
-4.3,3.9,0.0010575678,4.851747e-05,0.0013597205
-3.9,4.3,0.0011800618,1.209904e-05,0.0012411041
-4.4,3.8,0.0010402534,5.204845e-05,0.0013835747
-3.8,4.4,0.0012214418,2.5690335e-06,0.0012060087
-4.5,3.7,0.0010267916,5.2227417e-05,0.0014057407
-3.7,4.5,0.0012463969,-3.0608646e-06,0.0011704973
-4.6,3.6,0.0010166178,4.8809055e-05,0.0014266629
-3.6,4.6,0.0012182168,-3.078071e-06,0.0011358592
-3.5,4.7,0.0010935302,1.134656e-06,0.0011035835
-4.7,3.5,0.0010092928,4.1754025e-05,0.0014466944
-3.4,4.8,0.0008494634,4.3329865e-06,0.0010754092
-4.8,3.4,0.0010044317,3.1362677e-05,0.0014661968
-3.3,4.9,0.00048632387,3.081013e-06,0.0010498874
-3.3,5.0,0.0,0.0,0.0010495703
-4.9,3.3,0.0010015621,1.9210045e-05,0.0014857051
-5.0,3.3,0.001,0.0,0.0014866694
-4.1,4.0,0.0010969054,5.167566e-05,0.0013150756
-4.0,4.1,0.0011257573,4.2680902e-05,0.0012844586
-4.2,3.9,0.0010730657,5.8633046e-05,0.0013435347
-3.9,4.2,0.001160371,3.2351814e-05,0.0012517292
-4.3,3.8,0.0010535377,6.2965e-05,0.0013699894
-3.8,4.3,0.0012002465,2.1781201e-05,0.0012172548
-4.4,3.7,0.00103778,6.422384e-05,0.0013947291
-3.7,4.4,0.001239418,1.234082e-05,0.0011815451
-4.5,3.6,0.0010253303,6.209e-05,0.0014181054
-3.6,4.5,0.0012594269,6.4425735e-06,0.001145878
-4.6,3.5,0.0010157976,5.641726e-05,0.0014404581
-3.5,4.6,0.0012246484,5.232666e-06,0.0011112134
-3.4,4.7,0.0010960791,6.831979e-06,0.0010793718
-4.7,3.4,0.0010088616,4.721901e-05,0.0014620532
-3.3,4.8,0.0008524927,7.0644714e-06,0.0010511657
-4.8,3.3,0.0010042281,3.4859353e-05,0.0014831786
-3.2,4.9,0.00049025944,3.831851e-06,0.0010250865
-3.2,5.0,0.0,0.0,0.0010248511
-4.9,3.2,0.0010014869,2.1054286e-05,0.0015043103
-5.0,3.2,0.001,0.0,0.0015052282
-4.0,4.0,0.0011154654,6.196937e-05,0.0012948273
-4.1,3.9,0.0010899208,6.9457055e-05,0.0013255522
-3.9,4.1,0.0011456341,5.2654115e-05,0.0012622686
-4.2,3.8,0.001068418,7.4558855e-05,0.0013544591
-3.8,4.2,0.0011809613,4.21467e-05,0.0012280312
-4.3,3.7,0.0010505182,7.681949e-05,0.001381712
-3.7,4.3,0.0012204186,3.1478452e-05,0.0011925672
-4.4,3.6,0.0010358661,7.5883974e-05,0.001407551
-3.6,4.4,0.0012572474,2.1819329e-05,0.0011563478
-4.5,3.5,0.0010241512,7.154036e-05,0.0014322533
-3.5,4.5,0.0012724412,1.530011e-05,0.0011204426
-4.6,3.4,0.001015096,6.370427e-05,0.001456074
-3.4,4.6,0.0012320989,1.2570869e-05,0.0010859284
-3.3,4.7,0.0011006674,1.1652563e-05,0.0010543932
-4.7,3.3,0.0010084667,5.2449373e-05,0.0014792118
-3.2,4.8,0.000857473,9.293981e-06,0.0010260157
-4.8,3.2,0.0010040283,3.8197126e-05,0.0015019013
-3.1,4.9,0.0004951554,4.4165145e-06,0.0009993204
-3.1,5.0,0.0,0.0,0.0009991624
-4.9,3.1,0.0010014086,2.2806253e-05,0.0015245763
-5.0,3.1,0.001,0.0,0.0015254462
-4.0,3.9,0.0011080287,8.085574e-05,0.0013058155
-3.9,4.0,0.0011349956,7.274505e-05,0.0012730343
-4.1,3.8,0.0010847894,8.675513e-05,0.0013370188
-3.8,4.1,0.0011661735,6.295083e-05,0.0012387709
-4.2,3.7,0.0010649255,8.999513e-05,0.001366696
-3.7,4.2,0.001201898,5.203951e-05,0.0012032453
-4.3,3.6,0.0010481748,9.020726e-05,0.0013949835
-3.6,4.3,0.0012406895,4.0995168e-05,0.0011669333
-4.4,3.5,0.0010343125,8.713298e-05,0.0014220761
-3.5,4.4,0.0012750968,3.0897612e-05,0.0011303034
-4.5,3.4,0.0010231362,8.063803e-05,0.0014481742
-3.4,4.5,0.0012857525,2.346502e-05,0.0010942583
-4.6,3.3,0.0010144494,7.0703405e-05,0.0014734702
-3.3,4.6,0.0012407764,1.9006666e-05,0.0010599976
-3.2,4.7,0.0011071179,1.569445e-05,0.001028576
-4.7,3.2,0.0010080771,5.745424e-05,0.0014981094
-3.1,4.8,0.0008640825,1.1082257e-05,0.0009999315
-4.8,3.1,0.001003819,4.137321e-05,0.0015222904
-3.0,4.9,0.0005008012,4.85443e-06,0.000972598
-3.0,5.0,0.0,0.0,0.0009725117
-4.9,3.0,0.0010013228,2.4459374e-05,0.0015464172
-5.0,3.0,0.001,0.0,0.0015472345
-3.9,3.9,0.001127317,9.2676e-05,0.001284339
-4.0,3.8,0.0011025742,9.944882e-05,0.0013176795
-3.8,4.0,0.0011554451,8.381225e-05,0.0012497002
-4.1,3.7,0.001080932,0.00010369872,0.0013496779
-3.7,4.1,0.0011873618,7.336176e-05,0.0012139427
-4.2,3.6,0.0010622088,0.00010504979,0.0013803756
-3.6,4.2,0.001223219,6.1840416e-05,0.0011773182
-4.3,3.5,0.0010462616,0.00010321706,0.0014098807
-3.5,4.3,0.0012611418,5.0181196e-05,0.0011402924
-4.4,3.4,0.0010329662,9.8027194e-05,0.0014383268
-3.4,4.4,0.0012930853,3.942721e-05,0.0011033652
-4.5,3.3,0.0010221937,8.9415094e-05,0.0014658554
-3.3,4.5,0.0012996307,3.0840598e-05,0.0010673472
-4.6,3.2,0.0010138068,7.742221e-05,0.0014926047
-3.2,4.6,0.0012507325,2.457454e-05,0.0010332821
-3.1,4.7,0.0011152353,1.902886e-05,0.0010018797
-4.7,3.1,0.0010076668,6.222708e-05,0.001518683
-3.0,4.8,0.0008720336,1.24770295e-05,0.00097291823
-4.8,3.0,0.0010035894,4.437479e-05,0.0015442665
-2.9,4.9,0.0005070115,5.1590177e-06,0.0009449431
-2.9,5.0,0.0,0.0,0.0009449244
-4.9,2.9,0.001001226,2.600252e-05,0.0015697385
-5.0,2.9,0.001,0.0,0.0015704964
-3.9,3.8,0.0011217184,0.00011251317,0.001296432
-3.8,3.9,0.00114774,0.0001047539,0.0012611162
-4.0,3.7,0.001098488,0.000117847296,0.0013306376
-3.7,4.0,0.0011767881,9.498516e-05,0.0012248107
-4.1,3.6,0.0010779307,0.0001203743,0.0013636899
-3.6,4.1,0.0012092025,8.369744e-05,0.001187751
-4.2,3.5,0.001059983,0.00011979459,0.0013956084
-3.5,4.2,0.001244962,7.1383045e-05,0.0011502069
-4.3,3.4,0.0010445913,0.000115898874,0.0014264595
-3.4,4.3,0.0012818378,5.890833e-05,0.0011126163
-4.4,3.3,0.0010317042,0.00010859142,0.0014563189
-3.3,4.4,0.0013113291,4.7268797e-05,0.0010755119
-4.5,3.2,0.0010212483,9.7873846e-05,0.0014852772
-3.2,4.5,0.0013142005,3.7374328e-05,0.0010395932
-4.6,3.1,0.0010131251,8.384809e-05,0.0015134306
-3.1,4.6,0.0012619275,2.9300058e-05,0.0010057078
-3.0,4.7,0.0011248119,2.172521e-05,0.0009742865
-4.7,3.0,0.001007214,6.674698e-05,0.0015408633
-2.9,4.8,0.00088106573,1.3512389e-05,0.0009449954
-4.8,2.9,0.0010033296,4.718097e-05,0.0015677406
-2.8,4.9,0.00051361666,5.340037e-06,0.00091639766
-2.8,5.0,0.0,0.0,0.0009164431
-4.9,2.8,0.0010011154,2.7420587e-05,0.0015944333
-5.0,2.8,0.001,0.0,0.0015951232
-3.8,3.8,0.0011421876,0.0001258048,0.0012732514
-3.9,3.7,0.0011175604,0.00013233282,0.001309539
-3.7,3.9,0.0011692712,0.000116920455,0.001236127
-4.0,3.6,0.0010953197,0.00013611623,0.0013448723
-3.6,4.0,0.001199013,0.000106085994,0.0011983424
-4.1,3.5,0.0010754678,0.00013683879,0.0013791916
-3.5,4.1,0.0012317026,9.378642e-05,0.0011601661
-4.2,3.4,0.0010580238,0.0001342649,0.0014124848
-3.4,4.2,0.0012671578,8.051385e-05,0.0011218806
-4.3,3.3,0.0010430095,0.00012826746,0.0014447651
-3.3,4.3,0.0013028355,6.705632e-05,0.0010838875
-4.4,3.2,0.0010304246,0.00011881978,0.0014760587
-3.2,4.4,0.0013299285,5.4343822e-05,0.0010467094
-4.5,3.1,0.0010202363,0.00010599313,0.0015064126
-3.1,4.5,0.0013295005,4.3050928e-05,0.0010109455
-4.6,3.0,0.0010123675,8.9950016e-05,0.0015358924
-3.0,4.6,0.0012742698,3.322758e-05,0.0009772568
-2.9,4.7,0.0011356305,2.382584e-05,0.0009458143
-4.7,2.9,0.0010066995,7.098103e-05,0.0015645699
-2.8,4.8,0.00089093554,1.42155895e-05,0.00091620145
-4.8,2.8,0.0010030317,4.976367e-05,0.0015926107
-2.7,4.9,0.0005204599,5.405741e-06,0.0008870206
-2.7,5.0,0.0,0.0,0.000887127
-4.9,2.7,0.0010009884,2.8695176e-05,0.001620379
-5.0,2.7,0.001,0.0,0.0016209912
-3.8,3.7,0.0011381316,0.00014702737,0.0012863331
-3.7,3.8,0.001163962,0.00013916835,0.0012481028
-3.9,3.6,0.0011143676,0.00015218287,0.0013238558
-3.6,3.9,0.001191895,0.00012900495,0.0012093444
-4.0,3.5,0.0010927215,0.00015429738,0.0013605439
-3.5,4.0,0.001222113,0.00011694498,0.0011702729
-4.1,3.4,0.0010732845,0.00015311252,0.001396303
-3.4,4.1,0.0012548661,0.00010347247,0.0011311698
-4.2,3.3,0.001056146,0.00014846574,0.0014310795
-3.3,4.2,0.0012898273,8.909222e-05,0.0010923236
-4.3,3.2,0.0010413842,0.00014030552,0.0014648319
-3.2,4.3,0.0013241858,7.451775e-05,0.0010540932
-4.4,3.1,0.001029039,0.00012867988,0.001497543
-3.1,4.4,0.0013489486,6.060333e-05,0.0010169513
-4.5,3.0,0.0010191019,0.00011372957,0.0015292242
-3.0,4.5,0.0013455284,4.7869555e-05,0.0009814245
-4.6,2.9,0.0010115019,9.568117e-05,0.0015599224
-2.9,4.6,0.0012876418,3.6388676e-05,0.00094794884
-2.8,4.7,0.0011474747,2.5366562e-05,0.0009165008
-4.7,2.8,0.0010061072,7.488565e-05,0.0015897084
-2.7,4.8,0.00090141466,1.4609386e-05,0.0008865936
-4.8,2.7,0.001002689,5.2088853e-05,0.0016187584
-2.6,4.9,0.00052739534,5.363563e-06,0.00085688644
-2.6,5.0,0.0,0.0,0.0008570505
-4.9,2.6,0.0010008431,2.9805225e-05,0.001647435
-5.0,2.6,0.001,0.0,0.001647958
-3.7,3.7,0.0011601951,0.00016178555,0.001260963
-3.8,3.6,0.0011350766,0.00016845699,0.0013005637
-3.6,3.8,0.0011870295,0.00015243946,0.0012209476
-3.9,3.5,0.0011117636,0.00017209185,0.0013395628
-3.5,3.9,0.0012155995,0.00014083707,0.0011807431
-4.0,3.4,0.0010904052,0.0001723998,0.0013777962
-3.4,4.0,0.0012460798,0.00012739906,0.0011405878
-4.1,3.3,0.0010711614,0.00016918629,0.0014151301
-3.3,4.1,0.001278689,0.00011261134,0.001100759
-4.2,3.2,0.0010541867,0.00016236697,0.0014514552
-3.2,4.2,0.0013129787,9.6993565e-05,0.0010615389
-4.3,3.1,0.0010395998,0.00015196725,0.0014866824
-3.1,4.3,0.0013459176,8.119995e-05,0.0010232382
-4.4,3.0,0.0010274692,0.00013811371,0.0015207552
-3.0,4.4,0.0013684236,6.6003115e-05,0.0009862679
-4.5,2.9,0.0010177961,0.00012102025,0.0015536607
-2.9,4.5,0.0013622516,5.183427e-05,0.0009510551
-4.6,2.8,0.0010105005,0.000100980455,0.0015854372
-2.8,4.6,0.0013019089,3.8810074e-05,0.0009178215
-2.7,4.7,0.0011601315,2.6379736e-05,0.0008864019
-4.7,2.7,0.0010054237,7.840828e-05,0.001616167
-2.6,4.8,0.0009122884,1.47137625e-05,0.0008562455
-4.8,2.6,0.0010022962,5.4117605e-05,0.0016460461
-2.5,4.9,0.00053428684,5.220389e-06,0.0008260842
-2.5,5.0,0.0,0.0,0.00082630245
-4.9,2.5,0.0010006783,3.0727773e-05,0.0016754398
-5.0,2.5,0.001,0.0,0.0016758615
-3.7,3.6,0.0011574588,0.00018480023,0.001274911
-3.6,3.7,0.0011837488,0.00017644628,0.0012333698
-3.8,3.5,0.0011326218,0.000190115,0.001316138
-3.5,3.8,0.00121138,0.00016544742,0.001191751
-3.9,3.4,0.0011094313,0.0001920592,0.0013568265
-3.4,3.9,0.0012403696,0.00015224784,0.0011503076
-4.0,3.3,0.0010881175,0.0001904018,0.0013967641
-3.3,4.0,0.0012708964,0.00013729147,0.001109287
-4.1,3.2,0.0010689043,0.00018501827,0.0014357656
-3.2,4.1,0.0013031572,0.0001210683,0.0010689481
-4.2,3.1,0.001051999,0.00017590715,0.0014736637
-3.1,4.2,0.0013366058,0.00010410932,0.0010295509
-4.3,3.0,0.0010375517,0.0001631779,0.0015103259
-3.0,4.3,0.0013680363,8.702202e-05,0.0009913531
-4.4,2.9,0.0010256454,0.00014703999,0.0015456645
-2.9,4.4,0.0013883526,7.050645e-05,0.00095469464
-4.5,2.8,0.0010162758,0.00012778435,0.001579653
-2.8,4.5,0.0013795965,5.4949443e-05,0.00091986987
-4.6,2.7,0.0010093398,0.000105774576,0.0016123342
-2.7,4.6,0.0013169224,4.0520412e-05,0.0008869336
-2.6,4.7,0.0011733914,2.689457e-05,0.00085559045
-4.7,2.6,0.0010046384,8.148892e-05,0.0016438127
-2.5,4.8,0.00092335447,1.454759e-05,0.00082524546
-4.8,2.5,0.0010018499,5.5807588e-05,0.0016743143
-2.4,4.9,0.0005410075,4.983309e-06,0.0007947161
-2.4,5.0,0.0,0.0,0.00079498504
-4.9,2.4,0.0010004932,3.1438565e-05,0.0017042098
-5.0,2.4,0.001,0.0,0.0017045181
-3.6,3.6,0.0011815273,0.00020105312,0.0012468115
-3.7,3.5,0.0011553298,0.00020823232,0.0012901515
-3.5,3.7,0.0012087913,0.00019083654,0.001203501
-3.8,3.4,0.0011304212,0.00021199434,0.0013332432
-3.4,3.8,0.0012369982,0.00017801585,0.0011604883
-3.9,3.3,0.0011070867,0.00021205474,0.0013758072
-3.3,3.9,0.0012661809,0.00016307052,0.0011180383
-4.0,3.2,0.0010856282,0.00020824831,0.0014175725
-3.2,4.0,0.001296534,0.00014647245,0.0010763904
-4.1,3.1,0.0010663338,0.00020053145,0.0014582914
-3.1,4.1,0.0013282428,0.00012871821,0.0010357721
-4.2,3.0,0.0010494491,0.00018899329,0.0014977426
-3.0,4.2,0.0013606856,0.00011034447,0.0009964063
-4.3,2.9,0.0010351455,0.00017383548,0.0015357549
-2.9,4.3,0.0013905268,9.191854e-05,0.0009584897
-4.4,2.8,0.0010235059,0.00015535562,0.0015722202
-2.8,4.4,0.0014086916,7.4089985e-05,0.0009222761
-4.5,2.7,0.001014505,0.00013392538,0.0016071113
-2.7,4.5,0.0013974699,5.722574e-05,0.0008879385
-4.6,2.6,0.001008002,0.00010998006,0.0016404882
-2.6,4.6,0.0013325232,4.1548374e-05,0.00085535855
-2.5,4.7,0.001187052,2.6938666e-05,0.00082415546
-4.7,2.5,0.0010037441,8.4062216e-05,0.0016724899
-2.4,4.8,0.00093442196,1.4128494e-05,0.0007936956
-4.8,2.4,0.0010013484,5.711372e-05,0.0017033808
-2.3,4.9,0.00054743927,4.6598016e-06,0.00076289615
-2.3,5.0,0.0,0.0,0.00076321186
-4.9,2.3,0.0010002877,3.1913296e-05,0.0017335386
-5.0,2.3,0.001,0.0,0.0017337216
-3.6,3.5,0.0011799226,0.00022628526,0.0012614827
-3.5,3.6,0.0012072969,0.00021703928,0.001216188
-3.7,3.4,0.0011534333,0.00023207486,0.0013068869
-3.4,3.7,0.0012353124,0.00020477083,0.0011713145
-3.8,3.3,0.0011281561,0.00023405776,0.001352065
-3.3,3.8,0.0012638585,0.00018996529,0.0011271541
-3.9,3.2,0.0011044624,0.0002320133,0.0013966598
-3.2,3.9,0.0012929954,0.00017314125,0.0010839573
-4.0,3.1,0.001082722,0.00022584641,0.0014403366
-3.1,4.0,0.0013229479,0.00015480065,0.0010419412
-4.1,3.0,0.0010632812,0.00021561282,0.0014827772
-3.0,4.1,0.0013539018,0.0001354469,0.0010012897
-4.2,2.9,0.0010464129,0.00020150057,0.0015237125
-2.9,4.2,0.0013851786,0.00011561677,0.0009621738
-4.3,2.8,0.0010322967,0.0001838119,0.0015629414
-2.8,4.3,0.0014133509,9.5842195e-05,0.0009247189
-4.4,2.7,0.0010209981,0.000162938,0.0016003487
-2.7,4.4,0.0014293762,7.673933e-05,0.0008890957
-4.5,2.6,0.0010124551,0.0001393337,0.0016359208
-2.6,4.5,0.0014157492,5.8679114e-05,0.00085534406
-4.6,2.5,0.0010064741,0.00011350567,0.0016697486
-2.5,4.6,0.0013485536,4.19326e-05,0.0008231839
-2.4,4.7,0.0012009197,2.6536914e-05,0.0007921973
-4.7,2.4,0.0010027371,8.60592e-05,0.0017020178
-2.3,4.8,0.0009453095,1.3471289e-05,0.00076171104
-4.8,2.3,0.001000792,5.799123e-05,0.0017330381
-2.2,4.9,0.00055347296,4.257847e-06,0.0007307479
-2.2,5.0,0.0,0.0,0.00073110615
-4.9,2.2,0.0010000643,3.2128326e-05,0.0017631974
-5.0,2.2,0.001,0.0,0.001763243
-3.5,3.5,0.0012064379,0.00024408678,0.0012300232
-3.6,3.4,0.0011785392,0.00025213798,0.0012775977
-3.4,3.6,0.0012347641,0.00023255867,0.0011829719
-3.7,3.3,0.0011514208,0.00025628737,0.0013253285
-3.3,3.7,0.0012632908,0.00021805576,0.0011367928
-3.8,3.2,0.0011255249,0.00025623414,0.0013727859
-3.2,3.8,0.0012919189,0.00020111576,0.0010917658
-3.9,3.1,0.0011013,0.0002518274,0.0014195351
-3.1,3.9,0.0013207579,0.00018230068,0.0010481139
-4.0,3.0,0.0010791925,0.00024306423,0.0014651607
-3.0,4.0,0.0013500764,0.00016214453,0.0010060105
-4.1,2.9,0.001059588,0.00023011329,0.0015092765
-2.9,4.1,0.0013800721,0.00014115301,0.0009655844
-4.2,2.8,0.0010427781,0.00021327326,0.0015515728
-2.8,4.2,0.0014100276,0.00011985811,0.0009269443
-4.3,2.7,0.0010289319,0.00019295517,0.0015918325
-2.7,4.3,0.0014364495,9.87573e-05,0.0008901367
-4.4,2.6,0.0010180799,0.00016964793,0.0016299491
-2.6,4.4,0.0014503102,7.845047e-05,0.0008552517
-4.5,2.5,0.0010101062,0.00014388909,0.0016659392
-2.5,4.5,0.0014343351,5.9332513e-05,0.00082219235
-4.6,2.4,0.0010047498,0.00011625622,0.0016999369
-2.4,4.6,0.0013648417,4.1686497e-05,0.00079050014
-2.3,4.7,0.0012147994,2.5711744e-05,0.0007598276
-4.7,2.3,0.0010016194,8.741049e-05,0.0017321893
-2.2,4.8,0.00095584436,1.2593135e-05,0.0007294179
-4.8,2.2,0.0010001846,5.8397443e-05,0.0017630565
-2.1,4.9,0.0005590089,3.7867085e-06,0.0006984025
-2.1,5.0,0.0,0.0,0.00069879845
-4.9,2.1,0.0009998244,3.2062784e-05,0.0017929362
-5.0,2.1,0.001,0.0,0.0017928332
-3.5,3.4,0.0012057939,0.00027199628,0.0012452218
-3.4,3.5,0.0012348827,0.0002614266,0.0011956686
-3.6,3.3,0.0011769914,0.00027858463,0.0012953859
-3.3,3.6,0.0012639287,0.00024739373,0.0011471276
-3.7,3.2,0.0011489526,0.00028080607,0.0013456873
-3.2,3.7,0.001292679,0.00023048624,0.0010999462
-3.8,3.1,0.001122227,0.0002784102,0.0013955919
-3.1,3.8,0.0013211168,0.00021128826,0.0010543725
-3.9,3.0,0.001097349,0.00027134508,0.0014445791
-3.0,3.9,0.0013493933,0.00019039841,0.0010105876
-4.0,2.9,0.0010748401,0.0002597278,0.0014921356
-2.9,4.0,0.0013778382,0.00016838388,0.000968698
-4.1,2.8,0.0010551088,0.00024384652,0.0015378213
-2.8,4.1,0.0014066742,0.00014574977,0.0009287666
-4.2,2.7,0.0010384466,0.0002241264,0.0015812964
-2.7,4.2,0.001435158,0.00012301504,0.00089083175
-4.3,2.6,0.001024992,0.00020109239,0.0016223451
-2.6,4.3,0.0014597446,0.00010064193,0.00085485616
-4.4,2.5,0.0010147217,0.0001753326,0.0016608895
-2.5,4.4,0.001471419,7.92193e-05,0.00082086795
-4.5,2.4,0.0010074485,0.00014746608,0.0016969914
-2.4,4.5,0.0014530586,5.9190817e-05,0.0007885072
-4.6,2.3,0.0010028334,0.000118135154,0.0017308473
-2.3,4.6,0.0013811915,4.0812116e-05,0.00075743214
-2.2,4.7,0.0012284941,2.4491696e-05,0.0007271792
-4.7,2.2,0.0010003974,8.805008e-05,0.0017627719
-2.1,4.8,0.0009658657,1.1517396e-05,0.00069695
-4.8,2.1,0.0009995322,5.8291906e-05,0.0017931837
-2.0,4.9,0.0005639595,3.256713e-06,0.0006659961
-2.0,5.0,0.0,0.0,0.00066642446
-4.9,2.0,0.0009995701,3.1698266e-05,0.0018224864
-5.0,2.0,0.001,0.0,0.001822227
-3.3998203,3.400029,0.0012352928,0.00029145557,0.0012095391
-3.5,3.3,0.0012049465,0.00030075407,0.0012620257
-3.3,3.5,0.0012652902,0.000278076,0.0011583553
-3.6,3.2,0.0011748836,0.00030556787,0.0013150823
-3.2,3.6,0.001294735,0.0002613312,0.0011086501
-3.7,3.1,0.0011456765,0.000305499,0.0013681825
-3.1,3.7,0.0013234201,0.00024184628,0.0010608209
-3.8,3.0,0.0011179533,0.00030041396,0.0014206764
-3.0,3.8,0.0013513619,0.00022030297,0.001015064
-3.9,2.9,0.0010923677,0.0002903688,0.0014719239
-2.9,3.9,0.0013788033,0.00019729383,0.0009714905
-4.0,2.8,0.0010694783,0.00027561828,0.0015213325
-2.8,4.0,0.0014061321,0.000173413,0.00093013456
-4.1,2.7,0.0010497131,0.0002565911,0.0015684157
-2.7,4.1,0.0014336103,0.00014916687,0.0008909729
-4.2,2.6,0.001033337,0.0002338486,0.0016128233
-2.6,4.2,0.0014604791,0.00012505075,0.0008539707
-4.3,2.5,0.0010204341,0.00020803389,0.0016543608
-2.5,4.3,0.0014831515,0.00010148654,0.00081900624
-4.4,2.4,0.00101091,0.00017983148,0.0016930012
-2.4,4.4,0.0014925692,7.907532e-05,0.0007859802
-4.5,2.3,0.001004487,0.00014993805,0.0017288713
-2.3,4.5,0.0014717407,5.82703e-05,0.00075442565
-4.6,2.2,0.0010007349,0.00011904881,0.0017622432
-2.2,4.6,0.0013974223,3.9355953e-05,0.00072414277
-2.1,4.7,0.0012418218,2.291289e-05,0.000694396
-4.7,2.1,0.000999082,8.791524e-05,0.0017935077
-2.0,4.8,0.0009752284,1.0270588e-05,0.0006644448
-4.8,2.0,0.0009988412,5.7639994e-05,0.0018231443
-1.9,4.9,0.00056825054,2.6783239e-06,0.00063366676
-1.9,5.0,0.0,0.0,0.0006341218
-4.9,1.9,0.000999306,3.101934e-05,0.0018515635
-5.0,1.9,0.001,0.0,0.0018511419
-3.39807,3.2995858,0.0012359929,0.00032310316,0.0012243611
-3.298631,3.399599,0.0012673866,0.00031056284,0.0011701527
-3.4987342,3.1996014,0.0012038355,0.0003307318,0.001280319
-3.2,3.5,0.0012976101,0.0002937756,0.0011180493
-3.598903,3.0996537,0.001172104,0.00033333953,0.0013366622
-3.1,3.6,0.0013271369,0.00027413748,0.0010675677
-3.7,3.0,0.0011412223,0.0003301817,0.0013930579
-3.0,3.7,0.0013554079,0.00025194572,0.0010195135
-3.8,2.9,0.0011124084,0.00032203208,0.0014482178
-2.9,3.8,0.0013825403,0.00022798547,0.00097396737
-3.9,2.8,0.0010861207,0.00030864644,0.0015016871
-2.8,3.9,0.001408864,0.00020285741,0.00093097443
-4.0,2.7,0.0010629417,0.00029047395,0.0015527955
-2.7,4.0,0.0014348371,0.00017714438,0.0008904813
-4.1,2.6,0.0010432922,0.00026809293,0.0016010295
-2.6,4.1,0.0014607672,0.0001513529,0.000852365
-4.2,2.5,0.0010273895,0.00024220753,0.0016460534
-2.5,4.2,0.0014858878,0.00012594715,0.0008165146
-4.3,2.4,0.0010152403,0.00021357885,0.0016877213
-2.4,4.3,0.0015065719,0.0001013201,0.0007827166
-4.4,2.3,0.0010066496,0.00018298312,0.0017260788
-2.3,4.4,0.001513616,7.807449e-05,0.0007507311
-4.5,2.2,0.0010012375,0.00015118047,0.0017613387
-2.2,4.5,0.0014902983,5.662951e-05,0.0007202175
-4.6,2.1,0.000998472,0.00011891048,0.0017938587
-2.1,4.6,0.0014133796,3.737687e-05,0.0006907789
-2.0,4.7,0.0012546193,2.1015454e-05,0.00066161965
-4.7,2.0,0.000997689,8.695241e-05,0.0018241142
-1.9,4.8,0.0009838041,8.880025e-06,0.00063204084
-4.8,1.9,0.000998122,5.6415174e-05,0.0018526478
-4.9,1.8,0.0009990364,3.001668e-05,0.0018798703
-5.0,1.8,0.001,0.0,0.0018792829
-3.2965617,3.2997296,0.0012695411,0.0003445041,0.0011828536
-3.3971446,3.1997516,0.0012357435,0.00035553917,0.0012411592
-3.197786,3.4000719,0.0013016007,0.00032829755,0.0011273109
-3.4979086,3.0995812,0.0012015051,0.00036122967,0.001300849
-3.0983202,3.499874,0.0013323885,0.00030853436,0.0010740096
-3.5988564,2.999581,0.0011676648,0.00036098823,0.0013609984
-3.0,3.6,0.001361032,0.0002855563,0.0010239846
-3.7,2.9,0.0011352279,0.00035465485,0.0014205356
-2.9,3.7,0.0013885135,0.00026059613,0.0009761566
-3.8,2.8,0.0011053004,0.00034296312,0.0014783873
-2.8,3.8,0.0014145126,0.00023418882,0.00093125476
-3.9,2.7,0.0010783866,0.000325879,0.0015339591
-2.7,3.9,0.0014394304,0.00020697893,0.00088923087
-4.0,2.6,0.0010550864,0.00030399216,0.0015865315
-2.6,4.0,0.0014638144,0.0001795105,0.00084992923
-4.1,2.5,0.001035766,0.00027806984,0.0016355887
-2.5,4.1,0.0014880167,0.0001522774,0.00081312825
-4.2,2.4,0.0010205786,0.00024895617,0.0016808417
-2.4,4.2,0.0015112677,0.0001257078,0.000778636
-4.3,2.3,0.001009415,0.00021752418,0.0017222239
-2.3,4.3,0.0015298759,0.000100184305,0.0007461547
-4.4,2.2,0.0010019627,0.00018462836,0.0017598774
-2.2,4.4,0.0015344915,7.625049e-05,0.0007154032
-4.5,2.1,0.0009977288,0.00015107894,0.0017941184
-2.1,4.5,0.0015086211,5.432697e-05,0.00068602414
-4.6,2.0,0.0009960743,0.00011764566,0.0018254021
-2.0,4.6,0.0014289196,3.4929883e-05,0.00065748196
-1.9,4.7,0.0012667394,1.8842376e-05,0.0006289907
-4.7,1.9,0.0009962388,8.512115e-05,0.0018542913
-4.8,1.8,0.0009973882,5.4599408e-05,0.0018813912
-4.9,1.7,0.0009987665,2.8686954e-05,0.0019071039
-5.0,1.7,0.001,0.0,0.0019063505
-3.2938652,3.1996517,0.0012712119,0.00038020712,0.0011968432
-3.1938288,3.300329,0.0013061364,0.0003649394,0.0011366919
-3.3958952,3.0996213,0.001234365,0.00038921818,0.001259959
-3.0959444,3.4002023,0.0013384076,0.00034497253,0.0010805555
-3.4967513,2.9994535,0.0011976708,0.00039241795,0.0013237644
-2.9974458,3.5001812,0.0013686892,0.00032149485,0.0010273402
-3.5984986,2.8993707,0.0011614789,0.00038879336,0.0013880141
-2.8987274,3.5999465,0.001396718,0.00029549198,0.0009774473
-3.698762,2.7995472,0.0011275796,0.00037909576,0.0014506339
-2.8,3.7,0.0014225942,0.00026759293,0.0009309454
-3.8,2.7,0.0010963486,0.00036287343,0.0015113393
-2.7,3.8,0.0014471086,0.0002387881,0.0008871453
-3.9,2.6,0.0010689801,0.00034170022,0.0015687924
-2.6,3.9,0.0014703373,0.00020957165,0.0008464834
-4.0,2.5,0.0010457974,0.00031583355,0.0016225004
-2.5,4.0,0.0014929089,0.00018046617,0.00080869737
-4.1,2.4,0.0010270965,0.0002862198,0.0016719658
-2.4,4.1,0.0015152183,0.00015193193,0.0007734705
-4.2,2.3,0.0010129081,0.00025384195,0.0017169908
-2.3,4.2,0.0015364871,0.00012435605,0.0007405305
-4.3,2.2,0.0010029876,0.0002196702,0.001757618
-2.2,4.3,0.0015529309,9.8101315e-05,0.0007095321
-4.4,2.1,0.0009968936,0.00018461996,0.001794111
-2.1,4.4,0.001555092,7.3639676e-05,0.00068015204
-4.5,2.0,0.000994007,0.0001495347,0.0018269051
-2.0,4.5,0.0015265822,5.14205e-05,0.00065197825
-4.6,1.9,0.0009935774,0.00011519672,0.0018565578
-1.9,4.6,0.0014439046,3.2071246e-05,0.000624398
-4.7,1.8,0.0009947579,8.239322e-05,0.0018837239
-4.8,1.7,0.0009966536,5.21858e-05,0.0019090623
-4.9,1.6,0.0009985019,2.7033275e-05,0.0019329609
-5.0,1.6,0.001,0.0,0.0019320445
-3.1896276,3.2012599,0.0013101461,0.00040336722,0.0011470291
-3.2914352,3.1006908,0.0012715171,0.00041695335,0.0012126215
-3.090565,3.3017538,0.0013455822,0.00038368188,0.0010860498
-3.394374,2.9996984,0.0012312958,0.00042386618,0.0012810156
-2.9936883,3.4005482,0.0013775278,0.00035992914,0.0010301239
-3.4960666,2.8992345,0.0011915363,0.00042380273,0.0013497374
-2.8963351,3.500456,0.0014066861,0.00033266286,0.0009777992
-3.597368,2.7989714,0.0011531807,0.00041655058,0.0014178896
-2.798237,3.6002352,0.0014333044,0.00030337615,0.0009290892
-3.6985722,2.6994956,0.0011174352,0.00040215766,0.0014840215
-2.7,3.7,0.001457434,0.00027277076,0.00088414754
-3.7988536,2.5997226,0.0010854839,0.0003818548,0.0015470093
-2.6,3.8,0.0014801311,0.00024166529,0.00084189663
-3.9,2.5,0.0010577521,0.0003557077,0.0016061992
-2.5,3.9,0.0015013984,0.0002105732,0.00080298947
-4.0,2.4,0.0010350209,0.00032563182,0.0016606008
-2.4,4.0,0.0015219522,0.0001799916,0.00076702953
-4.1,2.3,0.0010172849,0.0002922328,0.0017099734
-2.3,4.1,0.0015422219,0.00015033013,0.0007336183
-4.2,2.2,0.0010044158,0.00025661668,0.0017542464
-2.2,4.2,0.0015614057,0.00012192769,0.0007024141
-4.3,2.1,0.000996021,0.0002198312,0.0017936047
-2.1,4.3,0.001575616,9.511303e-05,0.0006730378
-4.4,2.0,0.0009915088,0.00018283096,0.0018284556
-2.0,4.4,0.0015753019,7.029779e-05,0.00064513215
-4.5,1.9,0.0009901286,0.00014647045,0.0018593632
-1.9,4.5,0.0015440505,4.7974772e-05,0.00061823387
-4.6,1.8,0.0009910256,0.00011152507,0.0018869928
-4.7,1.7,0.0009932751,7.875782e-05,0.0019120866
-4.8,1.6,0.0009959334,4.9180166e-05,0.0019353484
-4.9,1.5,0.0009982486,2.5065685e-05,0.0019571432
-5.0,1.5,0.001,0.0,0.0019560708
-3.0864563,3.2023287,0.0013518237,0.0004248955,0.0010929918
-3.1877067,3.1016405,0.0013120198,0.00044348056,0.0011601186
-3.2906406,3.0014765,0.0012693105,0.00045478417,0.001231451
-2.9883606,3.3018446,0.0013872037,0.00040083673,0.0010320359
-3.3927581,2.899811,0.0012258431,0.0004592492,0.0013048474
-2.8914092,3.4018486,0.0014185308,0.00037240863,0.00097636884
-3.495552,2.7986004,0.0011825906,0.00045517727,0.0013791731
-2.7942019,3.5009086,0.0014464974,0.0003417357,0.00092518877
-3.5972083,2.6986675,0.0011418683,0.00044316307,0.0014514762
-2.698133,3.6004212,0.0014706764,0.00030921752,0.0008790891
-3.6977167,2.599146,0.001104811,0.0004241597,0.0015205881
-2.6,3.7,0.0014928053,0.00027600996,0.00083604443
-3.7986245,2.4995604,0.0010721381,0.00039854425,0.0015858499
-2.5,3.8,0.0015133638,0.00024274184,0.00079581485
-3.9,2.4,0.0010446197,0.00036746578,0.0016461145
-2.4,3.9,0.0015324141,0.00020995268,0.0007590387
-4.0,2.3,0.0010227561,0.00033300836,0.0017006618
-2.3,4.0,0.0015507678,0.00017809315,0.00072518934
-4.1,2.2,0.0010063791,0.00029580196,0.0017493562
-2.2,4.1,0.0015688725,0.00014750547,0.00069381087
-4.2,2.1,0.0009951862,0.0002570486,0.0017922955
-2.1,4.2,0.0015858872,0.000118473086,0.00066450494
-4.3,2.0,0.0009886075,0.00021784642,0.0018298383
-2.0,4.3,0.001597819,9.128093e-05,0.00063686364
-4.4,1.9,0.0009858931,0.0001791611,0.0018625521
-1.9,4.4,0.0015949992,6.629587e-05,0.0006105226
-4.5,1.8,0.0009861632,0.00014183582,0.0018911355
-4.6,1.7,0.0009884704,0.00010661549,0.0019163627
-4.7,1.6,0.0009918219,7.422365e-05,0.0019390516
-4.8,1.5,0.0009952439,4.560088e-05,0.001959942
-4.9,1.4,0.0009980124,2.2801425e-05,0.0019793657
-5.0,1.4,0.001,0.0,0.0019781478
-3.0845482,3.1027157,0.0013559355,0.0004682475,0.0011022664
-2.984476,3.2028608,0.0013959829,0.00044435717,0.0010349378
-3.186936,3.0016482,0.0013113753,0.00048542157,0.0011758577
-3.2889638,2.900707,0.0012647038,0.0004946688,0.0012528844
-2.8865364,3.302531,0.0014309543,0.00041534787,0.0009743691
-3.3922377,2.799714,0.0012168651,0.000494673,0.00133261
-2.7896152,3.4021866,0.001461124,0.00038276848,0.0009199218
-3.4939246,2.6973207,0.0011706017,0.00048671066,0.0014120523
-2.6928678,3.50135,0.0014871428,0.00034833123,0.0008708131
-3.59549,2.5984693,0.0011277751,0.0004691354,0.0014881329
-2.5974379,3.601099,0.0015088348,0.00031266146,0.00082733866
-3.697037,2.4990628,0.0010892886,0.0004440423,0.0015605538
-2.5,3.7,0.0015284795,0.00027720802,0.00078698323
-3.798655,2.3996053,0.0010563548,0.00041264427,0.0016276325
-2.4,3.8,0.0015465698,0.00024198224,0.0007492431
-3.9,2.3,0.001029569,0.0003765042,0.0016883921
-2.3,3.9,0.0015631779,0.00020771193,0.00071493816
-4.0,2.2,0.001009058,0.0003375841,0.0017424313
-2.2,4.0,0.0015791755,0.0001748027,0.0006834536
-4.1,2.1,0.000994489,0.0002966384,0.0017897862
-2.1,4.1,0.0015950165,0.00014351055,0.0006542932
-4.2,2.0,0.000985344,0.0002549356,0.0018307662
-2.0,4.2,0.0016098014,0.00011405635,0.0006270174
-4.3,1.9,0.0009808668,0.00021358802,0.0018659293
-1.9,4.3,0.0016194269,8.667658e-05,0.0006012078
-4.4,1.8,0.0009801482,0.00017354506,0.0018960116
-4.5,1.7,0.0009821914,0.00013561029,0.0019218505
-4.6,1.6,0.0009859663,0.00010047933,0.001944317
-4.7,1.5,0.0009904307,6.881891e-05,0.001964296
-4.8,1.4,0.0009946009,4.1479543e-05,0.0019825483
-4.9,1.3,0.0009977986,2.0264495e-05,0.0019993621
-5.0,1.3,0.001,0.0,0.0019980124
-3.0836322,3.0024738,0.0013575434,0.00051416183,0.0011136979
-2.982537,3.1032104,0.0014028737,0.00049086544,0.0010395133
-2.8829105,3.2034044,0.0014427617,0.00046121326,0.00097261014
-3.1856403,2.9016557,0.0013080237,0.00052924635,0.0011937796
-3.2881708,2.800013,0.0012561681,0.0005350737,0.0012781642
-2.7853847,3.3030457,0.0014764827,0.0004271275,0.0009136291
-3.3906338,2.6983485,0.0012042407,0.0005308832,0.0013641395
-2.6880605,3.4026937,0.0015049987,0.00039028184,0.000861074
-3.4924903,2.5969663,0.0011547743,0.00051682617,0.0014487703
-2.591893,3.5023308,0.0015283336,0.00035206237,0.0008149777
-3.5938158,2.4981437,0.0011100156,0.00049312983,0.0015288488
-2.4972467,3.6015155,0.001547208,0.00031381275,0.00077477057
-3.6961691,2.3986323,0.001070636,0.00046148992,0.0016041597
-2.4,3.7,0.0015641471,0.0002762952,0.00073738245
-3.798319,2.299519,0.001038133,0.00042390192,0.0016722641
-2.3,3.8,0.0015794998,0.00023936962,0.0007025396
-3.9,2.2,0.0010126652,0.00038235824,0.001732793
-2.2,3.9,0.0015934778,0.00020388419,0.0006710065
-4.0,2.1,0.0009940645,0.0003389997,0.0017855669
-2.1,4.0,0.0016069969,0.0001701781,0.00064210396
-4.1,2.0,0.0009817778,0.00029448897,0.0018308617
-2.0,4.1,0.0016205063,0.00013841726,0.0006153071
-4.2,1.9,0.00097505294,0.00025011666,0.0018692322
-1.9,4.2,0.0016330271,0.00010875266,0.0005901584
-4.3,1.8,0.0009729435,0.00020697253,0.00190145
-4.4,1.7,0.00097439263,0.00016595684,0.0019284262
-4.5,1.6,0.0009782999,0.00012780826,0.0019511277
-4.6,1.5,0.00098357,9.315587e-05,0.00197051
-4.7,1.4,0.0009891338,6.2592e-05,0.0019875097
-4.8,1.3,0.0009940196,3.6860256e-05,0.0020028919
-4.9,1.2,0.0009976127,1.7485709e-05,0.002016891
-5.0,1.2,0.001,0.0,0.0020154265
-2.9808214,3.0035005,0.0014076792,0.00054042006,0.0010450346
-3.0821497,2.9024613,0.001356333,0.0005625477,0.0011267384
-2.8803992,3.1038501,0.0014532846,0.0005106685,0.00097119104
-2.782475,3.2036562,0.0014915327,0.00047504634,0.00090687675
-3.1843407,2.8008118,0.0013006855,0.00057490275,0.0012150725
-3.286984,2.6991682,0.0012432677,0.000576114,0.0013073055
-2.6848211,3.3035798,0.0015234124,0.00043577753,0.00085029245
-3.3882802,2.5973,0.0011872239,0.00056654966,0.001399677
-2.5885298,3.4032748,0.0015489411,0.00039468918,0.0008014689
-3.4903316,2.4966664,0.0011347036,0.00054534816,0.0014897324
-2.4926753,3.5029569,0.0015692599,0.00035318243,0.0007589463
-3.5935462,2.3975148,0.001088,0.00051380816,0.0015743943
-2.3985217,3.6015654,0.001585071,0.0003126876,0.0007223913
-3.6963258,2.2985296,0.0010487492,0.00047504972,0.0016513745
-2.3,3.7,0.0015995059,0.000273262,0.0006876608
-3.7983649,2.199571,0.0010175095,0.0004313759,0.0017195541
-2.2,3.8,0.0016119017,0.00023492699,0.0006560846
-3.9,2.1,0.000994083,0.0003845836,0.0017789624
-2.1,3.9,0.001623103,0.00019853392,0.0006275711
-4.0,2.0,0.0009779896,0.00033693804,0.0018296342
-2.0,4.0,0.0016340626,0.0001643022,0.000601417
-4.1,1.9,0.00096846244,0.00028915177,0.0018721111
-1.9,4.1,0.0016452065,0.00013231518,0.00057708326
-4.2,1.8,0.0009645107,0.00024248511,0.0019072186
-4.3,1.7,0.0009650034,0.00019796673,0.0019359466
-4.4,1.6,0.00096875423,0.0001564141,0.0019593772
-4.5,1.5,0.00097457727,0.00011848115,0.0019785897
-4.6,1.4,0.0009813374,8.4711966e-05,0.001994609
-4.7,1.3,0.0009879619,5.5610326e-05,0.0020084025
-4.8,1.2,0.0009935136,3.1798943e-05,0.0020207232
-4.9,1.1,0.0009974589,1.4500022e-05,0.002031743
-5.0,1.1,0.001,0.0,0.0020301833
-2.9806545,2.903216,0.0014085935,0.0005930244,0.0010530136
-2.8786886,3.004169,0.0014616011,0.000563684,0.0009702203
-3.0816386,2.8017814,0.0013503721,0.0006131133,0.0011433422
-2.7799823,3.1042278,0.001505869,0.00052688085,0.00089907745
-2.6817822,3.2043297,0.0015423981,0.00048520145,0.0008374262
-3.184073,2.6996539,0.0012877451,0.000621387,0.0012411037
-3.286186,2.5976543,0.0012245999,0.00061685883,0.0013417221
-2.5845048,3.3042252,0.0015714214,0.00044095726,0.00078478875
-3.388363,2.4963129,0.0011640157,0.00059929676,0.0014416309
-2.4884117,3.4039147,0.0015936433,0.00039598372,0.0007401811
-3.491173,2.3959205,0.0011089589,0.0005696916,0.0015370797
-2.393774,3.5029743,0.0016102105,0.00035180626,0.00070243573
-3.5940745,2.2973683,0.0010620181,0.00053034135,0.0016241653
-2.298772,3.6012788,0.0016230692,0.0003092451,0.00066932885
-3.6968198,2.198367,0.001023786,0.00048438922,0.0017019688
-2.2,3.7,0.0016342762,0.00026813653,0.0006382606
-3.7984743,2.0995383,0.0009946995,0.00043465418,0.001769174
-2.1,3.8,0.0016435261,0.00022873338,0.00061026536
-3.9,2.0,0.0009740901,0.00038277704,0.0018264321
-2.0,3.9,0.0016518544,0.0001917557,0.0005849531
-4.0,1.9,0.00096111855,0.00033114516,0.0018741078
-1.9,4.0,0.0016602179,0.00015728026,0.0005616539
-4.1,1.8,0.00095480826,0.00028049102,0.0019130021
-4.2,1.7,0.00095394324,0.00023199765,0.0019442135
-4.3,1.6,0.0009572264,0.00018659177,0.0019689507
-4.4,1.5,0.00096336374,0.00014498142,0.0019884456
-4.5,1.4,0.0009711114,0.000107716325,0.0020038723
-4.6,1.3,0.0009793213,7.524085e-05,0.0020163017
-4.7,1.2,0.0009869426,4.7959504e-05,0.002026712
-4.8,1.1,0.0009930944,2.6360323e-05,0.002035826
-4.9,1.0,0.0009973407,1.1347464e-05,0.0020437425
-2.878762,2.904008,0.0014659442,0.00062048365,0.00097097375
-2.980008,2.8026428,0.0014053223,0.00064892945,0.0010627337
-2.778684,3.004548,0.0015180747,0.00058288866,0.00089093106
-3.081997,2.7006598,0.0013383011,0.0006654662,0.0011643904
-2.6787958,3.1046762,0.0015613717,0.00053913245,0.0008220147
-2.5817132,3.2051942,0.0015944467,0.00049124134,0.00076563307
-3.1843293,2.598405,0.0012682317,0.0006678867,0.001272526
-3.2865,2.4965715,0.001199183,0.0006555223,0.0013824154
-2.485014,3.3050084,0.0016196842,0.00044239662,0.00071829907
-3.3890274,2.396025,0.0011349955,0.00062873634,0.0014892599
-2.3900805,3.404355,0.0016376791,0.0003941464,0.00067933195
-3.4914808,2.2961445,0.0010787128,0.0005902022,0.0015887466
-2.2957208,3.503047,0.0016504193,0.00034767095,0.00064642227
-3.594124,2.1970968,0.0010321981,0.0005425965,0.0016779415
-2.1988816,3.6020343,0.0016601965,0.00030299686,0.0006168217
-3.696852,2.0987566,0.0009962233,0.0004891582,0.0017550997
-2.1,3.7,0.0016681451,0.00026098642,0.00058966514
-3.7985938,1.9996607,0.000970108,0.000433259,0.0018204849
-2.0,3.8,0.001674138,0.0002209035,0.0005654505
-3.9,1.9,0.0009530575,0.00037662068,0.0018746115
-1.9,3.9,0.0016795503,0.00018367244,0.0005434545
-4.0,1.8,0.00094379607,0.00032144957,0.0019183848
-4.1,1.7,0.0009411165,0.00026845018,0.0019529521
-4.2,1.6,0.0009435944,0.00021868017,0.0019796854
-4.3,1.5,0.00094979623,0.00017292748,0.0019999912
-4.4,1.4,0.0009583496,0.00013176992,0.0020152268
-4.5,1.3,0.00096798496,9.563601e-05,0.0020266345
-4.6,1.2,0.0009775689,6.485981e-05,0.0020353075
-4.7,1.1,0.0009860992,3.9736922e-05,0.0020422116
-4.8,1.0,0.0009927707,2.0617506e-05,0.002048022
-2.8793106,2.8037307,0.0014655492,0.0006811515,0.00097313814
-2.778625,2.9047954,0.0015268119,0.0006433793,0.00088284
-2.9810495,2.7017105,0.0013950446,0.0007073229,0.0010769223
-2.677984,3.0053115,0.0015780339,0.0005974613,0.0008057321
-3.0821965,2.599077,0.0013191224,0.00071922905,0.0011902666
-2.5792885,3.105931,0.0016177727,0.0005461921,0.0007429628
-2.4828746,3.2063825,0.0016466152,0.0004928282,0.00069304445
-3.1847084,2.4963133,0.0012409075,0.00071393006,0.0013105302
-3.2871246,2.39552,0.0011665346,0.0006913956,0.0014298356
-2.3868861,3.3059936,0.0016673085,0.0004400105,0.0006521174
-3.3894262,2.2955425,0.0010998396,0.0006542852,0.001542881
-2.2924936,3.405259,0.0016807683,0.00038894432,0.00061920757
-3.4923794,2.196522,0.0010435631,0.00060527935,0.0016455954
-2.197323,3.504183,0.0016896885,0.00034039252,0.00059106754
-3.595221,2.0976262,0.0009990134,0.00054872315,0.0017352928
-2.0993981,3.601235,0.0016965768,0.00029502457,0.0005651466
-3.697128,1.998668,0.00096617686,0.0004884263,0.0018109097
-2.0,3.7,0.0017008258,0.00025194336,0.00054232014
-3.7988272,1.8997484,0.0009441719,0.00042674592,0.001872915
-1.9,3.8,0.0017035218,0.0002115857,0.0005219884
-3.9,1.8,0.0009314262,0.00036589074,0.0019228138
-4.0,1.7,0.00092641485,0.00030777595,0.001961799
-4.1,1.6,0.00092771114,0.0002530594,0.0019913514
-4.2,1.5,0.0009337146,0.0002026302,0.0020130984
-4.3,1.4,0.0009428926,0.00015711247,0.0020286108
-4.4,1.3,0.00095383177,0.000116933596,0.0020393415
-4.5,1.2,0.0009652716,8.239175e-05,0.0020465697
-4.6,1.1,0.0009761207,5.3708016e-05,0.0020513837
-4.7,1.0,0.0009854467,3.106408e-05,0.002054715
-2.778636,2.8046312,0.0015313242,0.00070903846,0.00087411696
-2.8799446,2.7030468,0.0014589024,0.00074596313,0.0009772396
-2.677841,2.9054885,0.0015920956,0.00066134194,0.00078733626
-2.9808009,2.6006114,0.0013777432,0.0007686234,0.0010941479
-2.5780706,3.00671,0.0016399396,0.0006062417,0.0007170789
-3.0835922,2.4975424,0.0012906401,0.0007724483,0.001223529
-2.4800048,3.107469,0.0016750073,0.0005481357,0.0006620804
-2.3843157,3.2082167,0.0016985254,0.00048969575,0.0006201789
-3.1860285,2.3960862,0.0012051424,0.00075642124,0.0013557941
-3.287848,2.2950082,0.0011263805,0.00072286633,0.0014842434
-2.289131,3.3080556,0.0017138574,0.0004334165,0.0005868405
-3.390366,2.19527,0.0010584195,0.0006739017,0.0016029691
-2.1946588,3.4065928,0.0017228759,0.0003804495,0.0005599381
-3.4935489,2.096639,0.0010037993,0.0006140883,0.001707457
-2.0984032,3.5050073,0.0017280586,0.0003305692,0.0005365533
-3.5955725,1.997607,0.00096270104,0.0005491015,0.001795924
-1.9995836,3.6011524,0.0017314989,0.0002845862,0.00051502197
-3.6974406,1.8991718,0.00093459076,0.00048180207,0.001867992
-1.9,3.7,0.0017320752,0.00024119548,0.00049662706
-3.8,1.8,0.0009176537,0.00041441945,0.0019255445
-3.9,1.7,0.0009097082,0.00035048818,0.0019702648
-4.0,1.6,0.00090940227,0.0002901571,0.0020036402
-4.1,1.5,0.0009149246,0.00023443674,0.0020275824
-4.2,1.4,0.0009245473,0.00018401809,0.0020439299
-4.3,1.3,0.0009366821,0.00013933655,0.0020543835
-4.4,1.2,0.00094991847,0.000100668105,0.0020604494
-4.5,1.1,0.0009630316,6.8173154e-05,0.002063412
-4.6,1.0,0.00097500655,4.1947762e-05,0.0020643277
-2.7796519,2.7048266,0.0015291836,0.00077932945,0.0008665062
-2.6789246,2.8066216,0.0016015245,0.0007301431,0.0007678255
-2.880795,2.6021566,0.0014439005,0.0008145716,0.0009845665
-2.5780766,2.9074502,0.0016597925,0.00067209586,0.0006876396
-2.9821966,2.4990778,0.0013496499,0.0008307849,0.0011190383
-2.478611,3.0089195,0.0017027458,0.00060854765,0.00062654057
-3.084907,2.3972144,0.0012524971,0.0008237609,0.001264091
-2.3813868,3.1101408,0.0017316869,0.000544215,0.00058142515
-2.2854724,3.2107685,0.0017497061,0.00048175303,0.00054791337
-3.187207,2.2961202,0.0011602939,0.00079502474,0.0014090899
-3.2891324,2.1955345,0.0010787526,0.0007478186,0.0015460688
-2.191159,3.310396,0.0017591582,0.00042303264,0.0005227892
-3.3924272,2.0961545,0.0010116054,0.00068561774,0.0016689856
-2.0971885,3.4085488,0.001763144,0.00036881634,0.00050261576
-3.4949734,1.9971609,0.00096040446,0.00061547477,0.0017732761
-1.9991336,3.5042877,0.001765548,0.00031886753,0.00048325345
-3.5969582,1.8983418,0.00092452404,0.00054195675,0.0018585233
-1.9,3.6,0.0017650662,0.00027257952,0.00046667573
-3.6982102,1.7994704,0.0009020219,0.0004686295,0.0019258972
-3.8,1.7,0.00089084636,0.00039719755,0.001977681
-3.9,1.6,0.0008884583,0.00033045924,0.0020161269
-4.0,1.5,0.00089319184,0.00026873677,0.0020431876
-4.1,1.4,0.0009030789,0.00021279145,0.0020610392
-4.2,1.3,0.0009163171,0.0001630768,0.0020716935
-4.3,1.2,0.0009313148,0.000119849276,0.0020769243
-4.4,1.1,0.00094669947,8.320588e-05,0.0020782528
-4.5,1.0,0.0009613173,5.3175416e-05,0.0020769394
-2.6804793,2.7079167,0.0016052264,0.00080508937,0.0007466493
-2.7814708,2.6048934,0.0015183297,0.0008548533,0.00086091855
-2.5794911,2.8102205,0.001675367,0.0007430405,0.00065552833
-2.8816867,2.5011888,0.0014183669,0.00088634435,0.0009966424
-2.4779236,2.9106731,0.00172954,0.0006750292,0.0005848157
-2.9838443,2.3984358,0.0013099756,0.0008922701,0.0011518111
-2.3783112,3.0120018,0.0017661883,0.0006040119,0.00053482025
-3.0860262,2.296059,0.0012027738,0.0008723735,0.0013142375
-2.2820048,3.1140726,0.0017875342,0.00053421856,0.0005016476
-2.186917,3.2142978,0.0017988026,0.0004689943,0.00047798286
-3.1883063,2.196013,0.0011057002,0.0008278322,0.0014716875
-3.291958,2.0964358,0.0010236435,0.00076385285,0.0016163436
-2.0939333,3.312584,0.0018024403,0.00040950204,0.00046136972
-3.3946164,1.9967543,0.0009598224,0.0006889189,0.0017406958
-1.9996331,3.4086452,0.0018026169,0.00035518108,0.00044674048
-3.4960866,1.8974241,0.0009140795,0.0006089582,0.0018423682
-1.899966,3.5016818,0.0018017595,0.000305336,0.00043182494
-3.5981123,1.798608,0.0008849867,0.0005275537,0.0019225148
-3.698909,1.6997583,0.0008693602,0.0004491223,0.0019833671
-3.8,1.6,0.0008646286,0.000374538,0.0020282355
-3.9,1.5,0.000868228,0.0003059735,0.002059558
-4.0,1.4,0.00087820116,0.00024377032,0.0020797348
-4.1,1.3,0.00089246966,0.00018840881,0.0020911624
-4.2,1.2,0.0009092246,0.00014011489,0.0020959498
-4.3,1.1,0.0009269161,9.892587e-05,0.0020958986
-4.4,1.0,0.0009442411,6.47922e-05,0.002092513
-2.682046,2.6090598,0.0016015124,0.00088742445,0.0007236184
-2.5812883,2.7134302,0.0016865631,0.00082107744,0.0006191897
-2.7821143,2.504252,0.0014975506,0.0009368096,0.0008561236
-2.479508,2.8158011,0.0017525866,0.0007461634,0.00053944206
-2.8828218,2.400391,0.0013795842,0.00096009276,0.0010157793
-2.3780675,2.914645,0.001799304,0.00066953717,0.00048220754
-2.985525,2.2985942,0.0012570828,0.0009511568,0.0011942165
-2.2793944,3.0177472,0.0018267876,0.0005916582,0.00044708716
-3.088132,2.1971292,0.0011416606,0.0009134185,0.0013751659
-2.182776,3.1196282,0.0018406865,0.00051822665,0.000425407
-2.0884013,3.2177598,0.0018458785,0.00045235024,0.0004112662
-3.1921537,2.0973818,0.001041796,0.0008495571,0.0015454568
-3.2951748,1.9969254,0.0009619441,0.0007699877,0.001694408
-1.9984312,3.316495,0.0018419723,0.0003925958,0.00040468754
-3.3970468,1.8969169,0.0009041949,0.00068242115,0.0018172313
-1.8988101,3.4060373,0.0018421035,0.0003393304,0.0003907705
-3.4983635,1.7978677,0.0008664816,0.0005929393,0.0019133899
-3.5986934,1.6989912,0.00084528566,0.0005060084,0.001986242
-3.7,1.6,0.0008376154,0.00042303713,0.0020392067
-3.8,1.5,0.0008397019,0.00034665372,0.0020762088
-3.9,1.4,0.00084955874,0.00027733995,0.0020997263
-4.0,1.3,0.00086481235,0.00021560842,0.00211263
-4.1,1.2,0.000883357,0.00016166305,0.002117445
-4.2,1.1,0.00090343144,0.00011546516,0.0021163218
-4.3,1.0,0.0009235691,7.687424e-05,0.002111048
-2.682588,2.50875,0.0015879383,0.0009783667,0.0006975776
-2.5831609,2.6162379,0.0016916061,0.00090745534,0.00057746976
-2.481428,2.719649,0.0017723124,0.000826676,0.00048597564
-2.7824776,2.4034562,0.0014625813,0.0010237084,0.0008550802
-2.3760917,2.8192854,0.0018334133,0.00074132334,0.00041708554
-2.8844717,2.3002093,0.0013248494,0.0010329119,0.0010452458
-2.277228,2.9206605,0.0018678753,0.0006549918,0.0003820182
-2.9877486,2.1984186,0.0011884746,0.0010052058,0.0012495563
-2.1788318,3.0247347,0.0018855068,0.00057224074,0.0003623383
-3.0925694,2.0987008,0.00106768,0.0009434312,0.0014502658
-2.0826342,3.1271088,0.0018907703,0.000496348,0.00035407356
-1.9901226,3.2250214,0.0018874345,0.0004304999,0.00035084406
-3.1968114,1.9980433,0.0009690283,0.0008595861,0.0016300543
-3.2995002,1.8972744,0.000895498,0.0007637392,0.0017793609
-1.904913,3.3197014,0.0018785802,0.00037270013,0.00035223295
-3.3997436,1.7968751,0.00084659253,0.0006652479,0.0018967466
-3.5007403,1.6984745,0.0008190704,0.0005679817,0.0019843846
-3.600603,1.5995767,0.00080709945,0.00047625584,0.0020482282
-3.7,1.5,0.0008071926,0.00039135505,0.0020924835
-3.8,1.4,0.0008167499,0.00031393598,0.0021206073
-3.9,1.3,0.00083294354,0.00024498784,0.0021358635
-4.0,1.2,0.0008533565,0.00018470437,0.002141284
-4.1,1.1,0.000875946,0.00013296142,0.0021394584
-4.2,1.0,0.00089904724,8.9503155e-05,0.002132523
-2.6823585,2.4079747,0.0015566272,0.0010741643,0.0006676909
-2.584005,2.517075,0.0016850848,0.0010015969,0.0005271552
-2.4830694,2.6261652,0.001785208,0.00091158925,0.00042491878
-2.3816164,2.7313766,0.0018569295,0.0008138122,0.00035587736
-2.7829003,2.302857,0.0014066866,0.0011106025,0.00086107367
-2.2779195,2.821681,0.0019083886,0.0007276381,0.0003038825
-2.887751,2.2005847,0.0012500983,0.0010996035,0.0010901946
-2.1771362,2.9301987,0.0019316039,0.0006310949,0.00028967942
-2.9926443,2.1001754,0.0011043249,0.0010465294,0.0013228328
-2.0785367,3.0360568,0.0019383153,0.00054453954,0.00028701636
-3.0992696,2.0000281,0.0009818403,0.0009586718,0.00154077
-1.9808291,3.1363134,0.0019362345,0.00046896184,0.00028832082
-1.8994925,3.2307322,0.0019235957,0.00040758977,0.00029886392
-3.2030993,1.8980975,0.0008893515,0.00085436314,0.0017250186
-3.302671,1.7964902,0.00082575285,0.0007456133,0.0018690038
-3.4024966,1.697295,0.00078938325,0.0006373737,0.001976536
-3.5023198,1.5988245,0.0007728023,0.0005346986,0.0020539055
-3.601196,1.4998527,0.0007706362,0.00044009375,0.002107427
-3.7,1.4,0.00077927124,0.00035405016,0.002141807
-3.8,1.3,0.0007963823,0.0002768947,0.002160527
-3.9,1.2,0.00081879424,0.00020946775,0.0021672791
-4.0,1.1,0.00084409205,0.0001515558,0.002165205
-4.1,1.0,0.0008703774,0.000102757745,0.002156884
-2.6811461,2.3070033,0.0014911095,0.0011613825,0.00063848606
-2.5836718,2.4165702,0.0016514723,0.0010928911,0.00046397242
-2.4861183,2.5315762,0.0017805396,0.0009982171,0.00035511245
-2.3773878,2.652171,0.0018791122,0.00088210875,0.0002788116
-2.2633514,2.7188034,0.0019554475,0.0008027479,0.00018044973
-2.7866158,2.2048614,0.0013197099,0.0011829691,0.0008844566
-2.171502,2.8362603,0.0019803415,0.0006933323,0.00019849263
-2.8915343,2.099568,0.0011477879,0.0011553018,0.0011534969
-2.074277,2.9451106,0.001989095,0.0005961052,0.00020705453
-3.0009332,2.0012789,0.0010030835,0.0010682466,0.0014199576
-1.9755602,3.049712,0.0019857641,0.00051031134,0.00021920318
-3.1075532,1.8995309,0.00088564976,0.0009556993,0.0016469778
-1.8744161,3.1524231,0.0019762332,0.00043461056,0.00023067258
-3.2074344,1.7968962,0.0008049857,0.00083513086,0.0018264729
-3.305891,1.6964068,0.00075669703,0.000714341,0.0019595162
-3.4051204,1.5978826,0.00073432043,0.0005991864,0.0020545851
-3.5040216,1.4995575,0.00072962814,0.00049326045,0.0021198306
-3.601893,1.4000708,0.00073744165,0.00039739048,0.0021621478
-3.7,1.3,0.00075455615,0.00031170622,0.0021861473
-3.8,1.2,0.00077912974,0.00023620066,0.0021951473
-3.9,1.1,0.0008074236,0.00017139528,0.0021934034
-4.0,1.0,0.00083718536,0.000116710005,0.0021840378
-2.581717,2.3140068,0.0015511191,0.0011540506,0.0003986585
-2.6824408,2.2093298,0.0013734062,0.00121265,0.0006427496
-2.4871738,2.4303699,0.0017337913,0.001074161,0.00026334144
-2.3938265,2.5454018,0.0018620754,0.0009737051,0.00019583869
-2.3184404,2.646323,0.0019318191,0.00087613123,0.000177762
-2.1564481,2.7437923,0.0020240135,0.0007502675,7.710078e-05
-2.7945733,2.1058464,0.0011935058,0.0012285654,0.00094569946
-2.0665355,2.855225,0.002040299,0.00064785196,0.00010921911
-2.9007852,2.0031667,0.0010244541,0.0011802998,0.0012497177
-1.9712687,2.9614034,0.0020382777,0.0005548323,0.00013672767
-3.0150485,1.903089,0.0008896003,0.0010614806,0.0015412865
-1.8714619,3.0642016,0.0020277186,0.0004721528,0.00015960843
-3.1145453,1.7974886,0.00078296853,0.0009336955,0.0017640269
-3.2106419,1.6954935,0.0007203635,0.00080014963,0.0019305042
-3.308842,1.5970727,0.0006908448,0.0006709681,0.0020477572
-3.4076548,1.4989723,0.00068331114,0.0005516925,0.002128441
-3.505908,1.4005487,0.0006908572,0.000444569,0.0021804622
-3.60166,1.2997802,0.00070760335,0.00034898618,0.0022116886
-3.7,1.2,0.00073372544,0.0002651697,0.0022245036
-3.8,1.1,0.0007653828,0.00019261002,0.0022237992
-3.9,1.0,0.00079903175,0.00013141263,0.002213839
-2.484101,2.3281274,0.0015759001,0.0010861276,0.0001696317
-2.575546,2.2101204,0.0013245101,0.0011052579,0.00037104383
-2.6914868,2.1192834,0.0012157673,0.0012130077,0.0006929767
-2.390496,2.453448,0.0018012119,0.0010195597,8.0035265e-05
-2.2988343,2.5750515,0.0019361858,0.00091780454,5.8366233e-05
-2.2168896,2.6201556,0.001991806,0.0008487833,-1.1969165e-05
-2.052746,2.7665792,0.0020790012,0.0006908649,-1.1783361e-05
-2.1291878,2.6535084,0.002038325,0.0007802666,-8.066248e-05
-2.7918217,1.9951739,0.0010003556,0.0012112559,0.0010308102
-1.9623103,2.8732834,0.0020894576,0.0005967986,3.53231e-05
-2.923718,1.9068923,0.00088635704,0.0011640169,0.0013949312
-1.8683506,2.9774892,0.0020796931,0.00051041594,7.7632794e-05
-3.027065,1.8005615,0.0007642499,0.0010312616,0.0016786739
-3.1170404,1.6957425,0.00067944184,0.0008943515,0.0018834678
-3.2125268,1.5956668,0.0006407649,0.00075140403,0.0020311663
-3.31123,1.4978853,0.00062981463,0.0006167405,0.0021315448
-3.4101493,1.4019402,0.0006382495,0.00049696764,0.0021952437
-3.5062973,1.3008945,0.00065635645,0.0003893988,0.0022353213
-3.5999506,1.1999744,0.0006817916,0.0002966233,0.0022547645
-3.7,1.1,0.000717351,0.0002153553,0.002256059
-3.8,1.0,0.0007553661,0.00014691708,0.0022460546
-2.3893616,2.3552635,0.0015905041,0.0009848725,-2.598403e-05
-2.479471,2.219081,0.0011807358,0.0009081987,0.00012900242
-2.5813904,2.1189528,0.0010314683,0.0009596626,0.0003954259
-2.7004626,2.050368,0.0010736691,0.0011868097,0.0007604704
-2.2888968,2.4909685,0.001862979,0.000934447,-7.349273e-05
-2.2008133,2.52693,0.0019047576,0.0008510549,-0.00017000451
-1.9503597,2.7864053,0.0021204662,0.0006277834,-8.4228566e-05
-2.0354526,2.6771252,0.002073927,0.00071057037,-0.00015661989
-2.1145315,2.5584881,0.0019319451,0.0007676192,-0.00024056637
-2.8360062,1.9013973,0.0008437203,0.0011873811,0.0012348947
-1.8593851,2.8900013,0.0021278327,0.00054351805,-2.3534461e-05
-2.9466944,1.8083112,0.0007417828,0.0011171794,0.001562988
-3.0269089,1.6945876,0.00062847574,0.0009799463,0.0018199435
-3.1159823,1.5953346,0.00058138656,0.0008386598,0.001998133
-3.2148926,1.4967026,0.0005685104,0.00068909104,0.0021266046
-3.314103,1.3993055,0.0005762826,0.0005526572,0.0022082655
-3.4140506,1.3066889,0.00060108333,0.00043580827,0.002253727
-3.4997053,1.1998304,0.00062263367,0.0003308896,0.0022853534
-3.5982127,1.1016774,0.0006616979,0.00024121578,0.0022897231
-3.6985655,1.0003664,0.0007048903,0.00016370791,0.002280796
-2.294803,2.3921344,0.0016065113,0.0008733738,-0.00018479279
-2.386049,2.250651,0.0010783254,0.00072443584,-8.21871e-05
-2.456849,2.0886087,0.0,0.0,0.0001524173
-2.6256447,2.0289016,0.0007802352,0.0008680051,0.00056479615
-2.6929748,1.9583211,0.00071752426,0.0009362624,0.00083479594
-2.2014463,2.430367,0.001613813,0.000765186,-0.00029987528
-1.8482565,2.8030386,0.0021498383,0.00056338846,-0.000140548
-1.9372249,2.6973035,0.002093868,0.0006357325,-0.0002227774
-2.0222533,2.5859282,0.0019432278,0.0006803176,-0.000305331
-2.1084805,2.4656155,0.0016083801,0.0006622773,-0.0003786783
-2.871925,1.8164314,0.0007028762,0.001139933,0.0014311009
-2.7447298,1.8834755,0.00062536204,0.0009402705,0.0010662382
-2.9468782,1.7034161,0.00057913334,0.0010344434,0.0017317061
-3.01548,1.5963298,0.00050357793,0.00090801215,0.0019433681
-3.1176286,1.4967453,0.00049551716,0.00076533464,0.0021071606
-3.2194104,1.3971639,0.0005061669,0.0006131075,0.0022151435
-3.3183007,1.3040744,0.0005333882,0.00048161135,0.0022745384
-3.405088,1.2068725,0.00056128536,0.0003723776,0.0023095584
-3.4960861,1.1057693,0.0005986956,0.00027110885,0.0023232587
-3.5955508,1.0034797,0.00064660877,0.0001833842,0.0023170419
-2.294421,2.2957575,0.0010600168,0.0005969666,-0.00025520232
-2.3765845,2.148494,0.0,0.0,-9.526835e-05
-2.5309837,2.0212834,0.0,0.0,0.00042776126
-2.5977,1.9466,0.0,0.0,0.0007118702
-2.2010682,2.337854,0.0010283684,0.00048822004,-0.00037782683
-1.8368613,2.714875,0.0021004966,0.0005587715,-0.00027107756
-1.9259145,2.608677,0.0019336487,0.00059145654,-0.0003600124
-2.0146546,2.4954982,0.0015863938,0.0005640153,-0.00043634255
-2.1075518,2.3746462,0.0009910465,0.00039990092,-0.00046096448
-2.8795824,1.7349176,0.00056148396,0.0010558896,0.0015945048
-2.783209,1.797602,0.00048704995,0.0008857681,0.0012979183
-2.6551583,1.8667284,0.0,0.0,0.0009690031
-2.8981705,1.603489,0.00034710494,0.000816066,0.0018465702
-3.0150578,1.5002985,0.0004038249,0.0008147193,0.0020665783
-3.1233091,1.3958355,0.00042213497,0.0006741641,0.0022114222
-3.2285845,1.2930704,0.0004570703,0.0005204821,0.0022956182
-3.3318563,1.2288134,0.0005144643,0.00041871838,0.0023177606
-3.3901517,1.1192135,0.00052589015,0.00031284362,0.002353018
-3.4897404,1.0118111,0.0005792724,0.00020874459,0.002353753
-2.2912986,2.2009819,0.0,0.0,-0.0002765027
-2.2020514,2.246409,0.0,0.0,-0.0003969011
-1.8268964,2.627348,0.0019061933,0.0005035309,-0.00039790352
-1.918532,2.5200198,0.0015454569,0.00047038804,-0.00047849308
-2.012412,2.4059818,0.0009464749,0.00032362257,-0.0005160814
-2.1096587,2.2850385,0.0,0.0,-0.00047971972
-2.8268788,1.6995051,0.00036240453,0.0008273442,0.0015877563
-2.7051702,1.7799674,0.0,0.0,0.0012288959
-2.911947,1.5017215,0.00025661936,0.0006997663,0.0020116002
-3.0259025,1.3977265,0.00032431073,0.0007056688,0.002193457
-3.1376429,1.2907939,0.00036970753,0.0005650184,0.0023045049
-3.269103,1.17026,0.00044193823,0.0003955271,0.0023629211
-3.3806717,1.0303332,0.000500373,0.0002456134,0.002387267
-1.8204647,2.5397327,0.0014883279,0.00038276485,-0.00050400576
-1.915987,2.4315612,0.00089281885,0.00025693187,-0.00055014226
-2.0148666,2.3173354,0.0,0.0,-0.00053491653
-2.7468867,1.6889269,0.0,0.0,0.0015419
-2.780746,1.5946814,0.0,0.0,0.0018019456
-2.926522,1.400658,0.00018932016,0.0005919249,0.0021613038
-2.807386,1.4981467,0.0,0.0,0.00198117
-3.0386062,1.2947197,0.0002666418,0.00058842904,0.002302328
-3.1534386,1.1841055,0.00033538998,0.00044974525,0.0023797217
-3.27182,1.0589149,0.00041338327,0.00029489468,0.0024133322
-1.8180952,2.4519534,0.0008327755,0.00019978009,-0.00056732836
-1.9182456,2.3436608,0.0,0.0,-0.000568108
-2.9390817,1.298471,0.00013937357,0.0004852032,0.0022885697
-2.8274243,1.4000287,0.0,0.0,0.0021431749
-3.0488014,1.1930718,0.00022677181,0.00047148217,0.002388218
-3.1639328,1.0782161,0.00031305733,0.0003370643,0.0024352863
-1.8202821,2.3644416,0.0,0.0,-0.0005841691
-2.949111,1.195353,0.000107203115,0.000383336,0.0023893265
-2.841348,1.3008583,0.0,0.0,0.0022784444
-3.0584762,1.0850401,0.00020274323,0.00034876209,0.0024552
-2.9547915,1.0937057,8.813527e-05,0.00028551533,0.0024619228
-2.8497744,1.2010702,0.0,0.0,0.0023840587
-4.9,-4.9,0.0009264027,9.807405e-05,0.0016041128
-5.0,-4.9,0.001,0.0,0.0016918906
-4.9,-5.0,0.0,0.0,0.0016815353
-4.8,-4.9,0.0008896317,0.00010804655,0.0014568004
-4.8,-5.0,0.0,0.0,0.0014833863
-4.9,-4.8,0.0010396328,0.000114410155,0.0014847968
-5.0,-4.8,0.001,0.0,0.0015228819
-4.8,-4.8,0.0010698534,0.0001411392,0.0014095439
-4.7,-4.9,0.00081040425,9.483534e-05,0.001360007
-4.7,-5.0,0.0,0.0,0.0013681806
-4.9,-4.7,0.0010306895,7.37893e-05,0.0014127261
-5.0,-4.7,0.001,0.0,0.0014317217
-4.8,-4.7,0.00106667,0.000107603824,0.0013714024
-4.7,-4.8,0.001072339,0.00014482114,0.0013448115
-4.6,-4.9,0.00073545333,7.6743665e-05,0.0012920004
-4.6,-5.0,0.0,0.0,0.0012937963
-4.9,-4.6,0.00101753,4.830146e-05,0.0013633422
-5.0,-4.6,0.001,0.0,0.0013736481
-4.7,-4.7,0.0010984361,0.000125965,0.001329897
-4.8,-4.6,0.0010424906,7.580758e-05,0.001340384
-4.6,-4.8,0.0010567505,0.0001346474,0.001292217
-4.5,-4.9,0.0006703158,5.94394e-05,0.0012393525
-4.5,-5.0,0.0,0.0,0.0012381545
-4.9,-4.5,0.0010103263,3.186323e-05,0.0013304802
-5.0,-4.5,0.001,0.0,0.0013366934
-4.7,-4.6,0.001071771,9.6825475e-05,0.0013138206
-4.6,-4.7,0.0011205891,0.00013064723,0.0012912252
-4.8,-4.5,0.001026045,5.2564257e-05,0.0013162127
-4.5,-4.8,0.0010274159,0.000117392134,0.0012471948
-4.4,-4.9,0.00061387394,4.509089e-05,0.0012021832
-4.4,-5.0,0.0,0.0,0.001200114
-4.9,-4.4,0.0010066064,2.199453e-05,0.0013074087
-5.0,-4.4,0.001,0.0,0.001311428
-4.6,-4.6,0.0011007576,0.00010886342,0.0012847978
-4.7,-4.5,0.0010470018,7.050031e-05,0.001298205
-4.5,-4.7,0.0011303511,0.00012591768,0.0012543619
-4.8,-4.4,0.0010169777,3.7006077e-05,0.0012978546
-4.4,-4.8,0.000990382,9.802548e-05,0.0012122595
-4.3,-4.9,0.0005672544,3.3836124e-05,0.0011755537
-4.3,-5.0,0.0,0.0,0.0011735506
-4.9,-4.3,0.0010045829,1.5260755e-05,0.001291286
-5.0,-4.3,0.001,0.0,0.0012940923
-4.6,-4.5,0.0010712204,8.270243e-05,0.0012770261
-4.5,-4.6,0.0011252017,0.00011196626,0.0012553453
-4.7,-4.4,0.0010316476,5.0761522e-05,0.0012850043
-4.4,-4.7,0.0011301961,0.00011532228,0.001223482
-4.8,-4.3,0.0010119369,2.599918e-05,0.0012844284
-4.3,-4.8,0.0009514109,7.949654e-05,0.0011852758
-4.2,-4.9,0.00052999996,2.5274054e-05,0.0011550399
-4.2,-5.0,0.0,0.0,0.0011533544
-4.9,-4.2,0.0010033989,1.049873e-05,0.0012799641
-5.0,-4.2,0.001,0.0,0.0012820535
-4.5,-4.5,0.0010957895,8.8860994e-05,0.0012543083
-4.6,-4.4,0.0010497484,6.1019502e-05,0.0012690431
-4.4,-4.6,0.0011439108,0.000108914144,0.00122902
-4.7,-4.3,0.0010226527,3.6106772e-05,0.0012748184
-4.3,-4.7,0.0011228165,0.00010212686,0.0011974233
-4.8,-4.2,0.0010089349,1.7968516e-05,0.0012747651
-4.2,-4.8,0.00091408886,6.355877e-05,0.0011631198
-4.1,-4.9,0.0005005661,1.911312e-05,0.0011379919
-4.1,-5.0,0.0,0.0,0.001136656
-4.9,-4.1,0.0010026565,6.8534496e-06,0.0012723145
-5.0,-4.1,0.001,0.0,0.0012739528
-4.5,-4.4,0.0010696573,6.727377e-05,0.0012511999
-4.4,-4.5,0.0011184274,9.032383e-05,0.00123204
-4.6,-4.3,0.0010363178,4.391297e-05,0.0012624444
-4.3,-4.6,0.0011568735,0.000102258506,0.0012051931
-4.7,-4.2,0.0010171675,2.506078e-05,0.0012672769
-4.2,-4.7,0.0011096761,8.857869e-05,0.0011739657
-4.8,-4.1,0.001007035,1.1726854e-05,0.0012681896
-4.1,-4.8,0.0008800123,5.0731906e-05,0.0011443362
-4.0,-4.9,0.00047734444,1.4719824e-05,0.0011228824
-4.0,-5.0,0.0,0.0,0.0011217998
-4.9,-4.0,0.0010021726,3.9603174e-06,0.0012675478
-5.0,-4.0,0.001,0.0,0.0012688867
-4.4,-4.4,0.0010898858,6.991076e-05,0.0012327813
-4.5,-4.3,0.001051986,4.8985446e-05,0.0012480814
-4.3,-4.5,0.0011380585,8.8178014e-05,0.0012107913
-4.6,-4.2,0.0010279007,3.0585332e-05,0.00125737
-4.2,-4.6,0.0011638695,9.3341645e-05,0.0011828699
-4.7,-4.1,0.0010136395,1.630747e-05,0.0012621289
-4.1,-4.7,0.0010930958,7.580695e-05,0.0011538645
-4.8,-4.0,0.0010057752,6.6953e-06,0.0012641491
-4.0,-4.8,0.00084994436,4.0562703e-05,0.0011279049
-3.9,-4.9,0.00045901415,1.1472003e-05,0.0011088045
-3.9,-5.0,0.0,0.0,0.0011078895
-4.9,-3.9,0.0010018416,1.5486611e-06,0.0012651691
-5.0,-3.9,0.001,0.0,0.0012663007
-4.4,-4.3,0.0010687273,5.1445615e-05,0.0012326263
-4.3,-4.4,0.0011095218,6.9596e-05,0.0012143825
-4.5,-4.2,0.0010405284,3.4170367e-05,0.0012455308
-4.2,-4.5,0.0011544074,8.316356e-05,0.001190583
-4.6,-4.1,0.0010223999,1.977891e-05,0.0012539485
-4.1,-4.6,0.0011663148,8.34854e-05,0.0011631764
-4.7,-4.0,0.0010112724,9.140886e-06,0.0012590751
-4.0,-4.7,0.0010753504,6.405755e-05,0.0011364365
-4.8,-3.9,0.0010049081,2.4634098e-06,0.0012622717
-3.9,-4.8,0.0008241566,3.2426462e-05,0.0011128803
-3.8,-4.9,0.0004445463,8.9622445e-06,0.0010952476
-3.8,-5.0,0.0,0.0,0.0010944575
-4.9,-3.8,0.0010016077,-5.330421e-07,0.0012648099
-5.0,-3.8,0.001,0.0,0.0012657976
-4.3,-4.3,0.0010858602,5.1605053e-05,0.0012166306
-4.4,-4.2,0.0010544088,3.5799192e-05,0.0012323926
-4.2,-4.4,0.001127943,6.690909e-05,0.0011962329
-4.5,-4.1,0.0010329076,2.1843669e-05,0.0012439576
-4.1,-4.5,0.0011676488,7.640031e-05,0.001171746
-4.6,-4.0,0.0010186671,1.07744345e-05,0.0012521195
-4.0,-4.6,0.0011659034,7.329238e-05,0.0011457201
-4.7,-3.9,0.0010096356,3.054968e-06,0.0012578919
-3.9,-4.7,0.0010580071,5.3431097e-05,0.0011203783
-4.8,-3.8,0.0010042976,-1.1960663e-06,0.001262266
-3.8,-4.8,0.0008024898,2.5878253e-05,0.001098625
-3.7,-4.9,0.00043315414,6.9647217e-06,0.0010819184
-3.7,-5.0,0.0,0.0,0.001081234
-4.9,-3.7,0.0010014374,-2.3629473e-06,0.0012662204
-5.0,-3.7,0.001,0.0,0.0012671069
-4.3,-4.2,0.0010690568,3.5632336e-05,0.0012184012
-4.2,-4.3,0.0011028621,4.9793936e-05,0.0012004462
-4.4,-4.1,0.0010447054,2.2438107e-05,0.0012326
-4.1,-4.4,0.0011447514,6.2466686e-05,0.0011786955
-4.5,-4.0,0.0010276684,1.1367982e-05,0.0012434872
-4.0,-4.5,0.0011783309,6.8707515e-05,0.0011543321
-4.6,-3.9,0.0010160571,3.0240333e-06,0.0012518235
-3.9,-4.6,0.0011637695,6.326128e-05,0.0011293214
-4.7,-3.8,0.0010084724,-2.2523232e-06,0.0012583896
-3.8,-4.7,0.0010418675,4.40722e-05,0.0011050148
-4.8,-3.7,0.0010038585,-4.450231e-06,0.0012639316
-3.7,-4.8,0.0007845469,2.055126e-05,0.0010847581
-3.6,-4.9,0.00042424095,5.347305e-06,0.0010686347
-3.6,-5.0,0.0,0.0,0.0010680428
-4.9,-3.6,0.0010013143,-4.021955e-06,0.0012692269
-5.0,-3.6,0.001,0.0,0.0012700392
-4.2,-4.2,0.0010840906,3.3907978e-05,0.001203876
-4.3,-4.1,0.0010574256,2.1632266e-05,0.0012202115
-4.1,-4.3,0.0011193614,4.6434503e-05,0.0011843488
-4.4,-4.0,0.0010379493,1.0846661e-05,0.0012334895
-4.0,-4.4,0.0011598631,5.692537e-05,0.0011618919
-4.5,-3.9,0.0010239676,2.2116305e-06,0.0012441981
-3.9,-4.5,0.0011869281,6.0717102e-05,0.0011377764
-4.6,-3.8,0.0010141886,-3.8093665e-06,0.0012529731
-3.8,-4.6,0.0011601878,5.386392e-05,0.0011131362
-4.7,-3.7,0.0010076315,-7.008478e-06,0.0012604259
-3.7,-4.7,0.0010272849,3.5966525e-05,0.0010901764
-4.8,-3.6,0.0010035388,-7.4093227e-06,0.001267123
-3.6,-4.8,0.0007698745,1.6153097e-05,0.001071043
-3.5,-4.9,0.00041735586,4.0168193e-06,0.0010552726
-3.5,-5.0,0.0,0.0,0.001054761
-4.9,-3.5,0.0010012271,-5.561228e-06,0.0012736906
-5.0,-3.5,0.001,0.0,0.0012744474
-4.2,-4.1,0.0010707675,1.9573303e-05,0.0012070559
-4.1,-4.2,0.0010992074,3.0906584e-05,0.0011890361
-4.3,-4.0,0.0010492323,9.23183e-06,0.0012223708
-4.0,-4.3,0.0011351784,4.199115e-05,0.0011684364
-4.4,-3.9,0.0010331307,5.487388e-07,0.0012352346
-3.9,-4.4,0.0011733952,5.074365e-05,0.0011455262
-4.5,-3.8,0.0010213002,-5.963136e-06,0.0012460968
-3.8,-4.5,0.0011935222,5.27369e-05,0.0011214259
-4.6,-3.7,0.0010128301,-9.9803565e-06,0.0012554934
-3.7,-4.6,0.001155734,4.52314e-05,0.0010974433
-4.7,-3.6,0.00100702,-1.1356654e-05,0.0012638867
-3.6,-4.7,0.0010144914,2.8967075e-05,0.0010757061
-4.8,-3.5,0.0010033046,-1.0153674e-05,0.0012717252
-3.5,-4.8,0.00075805245,1.2473689e-05,0.0010573259
-3.4,-4.9,0.00041215497,2.9064379e-06,0.001041742
-3.4,-5.0,0.0,0.0,0.0010412998
-4.9,-3.4,0.001001162,-7.0034293e-06,0.001279515
-5.0,-3.4,0.001,0.0,0.0012802312
-4.1,-4.1,0.001084496,1.644604e-05,0.0011933324
-4.2,-4.0,0.0010612751,6.608613e-06,0.0012103397
-4.0,-4.2,0.0011142178,2.6917634e-05,0.0011740073
-4.3,-3.9,0.0010433355,-1.9682554e-06,0.0012251103
-3.9,-4.3,0.0011502974,3.679281e-05,0.0011526266
-4.4,-3.8,0.001029631,-8.770068e-06,0.0012379192
-3.8,-4.4,0.001185592,4.406574e-05,0.001129398
-4.5,-3.7,0.0010193506,-1.3416177e-05,0.0012491775
-3.7,-4.5,0.0011986847,4.48796e-05,0.0011054985
-4.6,-3.6,0.0010118372,-1.5661239e-05,0.0012593119
-3.6,-4.6,0.0011511539,3.730975e-05,0.0010822974
-4.7,-3.5,0.0010065685,-1.5402024e-05,0.0012686888
-3.5,-4.7,0.0010036115,2.2900878e-05,0.0010613768
-4.8,-3.4,0.0010031326,-1.2740534e-05,0.0012776519
-3.4,-4.8,0.0007487161,9.361048e-06,0.0010434967
-3.3,-4.9,0.00040836987,1.968549e-06,0.0010279753
-3.3,-5.0,0.0,0.0,0.0010275937
-4.9,-3.3,0.0010011143,-8.378224e-06,0.0012866321
-5.0,-3.3,0.001,0.0,0.0012873189
-4.1,-4.0,0.0010738815,3.1015268e-06,0.0011975662
-4.0,-4.1,0.0010984457,1.2450163e-05,0.0011791722
-4.2,-3.9,0.0010543885,-5.292856e-06,0.0012139865
-3.9,-4.2,0.0011290422,2.2184604e-05,0.0011588347
-4.3,-3.8,0.0010390211,-1.2244956e-05,0.001228569
-3.8,-4.3,0.0011647195,3.1055504e-05,0.001136831
-4.4,-3.7,0.0010270592,-1.735881e-05,0.0012415962
-3.7,-4.4,0.0011967506,3.7098394e-05,0.0011135193
-4.5,-3.6,0.0010179166,-2.0330071e-05,0.0012534176
-3.6,-4.5,0.0012029986,3.7272726e-05,0.0010899464
-4.6,-3.5,0.0010111051,-2.0976078e-05,0.0012643782
-3.5,-4.6,0.0011469267,3.0075045e-05,0.0010673834
-4.7,-3.4,0.0010062361,-1.9228979e-05,0.0012747648
-3.4,-4.7,0.0009946445,1.7614311e-05,0.0010470299
-4.8,-3.3,0.0010030064,-1.5209212e-05,0.0012848434
-3.3,-4.8,0.0007415546,6.6996045e-06,0.0010294735
-3.2,-4.9,0.00040578985,1.1688895e-06,0.0010139219
-3.2,-5.0,0.0,0.0,0.0010135934
-4.9,-3.2,0.0010010792,-9.702796e-06,0.001294989
-5.0,-3.2,0.001,0.0,0.0012956541
-4.0,-4.0,0.0010869052,-1.1452512e-06,0.0011841712
-4.1,-3.9,0.0010661251,-9.343042e-06,0.001202002
-3.9,-4.1,0.0011125159,7.780252e-06,0.0011646481
-4.2,-3.8,0.0010493174,-1.6364047e-05,0.0012181673
-3.8,-4.2,0.0011436299,1.689467e-05,0.0011435092
-4.3,-3.7,0.0010358331,-2.1824568e-05,0.0012328431
-3.7,-4.3,0.0011784731,2.497343e-05,0.0011210664
-4.4,-3.6,0.0010251581,-2.5394966e-05,0.0012462891
-3.6,-4.4,0.0012070412,3.0113977e-05,0.001097746
-4.5,-3.5,0.0010168587,-2.6842856e-05,0.0012587978
-3.5,-4.5,0.0012068215,3.0024514e-05,0.001074553
-4.6,-3.4,0.0010105638,-2.602161e-05,0.0012706511
-3.4,-4.6,0.0011433465,2.3476514e-05,0.0010525117
-4.7,-3.3,0.0010059924,-2.2892229e-05,0.0012820654
-3.3,-4.7,0.0009875267,1.29876735e-05,0.0010325642
-4.8,-3.2,0.0010029139,-1.7592221e-05,0.0012932548
-3.2,-4.8,0.00073630014,4.404298e-06,0.0010151943
-3.1,-4.9,0.0004042353,4.911127e-07,0.0009995376
-3.1,-5.0,0.0,0.0,0.0009992551
-4.9,-3.1,0.0010010537,-1.0991333e-05,0.0013045477
-5.0,-3.1,0.001,0.0,0.001305197
-4.0,-3.9,0.0010784157,-1.4015805e-05,0.0011892633
-3.9,-4.0,0.0011002433,-5.983285e-06,0.001170235
-4.1,-3.8,0.0010603836,-2.1073145e-05,0.0012068242
-3.8,-4.1,0.0011266404,2.6070325e-06,0.001149785
-4.2,-3.7,0.0010455522,-2.680234e-05,0.0012230081
-3.7,-4.2,0.0011579517,1.1227787e-05,0.001128028
-4.3,-3.6,0.0010334679,-3.08721e-05,0.0012379934
-3.6,-4.3,0.0011916094,1.8708415e-05,0.0011052852
-4.4,-3.5,0.0010237519,-3.301997e-05,0.001252011
-3.5,-4.4,0.0012166315,2.328072e-05,0.0010819902
-4.5,-3.4,0.0010160774,-3.305591e-05,0.0012653033
-3.4,-4.5,0.0012104642,2.3156628e-05,0.0010592624
-4.6,-3.3,0.0010101673,-3.087036e-05,0.001278097
-3.3,-4.6,0.0011406189,1.7467608e-05,0.0010375445
-4.7,-3.2,0.0010058145,-2.6436093e-05,0.0012905563
-3.2,-4.7,0.000982163,8.933444e-06,0.0010178991
-4.8,-3.1,0.0010028469,-1.9913214e-05,0.0013028529
-3.1,-4.8,0.0007327198,2.422656e-06,0.0010006147
-3.0,-4.9,0.00040355083,-7.880479e-08,0.0009847981
-3.0,-5.0,0.0,0.0,0.0009845624
-4.9,-3.0,0.0010010352,-1.2253506e-05,0.0013152801
-5.0,-3.0,0.001,0.0,0.001315918
-3.9,-3.9,0.0010911623,-1.9198329e-05,0.0011758475
-4.0,-3.8,0.0010721072,-2.6297479e-05,0.0011946288
-3.8,-4.0,0.0011138264,-1.127427e-05,0.001155806
-4.1,-3.7,0.0010561049,-3.225611e-05,0.0012121759
-3.7,-4.1,0.0011407743,-2.9194985e-06,0.0011345953
-4.2,-3.6,0.0010427504,-3.6755686e-05,0.0012285963
-3.6,-4.2,0.0011720143,5.345767e-06,0.0011123726
-4.3,-3.5,0.0010317146,-3.9521663e-05,0.0012440624
-3.5,-4.3,0.001204191,1.2408726e-05,0.0010894124
-4.4,-3.4,0.001022715,-4.0337964e-05,0.0012587695
-3.4,-4.4,0.0012257705,1.6702894e-05,0.0010662972
-4.5,-3.3,0.0010155044,-3.9050894e-05,0.0012729212
-3.3,-4.5,0.0012141102,1.6699505e-05,0.0010438772
-4.6,-3.2,0.001009879,-3.557466e-05,0.0012866932
-3.2,-4.6,0.0011388644,1.20165505e-05,0.0010223651
-4.7,-3.1,0.001005686,-2.9893767e-05,0.0013002116
-3.1,-4.7,0.0009784396,5.3892363e-06,0.0010029732
-4.8,-3.0,0.0010027984,-2.2189397e-05,0.0013136138
-3.0,-4.8,0.0007306058,7.20949e-07,0.0009856953
-2.9,-4.9,0.00040361207,-5.610467e-07,0.0009696938
-2.9,-5.0,0.0,0.0,0.0009695052
-4.9,-2.9,0.0010010216,-1.3496606e-05,0.0013271665
-5.0,-2.9,0.001,0.0,0.001327796
-3.9,-3.8,0.0010843986,-3.1950305e-05,0.0011816496
-3.8,-3.9,0.0011042947,-2.477656e-05,0.0011618073
-4.0,-3.7,0.0010673956,-3.8130995e-05,0.0012004182
-3.7,-4.0,0.001127608,-1.6891923e-05,0.0011409114
-4.1,-3.6,0.0010529155,-4.3020413e-05,0.001218162
-3.6,-4.1,0.0011549023,-8.665792e-06,0.0011190845
-4.2,-3.5,0.0010406722,-4.634622e-05,0.001234998
-3.5,-4.2,0.0011858356,-6.26365e-07,0.0010965066
-4.3,-3.4,0.0010304233,-4.7876714e-05,0.001251079
-3.4,-4.3,0.0012163504,6.2317963e-06,0.0010734393
-4.4,-3.3,0.0010219562,-4.7431535e-05,0.0012665727
-3.3,-4.4,0.001234585,1.044405e-05,0.0010505067
-4.5,-3.2,0.0010150897,-4.4888693e-05,0.0012816414
-3.2,-4.5,0.001217894,1.0709983e-05,0.0010282232
-4.6,-3.1,0.0010096718,-4.0175313e-05,0.0012964237
-3.1,-4.6,0.001138107,7.1322934e-06,0.0010069105
-4.7,-3.0,0.0010055937,-3.3289885e-05,0.0013110136
-3.0,-4.7,0.0009762191,2.3006514e-06,0.0009877296
-4.8,-2.9,0.0010027632,-2.4433344e-05,0.0013255208
-2.9,-4.8,0.0007297629,-7.3192643e-07,0.0009704186
-2.8,-4.9,0.00040430887,-9.68054e-07,0.0009542105
-2.8,-5.0,0.0,0.0,0.00095406146
-4.9,-2.8,0.0010010113,-1.4725581e-05,0.0013401919
-5.0,-2.8,0.001,0.0,0.0013408152
-3.8,-3.8,0.0010971888,-3.7939782e-05,0.0011679375
-3.9,-3.6999998,0.0010793445,-4.4359494e-05,0.001187793
-3.7,-3.9,0.0011177632,-3.064121e-05,0.0011471766
-4.0,-3.6,0.0010638831,-4.9624843e-05,0.0012067457
-3.6,-4.0,0.0011415601,-2.2718395e-05,0.0011255636
-4.1,-3.5,0.0010505518,-5.3474803e-05,0.0012248649
-3.5,-4.1,0.0011690244,-1.4515964e-05,0.0011032379
-4.2,-3.3999999,0.0010391447,-5.5670913e-05,0.0012422617
-3.4,-4.2,0.0011994513,-6.5711297e-06,0.0010804
-4.3,-3.3,0.0010294832,-5.6018423e-05,0.0012590688
-3.3,-4.3,0.0012282291,2.6545837e-07,0.0010572873
-4.4,-3.2,0.0010214098,-5.436655e-05,0.001275426
-3.2,-4.4,0.0012431687,4.5525785e-06,0.0010344622
-4.5,-3.1,0.0010147934,-5.06142e-05,0.0012914597
-3.1,-4.5,0.0012218609,5.2438495e-06,0.0010121893
-4.6,-3.0,0.001009524,-4.470307e-05,0.0013072788
-3.0,-4.6,0.0011383084,2.8271866e-06,0.0009911769
-4.7,-2.9,0.0010055269,-3.664225e-05,0.0013229499
-2.9,-4.7,0.0009753389,-3.8266555e-07,0.00097214634
-4.8,-2.8,0.0010027365,-2.665366e-05,0.001338562
-2.8,-4.8,0.0007300168,-1.9649294e-06,0.0009547827
-2.7,-4.9,0.00040554057,-1.3088944e-06,0.00093834
-2.7,-5.0,0.0,0.0,0.00093822466
-4.9,-2.7,0.001001003,-1.5943408e-05,0.0013543457
-5.0,-2.7,0.001,0.0,0.0013549638
-3.8,-3.6999996,0.0010918876,-5.086667e-05,0.001174345
-3.7,-3.8,0.0011104264,-4.4174063e-05,0.0011535289
-3.9,-3.5999997,0.0010755841,-5.6515248e-05,0.0011943937
-3.6,-3.9,0.0011315338,-3.6690228e-05,0.0011319759
-4.0,-3.4999998,0.0010612874,-6.0874263e-05,0.0012137044
-3.5,-4.0,0.0011556692,-2.8648743e-05,0.0011097639
-4.1,-3.3999999,0.001048822,-6.3706764e-05,0.001232349
-3.4,-4.1,0.0011831498,-2.0368881e-05,0.0010870334
-4.2,-3.3,0.0010380404,-6.480879e-05,0.0012504271
-3.3,-4.2,0.0012129304,-1.2390625e-05,0.0010640066
-4.3,-3.2,0.0010288109,-6.401149e-05,0.001268053
-3.2,-4.3,0.0012399262,-5.462093e-06,0.0010408516
-4.4,-3.1,0.0010210236,-6.1191575e-05,0.001285336
-3.1,-4.4,0.001251585,-9.695476e-07,0.001018042
-4.5,-3.0,0.0010145847,-5.6262917e-05,0.001302375
-3.0,-4.5,0.001226076,2.9938712e-07,0.0009958438
-4.6,-2.9,0.0010094183,-4.9180177e-05,0.0013192522
-2.9,-4.6,0.0011394348,-9.598555e-07,0.00097516866
-4.7,-2.8,0.0010054769,-3.99631e-05,0.0013360126
-2.8,-4.7,0.0009756471,-2.6993491e-06,0.00095622893
-4.8,-2.7,0.0010027146,-2.885553e-05,0.0013527285
-2.7,-4.8,0.00073122163,-3.0055721e-06,0.00093877874
-2.6,-4.9,0.00040721896,-1.5897504e-06,0.0009220814
-2.6,-5.0,0.0,0.0,0.00092199666
-4.9,-2.6,0.001000995,-1.7151511e-05,0.0013696185
-5.0,-2.6,0.001,0.0,0.0013702317
-3.7,-3.6999998,0.0011049738,-5.757424e-05,0.0011601088
-3.8,-3.5999994,0.0010879606,-6.362954e-05,0.0011811438
-3.6,-3.8,0.0011240736,-5.0564075e-05,0.0011384485
-3.9,-3.4999995,0.0010728204,-6.85006e-05,0.0012015515
-3.5,-3.9,0.0011455843,-4.2829895e-05,0.0011162163
-4.0,-3.3999996,0.0010594017,-7.1957096e-05,0.0012213694
-3.4,-4.0,0.0011699306,-3.459192e-05,0.0010935058
-4.1,-3.3,0.001047583,-7.3790165e-05,0.001240667
-3.3,-4.1,0.0011972976,-2.6139667e-05,0.0010704497
-4.2,-3.1999998,0.0010372606,-7.382161e-05,0.0012595293
-3.2,-4.2,0.0012263316,-1.802353e-05,0.0010472606
-4.3,-3.1,0.0010283426,-7.19077e-05,0.0012780502
-3.1,-4.3,0.0012515099,-1.09473995e-05,0.001024079
-4.4,-3.0,0.0010207559,-6.7944355e-05,0.0012963118
-3.0,-4.4,0.0012599267,-6.151134e-06,0.0010012673
-4.5,-2.9,0.0010144379,-6.186035e-05,0.001314389
-2.9,-4.5,0.0012307174,-4.168072e-06,0.0009793207
-4.6,-2.8,0.0010093403,-5.3621923e-05,0.0013323415
-2.8,-4.6,0.0011414571,-4.292103e-06,0.00095885457
-4.7,-2.7,0.0010054361,-4.3259774e-05,0.0013501965
-2.7,-4.7,0.0009770205,-4.689405e-06,0.00093996944
-4.8,-2.6,0.001002694,-3.1041283e-05,0.0013680131
-2.6,-4.8,0.0007332449,-3.874927e-06,0.00092239905
-2.5,-4.9,0.0004092645,-1.8152889e-06,0.0009054401
-2.5,-5.0,0.0,0.0,0.00090538413
-4.9,-2.5,0.0010009863,-1.8349458e-05,0.0013860014
-5.0,-2.5,0.001,0.0,0.0013866093
-3.7,-3.5999985,0.0011009646,-7.090065e-05,0.0011670256
-3.6,-3.6999998,0.0011185639,-6.440392e-05,0.0011451094
-3.8,-3.4999988,0.0010851,-7.630118e-05,0.0011884355
-3.5,-3.8,0.0011381027,-5.702529e-05,0.0011227126
-3.9,-3.3999991,0.001070835,-8.038393e-05,0.001209348
-3.4,-3.9,0.0011599008,-4.8975668e-05,0.0010999023
-4.0,-3.2999995,0.0010580698,-8.294024e-05,0.0012298046
-3.3,-4.0,0.0011843456,-4.0468203e-05,0.001076781
-4.1,-3.1999998,0.0010467245,-8.378465e-05,0.0012498645
-3.2,-4.1,0.0012114897,-3.176768e-05,0.0010534632
-4.2,-3.1,0.0010367284,-8.2759994e-05,0.0012695995
-3.1,-4.2,0.0012396885,-2.3430755e-05,0.0010301371
-4.3,-3.0,0.0010280261,-7.97457e-05,0.0012890793
-3.0,-4.3,0.0012630213,-1.6159924e-05,0.0010069675
-4.4,-2.9,0.0010205723,-7.4652635e-05,0.0013083639
-2.9,-4.4,0.0012683735,-1.0951979e-05,0.0009842687
-4.5,-2.8,0.0010143317,-6.742412e-05,0.0013275059
-2.8,-4.5,0.0012358638,-8.182596e-06,0.00096254156
-4.6,-2.7,0.0010092772,-5.8037418e-05,0.0013465462
-2.7,-4.6,0.0011443276,-7.2141806e-06,0.00094221684
-4.7,-2.6,0.0010053976,-4.6535406e-05,0.0013654976
-2.6,-4.7,0.0009793411,-6.3839643e-06,0.00092335616
-4.8,-2.5,0.0010026712,-3.3210345e-05,0.0013844093
-2.5,-4.8,0.0007359601,-4.5905476e-06,0.0009056464
-2.4,-4.9,0.0004116064,-1.9920233e-06,0.0008884266
-2.4,-5.0,0.0,0.0,0.00088839704
-3.6000001,-3.599997,0.0011145573,-7.825915e-05,0.0011520626
-3.7,-3.4999976,0.001098083,-8.421721e-05,0.0011743801
-3.5,-3.7,0.0011326268,-7.1279195e-05,0.0011293658
-3.8000002,-3.3999982,0.0010830788,-8.8941284e-05,0.0011963053
-3.4,-3.8,0.0011524934,-6.347907e-05,0.0011063326
-3.9,-3.2999988,0.0010694617,-9.222575e-05,0.0012178546
-3.3,-3.9,0.0011744744,-5.5052205e-05,0.0010830361
-4.0,-3.199999,0.0010571703,-9.387968e-05,0.0012390648
-3.2,-4.0,0.0011989184,-4.620969e-05,0.0010595804
-4.1,-3.0999994,0.0010461572,-9.3737995e-05,0.0012599838
-3.1,-4.1,0.0012257406,-3.7205624e-05,0.0010360617
-4.2,-2.9999998,0.0010363819,-9.1663744e-05,0.0012806664
-3.0,-4.2,0.0012530256,-2.857953e-05,0.0010126499
-4.3,-2.8999999,0.0010278175,-8.7554086e-05,0.0013011596
-2.9,-4.3,0.0012744975,-2.1031328e-05,0.000989533
-4.4,-2.8,0.0010204436,-8.133554e-05,0.0013215035
-2.8,-4.4,0.0012770101,-1.5327594e-05,0.00096699473
-4.5,-2.7,0.0010142472,-7.2964554e-05,0.0013417309
-2.7,-4.5,0.0012415262,-1.1767226e-05,0.00094545365
-4.6,-2.6,0.0010092175,-6.243031e-05,0.0013618667
-2.6,-4.6,0.001147986,-9.7473285e-06,0.00092525675
-4.7,-2.5,0.0010053546,-4.9789003e-05,0.001381912
-2.5,-4.7,0.0009824906,-7.810325e-06,0.00090638956
-2.4,-4.8,0.00073925575,-5.1693632e-06,0.0008885334
-2.3,-4.9,0.0004141821,-2.1248643e-06,0.000871055
-2.3,-5.0,0.0,0.0,0.00087104976
-3.5,-3.5999985,0.0011287063,-8.5634674e-05,0.001136273
-3.6000004,-3.4999955,0.0011117323,-9.218607e-05,0.0011594048
-3.7000003,-3.3999965,0.0010960953,-9.7576565e-05,0.001182258
-3.4,-3.7,0.0011471374,-7.812674e-05,0.0011128929
-3.8000002,-3.2999973,0.001081723,-0.0001016048,0.0012048292
-3.3,-3.8,0.0011672297,-6.985314e-05,0.0010893174
-3.9,-3.1999981,0.0010685695,-0.000104077306,0.0012271341
-3.2,-3.9,0.0011892975,-6.099317e-05,0.0010656195
-4.0,-3.0999987,0.0010566053,-0.00010482134,0.0012492003
-3.1,-4.0,0.0012136505,-5.1758998e-05,0.0010418996
-4.1,-2.9999993,0.0010458082,-0.00010368852,0.0012710633
-3.0,-4.1,0.001240061,-4.240473e-05,0.0010182449
-4.2,-2.8999996,0.0010361677,-0.00010056159,0.0012927577
-2.9,-4.2,0.0012663598,-3.3435565e-05,0.0009948014
-4.3,-2.7999997,0.001027679,-9.53528e-05,0.0013143108
-2.8,-4.3,0.0012859902,-2.5526459e-05,0.0009717676
-4.4,-2.6999998,0.0010203439,-8.8004104e-05,0.001335743
-2.7,-4.4,0.001285876,-1.927717e-05,0.00094940484
-4.5,-2.6,0.0010141667,-7.8485486e-05,0.00135707
-2.6,-4.5,0.0012476908,-1.4929038e-05,0.00092806027
-4.6,-2.5,0.0010091497,-6.679893e-05,0.0013783034
-2.5,-4.6,0.0011523719,-1.1917314e-05,0.0009079706
-2.4,-4.7,0.0009863618,-8.996656e-06,0.0008890791
-2.3,-4.8,0.0007430334,-5.6244126e-06,0.00087107165
-2.2,-4.9,0.00041693475,-2.2172999e-06,0.0008533429
-2.2,-5.0,0.0,0.0,0.0008533602
-3.5000007,-3.499992,0.0011260165,-0.000100143,0.0011435259
-3.4,-3.5999992,0.0011433841,-9.2958784e-05,0.0011196731
-3.6000004,-3.3999934,0.0011098512,-0.00010623219,0.0011672205
-3.7000003,-3.2999947,0.0010948218,-0.00011102902,0.0011907382
-3.3,-3.7,0.0011620749,-8.4877196e-05,0.0010957035
-3.8000002,-3.199996,0.001080894,-0.0001143389,0.0012140757
-3.2,-3.8,0.0011822975,-7.608135e-05,0.0010716752
-3.9,-3.099997,0.0010680517,-0.000115982206,0.0012372441
-3.1,-3.9,0.0012043632,-6.674042e-05,0.0010476573
-4.0,-2.9999979,0.0010562915,-0.0001158016,0.0012602587
-3.0,-4.0,0.0012285387,-5.70664e-05,0.0010237417
-4.1,-2.8999987,0.001045616,-0.00011366561,0.0012831398
-2.9,-4.1,0.0012544574,-4.731993e-05,0.0010000127
-4.2,-2.7999992,0.001036039,-0.00010947335,0.0013059013
-2.8,-4.2,0.0012797124,-3.79655e-05,0.0009765923
-4.3,-2.6999996,0.0010275764,-0.0001031531,0.0013285523
-2.7,-4.3,0.0012975421,-2.963358e-05,0.00095366937
-4.4,-2.6,0.0010202485,-9.4661984e-05,0.0013510947
-2.6,-4.4,0.0012949951,-2.2808663e-05,0.000931514
-4.5,-2.5,0.0010140735,-8.398433e-05,0.0013735291
-2.5,-4.5,0.0012543463,-1.7683782e-05,0.00091035746
-2.4,-4.6,0.0011574199,-1.3761073e-05,0.0008903543
-2.3,-4.7,0.0009908555,-9.96199e-06,0.00087143434
-2.2,-4.8,0.0007472019,-5.9654617e-06,0.0008532771
-2.1,-4.9,0.00041981187,-2.2723302e-06,0.0008353114
-2.1,-5.0,0.0,0.0,0.0008353498
-3.4000003,-3.4999957,0.0011409075,-0.00010802126,0.0011267577
-3.500001,-3.3999884,0.0011243166,-0.00011484714,0.0011512055
-3.3,-3.5999997,0.0011585664,-0.000100164405,0.0011022777
-3.6000006,-3.2999902,0.0011087296,-0.000120444376,0.0011755892
-3.7000005,-3.199992,0.0010941185,-0.00012461863,0.0011998919
-3.2,-3.7,0.0011774197,-9.1465576e-05,0.0010778107
-3.8000004,-3.0999937,0.001080478,-0.00012718495,0.0012241085
-3.1,-3.8,0.0011976828,-8.210353e-05,0.0010534164
-3.9000003,-2.9999952,0.001067818,-0.00012797587,0.0012482388
-3.0,-3.9,0.0012196618,-7.224176e-05,0.0010291578
-4.0,-2.8999965,0.0010561578,-0.0001268492,0.0012722851
-2.9,-4.0,0.0012435784,-6.208881e-05,0.0010051158
-4.1,-2.7999978,0.0010455251,-0.00012368885,0.001296249
-2.8,-4.1,0.0012689326,-5.1912808e-05,0.0009813716
-4.2,-2.6999986,0.0010359533,-0.00011841031,0.0013201252
-2.7,-4.2,0.0012931009,-4.2140346e-05,0.0009580273
-4.3,-2.5999992,0.0010274779,-0.00011095818,0.001343904
-2.6,-4.3,0.0013091904,-3.3342418e-05,0.00093526096
-4.4,-2.4999998,0.0010201341,-0.00010130547,0.0013675705
-2.5,-4.4,0.001304377,-2.5929494e-05,0.00091332645
-2.4,-4.5,0.0012614718,-2.0062798e-05,0.0008923386
-2.3,-4.6,0.0011630582,-1.5298052e-05,0.00087241863
-2.2,-4.7,0.0009958771,-1.0722899e-05,0.000853469
-2.1,-4.8,0.0007516764,-6.200662e-06,0.00083517027
-2.0,-4.9,0.00042276483,-2.2925976e-06,0.0008169851
-2.0,-5.0,0.0,0.0,0.0008170429
-3.400002,-3.399981,0.0011394643,-0.0001233582,0.0011342253
-3.3000002,-3.4999976,0.001156379,-0.0001157568,0.0011091158
-3.5000014,-3.2999835,0.0011234198,-0.00012979227,0.0011593897
-3.2,-3.6,0.0011742302,-0.000107187065,0.0010841021
-3.600001,-3.1999857,0.0011082196,-0.00013486465,0.0011845835
-3.7000008,-3.0999882,0.0010938654,-0.00013838518,0.0012097873
-3.1,-3.7,0.0011931525,-9.7831304e-05,0.0010592295
-3.8000007,-2.9999905,0.0010803769,-0.00014017704,0.001234988
-3.0,-3.8,0.00121337,-8.7865126e-05,0.0010345547
-3.9000003,-2.8999925,0.0010677886,-0.00014008647,0.0012601711
-2.9,-3.9,0.0012351819,-7.744981e-05,0.0010101335
-4.0,-2.7999945,0.0010561404,-0.0001379833,0.0012853236
-2.8,-4.0,0.0012587622,-6.678797e-05,0.0009860347
-4.1,-2.6999962,0.0010454839,-0.00013376893,0.001310427
-2.7,-4.1,0.0012834861,-5.6151373e-05,0.00096233416
-4.2000003,-2.5999978,0.0010358704,-0.00012737494,0.0013354566
-2.6,-4.2,0.0013065385,-4.593202e-05,0.0009391184
-4.3,-2.4999988,0.0010273524,-0.00011876305,0.0013603845
-2.5,-4.3,0.0013209528,-3.664318e-05,0.00091655087
-2.4,-4.4,0.0013140179,-2.8651248e-05,0.0008948407
-2.3,-4.5,0.001269029,-2.2081798e-05,0.0008740129
-2.2,-4.6,0.0011692148,-1.6545882e-05,0.0008541785
-2.1,-4.7,0.0010013364,-1.1293737e-05,0.00083520205
-2.0,-4.8,0.000756378,-6.3373495e-06,0.0008167752
-1.9,-4.9,0.00042574847,-2.28044e-06,0.0007983913
-1.9,-5.0,0.0,0.0,0.0007984669
-3.3000011,-3.3999894,0.0011552685,-0.00013169833,0.0011162913
-3.400003,-3.2999737,0.0011388673,-0.0001390107,0.0011421485
-3.2,-3.4999988,0.0011724054,-0.00012328521,0.0010906165
-3.5000024,-3.1999767,0.0011231753,-0.00014501961,0.0011681519
-3.1,-3.6,0.0011903521,-0.00011396529,0.0010651642
-3.6000018,-3.0999796,0.0011081966,-0.00014953206,0.0011942743
-3.7000012,-2.9999826,0.0010939583,-0.00015236232,0.00122049
-3.0,-3.7,0.001209253,-0.00010391817,0.0010399779
-3.800001,-2.8999856,0.001080504,-0.00015334335,0.0012467729
-2.9,-3.8,0.0012293415,-9.3316754e-05,0.0010151077
-3.9000006,-2.7999885,0.00106789,-0.00015233248,0.0012730927
-2.8,-3.9,0.0012509092,-8.2322025e-05,0.000990602
-4.0000005,-2.6999912,0.0010561792,-0.00014921455,0.0012994183
-2.7,-4.0,0.001274081,-7.112946e-05,0.0009665159
-4.1000004,-2.5999937,0.001045443,-0.00014390776,0.0013257093
-2.6,-4.1,0.0012981151,-6.000892e-05,0.00094291783
-4.2000003,-2.499996,0.0010357507,-0.00013636093,0.0013519224
-2.5,-4.2,0.0013200346,-4.9319115e-05,0.0009198786
-2.4,-4.3,0.0013328331,-3.9530074e-05,0.0008975433
-2.3,-4.4,0.0013238868,-3.09829e-05,0.00087605795
-2.2,-4.5,0.0012769797,-2.3763283e-05,0.0008553947
-2.1,-4.6,0.0011758207,-1.7519955e-05,0.0008356508
-2.0,-4.7,0.0010071467,-1.1684989e-05,0.00081665674
-1.9,-4.8,0.00076123246,-6.382292e-06,0.000798119
-1.8,-4.9,0.00042872108,-2.2382644e-06,0.00077956007
-1.8,-5.0,0.0,0.0,0.0007796519
-3.3000054,-3.2999606,0.0011550467,-0.00014803515,0.0011238756
-3.2000005,-3.399994,0.0011717019,-0.00013980553,0.0010974209
-3.4000044,-3.1999638,0.0011389634,-0.00015502174,0.0011506
-3.1000001,-3.4999993,0.0011889607,-0.00013054386,0.0010712789
-3.5000036,-3.0999675,0.0011234548,-0.00016056861,0.0011775633
-3.0,-3.6,0.0012069073,-0.00012044085,0.0010454853
-3.6000028,-2.9999712,0.001108551,-0.00016448073,0.0012047304
-3.700002,-2.8999748,0.0010943027,-0.00016657812,0.0012320644
-2.9,-3.7,0.0012256984,-0.00010967419,0.0010200778
-3.8000014,-2.7999787,0.0010807776,-0.00016670271,0.0012595223
-2.8,-3.8,0.0012455771,-9.8413846e-05,0.000995098
-3.900001,-2.6999826,0.0010680528,-0.00016472445,0.0012870564
-2.7,-3.9,0.0012668265,-8.682081e-05,0.0009705849
-4.0000005,-2.5999863,0.0010562153,-0.00016054447,0.0013146132
-2.6,-4.0,0.0012895225,-7.508291e-05,0.0009465803
-4.1000004,-2.49999,0.001045354,-0.00015409775,0.0013421313
-2.5,-4.1,0.0013128155,-6.346348e-05,0.00092314224
-2.4,-4.2,0.0013335941,-5.2288346e-05,0.000900323
-2.3,-4.3,0.0013448088,-4.2005442e-05,0.0008782435
-2.2,-4.4,0.0013339757,-3.2937456e-05,0.0008570093
-2.1,-4.5,0.0012852799,-2.5117219e-05,0.00083649094
-2.0,-4.6,0.0011828027,-1.8232118e-05,0.0008168539
-1.9,-4.7,0.0010132237,-1.1905778e-05,0.000797861
-1.8,-4.8,0.00076617004,-6.342358e-06,0.0007792317
-1.7,-4.9,0.0004316442,-2.1688115e-06,0.0007605237
-1.7,-5.0,0.0,0.0,0.00076062995
-3.200003,-3.2999773,0.0011719324,-0.00015679447,0.0011045813
-3.3000078,-3.1999474,0.0011555613,-0.00016480549,0.0011319341
-3.1000004,-3.3999968,0.001188737,-0.0001476152,0.0010776338
-3.4000065,-3.099951,0.0011396222,-0.00017143226,0.0011596511
-3.0,-3.4999995,0.0012060166,-0.00013747245,0.0010511266
-3.5000052,-2.9999552,0.0011241443,-0.00017647482,0.0011876952
-2.9,-3.6,0.0012238687,-0.00012655908,0.0010250909
-3.6000042,-2.8999596,0.001109182,-0.00017973974,0.0012160208
-3.7000031,-2.7999642,0.0010948096,-0.00018105254,0.0012445756
-2.8,-3.7,0.0012424634,-0.0001150516,0.0009995565
-3.8000023,-2.699969,0.0010811191,-0.00018026636,0.0012732961
-2.7,-3.8,0.0012620536,-0.00010311646,0.0009745532
-3.9000015,-2.599974,0.0010682095,-0.0001772641,0.0013021142
-2.6,-3.9,0.001282914,-9.091361e-05,0.0009501092
-4.000001,-2.499979,0.0010561902,-0.00017196423,0.0013309522
-2.5,-4.0,0.0013050726,-7.862272e-05,0.0009262525
-2.4,-4.1,0.0013275811,-6.6497894e-05,0.00090302905
-2.3,-4.2,0.0013472134,-5.4834618e-05,0.0008804683
-2.2,-4.3,0.0013568808,-4.4065284e-05,0.00085868896
-2.1,-4.4,0.0013442466,-3.451421e-05,0.00083766185
-2.0,-4.5,0.0012938622,-2.6132151e-05,0.0008173213
-1.9,-4.6,0.0011900808,-1.8695426e-05,0.00079781597
-1.8,-4.7,0.0010194866,-1.19678825e-05,0.00077884604
-1.7,-4.8,0.0007711262,-6.224807e-06,0.00076014583
-1.6,-4.9,0.00043448308,-2.0750115e-06,0.0007413162
-1.6,-5.0,0.0,0.0,0.00074143516
-3.200012,-3.1999278,0.0011729436,-0.00017430252,0.0011121645
-3.1000016,-3.2999868,0.0011894951,-0.00016522741,0.0010842875
-3.3000112,-3.0999308,0.0011566797,-0.0001820555,0.0011405378
-3.0000002,-3.3999982,0.0012063426,-0.00015506397,0.0010569543
-3.4000096,-2.9999347,0.0011407264,-0.00018828044,0.0011693732
-2.9,-3.4999998,0.0012235423,-0.00014401328,0.0010301882
-3.5000079,-2.8999393,0.0011251378,-0.00019276958,0.0011986195
-2.8,-3.6,0.001241206,-0.0001322692,0.0010040123
-3.6000063,-2.7999442,0.0011099931,-0.0001953313,0.0012282162
-3.7000048,-2.6999495,0.0010953924,-0.00019579884,0.0012580903
-2.7,-3.7,0.0012595194,-0.0001200071,0.0009784458
-3.8000035,-2.5999553,0.0010814505,-0.00019403624,0.0012881552
-2.6,-3.8,0.0012787451,-0.000107389285,0.00095350505
-3.9000025,-2.4999614,0.0010682913,-0.00018994203,0.0013183195
-2.5,-3.9,0.0012991494,-9.4573006e-05,0.00092920574
-2.4,-4.0,0.0013207146,-8.172875e-05,0.0009055605
-2.3,-4.1,0.0013424028,-6.9100686e-05,0.00088260166
-2.2,-4.2,0.0013608867,-5.6952988e-05,0.0008603372
-2.1,-4.3,0.001369027,-4.5717738e-05,0.00083885086
-2.0,-4.4,0.0013546253,-3.5707675e-05,0.0008180096
-1.9,-4.5,0.0013026572,-2.6820424e-05,0.00079793367
-1.8,-4.6,0.0011975762,-1.8926161e-05,0.0007785735
-1.7,-4.7,0.00102586,-1.1884784e-05,0.0007596446
-1.6,-4.8,0.0007760415,-6.037057e-06,0.0007408953
-1.5,-4.9,0.0004372065,-1.9597724e-06,0.00072197284
-1.5,-5.0,0.0,0.0,0.00072210294
-3.1000068,-3.1999574,0.0011910833,-0.00018343402,0.0010913006
-3.200016,-3.0999084,0.0011746049,-0.00019236683,0.0011202289
-3.000001,-3.2999926,0.0012077023,-0.00017326674,0.0010630189
-3.3000157,-2.9999106,0.0011582822,-0.00019982723,0.0011497571
-2.9,-3.399999,0.001224485,-0.00016209058,0.001035413
-3.4000137,-2.8999145,0.0011421648,-0.00020560103,0.0011798398
-2.8,-3.5,0.0012415028,-0.00015011187,0.0010084982
-3.5000117,-2.799919,0.001126332,-0.00020947834,0.0012104108
-2.7,-3.6,0.0012588855,-0.00013752452,0.0009822864
-3.6000094,-2.6999242,0.0011108883,-0.00021127041,0.0012413892
-3.7000074,-2.59993,0.0010959622,-0.00021081936,0.0012726769
-2.6,-3.7,0.0012768345,-0.00012450214,0.00095678336
-3.8000057,-2.4999366,0.0010816916,-0.00020800269,0.0013041623
-2.5,-3.8,0.0012956227,-0.00011120198,0.00093199057
-2.4,-3.9,0.0013155077,-9.777683e-05,0.0009079095
-2.3,-4.0,0.0013364294,-8.438689e-05,0.00088453596
-2.2,-4.1,0.0013572681,-7.126622e-05,0.0008618861
-2.1,-4.2,0.0013746078,-5.8657002e-05,0.0008399444
-2.0,-4.3,0.001381196,-4.6994257e-05,0.0008187175
-1.9,-4.4,0.0013651045,-3.653985e-05,0.000798169
-1.8,-4.5,0.0013116122,-2.7211097e-05,0.0007783686
-1.7,-4.6,0.0012052188,-1.8941731e-05,0.0007591617
-1.6,-4.7,0.0010322742,-1.1669841e-05,0.0007402904
-1.5,-4.8,0.0007808621,-5.786501e-06,0.00072151545
-1.4,-4.9,0.00043978685,-1.825886e-06,0.00070253
-1.4,-5.0,0.0,0.0,0.0007026696
-3.1000113,-3.099933,0.0011933714,-0.00020228277,0.0010987305
-3.0000038,-3.199975,0.0012099466,-0.00019213842,0.0010693735
-3.200021,-2.9998858,0.0011767941,-0.00021103946,0.0011288463
-2.9000006,-3.2999957,0.0012265176,-0.00018084666,0.0010408073
-3.3000216,-2.8998864,0.0011602541,-0.00021816029,0.0011596658
-2.8,-3.3999994,0.0012431254,-0.00016863648,0.0010130476
-3.4000196,-2.7998896,0.001143828,-0.00022342359,0.0011911279
-2.7,-3.5,0.0012598599,-0.00015571757,0.0009860982
-3.500017,-2.6998937,0.0011276224,-0.00022661928,0.0012231473
-2.6,-3.6,0.0012768697,-0.00014228305,0.00095995626
-3.600014,-2.5998988,0.0011117692,-0.0002275617,0.0012556158
-3.7000113,-2.4999049,0.0010964273,-0.00022610606,0.0012884074
-2.5,-3.7,0.0012943737,-0.00012850329,0.00093461236
-2.4,-3.8,0.0013126545,-0.00011452949,0.0009100513
-2.3,-3.9,0.0013319618,-0.00010050839,0.00088625925
-2.2,-4.0,0.001352195,-8.6589374e-05,0.00086321385
-2.1,-4.1,0.0013721609,-7.299624e-05,0.00084091234
-2.0,-4.2,0.0013883506,-5.997153e-05,0.00081931375
-1.9,-4.3,0.0013933934,-4.7910125e-05,0.00079840247
-1.8,-4.4,0.0013756809,-3.7038622e-05,0.0007781956
-1.7,-4.5,0.001320682,-2.732926e-05,0.0007586559
-1.6,-4.6,0.0012129444,-1.8759663e-05,0.0007396145
-1.5,-4.7,0.0010386654,-1.1335915e-05,0.00072081835
-1.4,-4.8,0.00078553945,-5.4804027e-06,0.0007020423
-1.3,-4.9,0.00044219993,-1.6759994e-06,0.00068302435
-1.3,-5.0,0.0,0.0,0.00068317197
-3.1000147,-2.999871,0.0011962379,-0.00022183564,0.0011066431
-3.0000076,-3.099954,0.001212946,-0.00021173603,0.0010760704
-2.9000022,-3.1999853,0.0012294953,-0.00020034489,0.0010464147
-3.2000265,-2.899861,0.0011793931,-0.00023036655,0.0011380875
-2.8000002,-3.2999976,0.0012458997,-0.00018790379,0.0010176927
-3.3000298,-2.799858,0.0011624799,-0.00023708925,0.0011703419
-2.7,-3.3999996,0.0012622211,-0.00017464637,0.0009899037
-3.4000278,-2.69986,0.0011456028,-0.00024177077,0.0012033189
-2.6,-3.5,0.0012785705,-0.0001607841,0.00096303667
-3.5000243,-2.5998633,0.0011289003,-0.00024420043,0.0012369115
-2.5,-3.6,0.0012951172,-0.00014650778,0.0009370713
-3.6000206,-2.4998677,0.0011125333,-0.00024419997,0.001270976
-2.4,-3.7,0.0013120981,-0.00013198252,0.00091198116
-2.3,-3.8,0.0013298059,-0.00011735237,0.0008877334
-2.2,-3.9,0.0013484817,-0.0001027567,0.00086429797
-2.1,-4.0,0.0013679861,-8.833434e-05,0.0008416341
-2.0,-4.1,0.0013870565,-7.429946e-05,0.00081971847
-1.9,-4.2,0.0014020797,-6.089948e-05,0.000798502
-1.8,-4.3,0.0014056197,-4.8469043e-05,0.00077796605
-1.7,-4.4,0.0013863295,-3.7224985e-05,0.00075810245
-1.6,-4.5,0.0013298199,-2.7195674e-05,0.00073882804
-1.5,-4.6,0.0012206926,-1.8397415e-05,0.00071996666
-1.4,-4.7,0.0010449744,-1.0895448e-05,0.00070126436
-1.3,-4.8,0.00079002994,-5.1258153e-06,0.0006825124
-1.2,-4.9,0.00044442498,-1.5126066e-06,0.0006634928
-1.2,-5.0,0.0,0.0,0.00066364696
-3.0000112,-2.9999125,0.0012165838,-0.00023212215,0.0010831677
-3.100008,-2.8998563,0.0011995643,-0.00024212984,0.0011150966
-2.9000049,-3.0999696,0.001233292,-0.00022064852,0.0010522803
-2.8000011,-3.1999915,0.001249686,-0.00020798299,0.0010224658
-3.2000315,-2.799836,0.0011822825,-0.00025038686,0.0011480299
-2.7,-3.2999985,0.001265801,-0.00019437754,0.0009937239
-3.3000395,-2.6998267,0.0011648424,-0.00025664316,0.0011818674
-2.6,-3.3999999,0.0012817241,-0.00018006984,0.0009660344
-3.4000387,-2.5998263,0.0011473692,-0.00026065775,0.0012165003
-2.5,-3.5,0.0012975871,-0.00016526996,0.00093936943
-3.5000348,-2.4998279,0.0011300488,-0.00026221864,0.0012517909
-2.4,-3.6,0.001313583,-0.00015016716,0.00091368693
-2.3,-3.7,0.0013299666,-0.00013491766,0.0008889435
-2.2,-3.8,0.0013470396,-0.000119657,0.0008650875
-2.1,-3.9,0.0013650348,-0.000104516155,0.0008420726
-2.0,-4.0,0.0013837739,-8.962475e-05,0.0008198417
-1.9,-4.1,0.0014019234,-7.5185155e-05,0.00079835294
-1.8,-4.2,0.0014157685,-6.144168e-05,0.0007775604
-1.7,-4.3,0.0014178548,-4.868038e-05,0.00075742666
-1.6,-4.4,0.0013970104,-3.7116384e-05,0.0007379166
-1.5,-4.5,0.0013389783,-2.6830021e-05,0.0007189208
-1.4,-4.6,0.0012284073,-1.7872218e-05,0.00070025405
-1.3,-4.7,0.0010511478,-1.0360479e-05,0.0006816646
-1.2,-4.8,0.0007942949,-4.7295052e-06,0.00066296227
-1.1,-4.9,0.00044644426,-1.3380363e-06,0.0006439719
-1.1,-5.0,0.0,0.0,0.0006441313
-3.0000095,-2.8998845,0.0012207418,-0.00025335164,0.0010907238
-2.9000049,-2.9999697,0.0012377875,-0.00024182069,0.0010584512
-3.0999894,-2.7998517,0.001203235,-0.0002632216,0.0011241694
-2.800003,-3.0999806,0.0012543594,-0.00022893916,0.0010274035
-2.7000008,-3.199995,0.0012704638,-0.00021498182,0.0009975795
-3.2000332,-2.6998138,0.0011853412,-0.00027114735,0.0011587548
-2.6000001,-3.2999992,0.0012861675,-0.00020020804,0.00096896006
-3.3000515,-2.5997937,0.0011672165,-0.00027684466,0.001194333
-2.5,-3.3999999,0.00130158,-0.00018486068,0.00094150193
-3.400053,-2.499789,0.0011490021,-0.0002800816,0.0012307699
-2.4,-3.5,0.001316858,-0.00016913994,0.00091515935
-2.3,-3.6,0.0013322185,-0.00015323561,0.0008898649
-2.2,-3.7,0.0013479346,-0.00013729242,0.00086555775
-2.1,-3.8,0.001364316,-0.00012143556,0.0008421683
-2.0,-3.9,0.0013815861,-0.00010578623,0.0008196341
-1.9,-4.0,0.0013995261,-9.046639e-05,0.00079788535
-1.8,-4.1,0.0014167303,-7.5662e-05,0.00077686604
-1.7,-4.2,0.0014293966,-6.1609e-05,0.0007565274
-1.6,-4.3,0.0014300651,-4.8559148e-05,0.0007368138
-1.5,-4.4,0.0014076809,-3.6731533e-05,0.0007176757
-1.4,-4.5,0.0013481098,-2.6251855e-05,0.00069897063
-1.3,-4.6,0.0012360356,-1.7201059e-05,0.00068051246
-1.2,-4.7,0.0010571372,-9.742585e-06,0.00066205533
-1.1,-4.8,0.0007983004,-4.2978922e-06,0.00064342807
-1.0,-4.9,0.00044824314,-1.1544428e-06,0.00062449754
-1.0,-5.0,0.0,0.0,0.0006246608
-2.9000049,-2.8999696,0.0012428636,-0.00026393216,0.0010649819
-2.9999685,-2.7998595,0.0012253006,-0.00027549826,0.0010987952
-2.800004,-2.9999752,0.0012598082,-0.00025085258,0.001032539
-3.0999477,-2.6998672,0.0012071165,-0.00028517016,0.0011339338
-2.700002,-3.0999877,0.0012760924,-0.00023653243,0.0010014966
-2.6000004,-3.1999972,0.0012917715,-0.0002212798,0.0009718192
-3.2000268,-2.599801,0.0011884333,-0.00029266364,0.0011703533
-2.5,-3.2999995,0.0013069373,-0.00020534192,0.0009434707
-3.300064,-2.499761,0.0011694571,-0.0002977,0.0012078449
-2.4,-3.3999999,0.0013217288,-0.000188976,0.00091637805
-2.3,-3.5,0.0013363266,-0.0001723653,0.00089047616
-2.2,-3.6,0.0013509719,-0.00015569411,0.00086567213
-2.1,-3.7,0.0013659552,-0.00013909668,0.0008418868
-2.0,-3.8,0.0013815933,-0.00012268581,0.0008190342
-1.9,-3.9,0.0013980981,-0.00010657122,0.0007970371
-1.8,-4.0,0.0014152097,-9.086718e-05,0.00077581627
-1.7,-4.1,0.0014314495,-7.574124e-05,0.0007553043
-1.6,-4.2,0.0014429396,-6.1418534e-05,0.00073544163
-1.5,-4.3,0.0014422177,-4.812465e-05,0.00071617105
-1.4,-4.4,0.0014183009,-3.6091522e-05,0.00069741806
-1.3,-4.5,0.0013571697,-2.5481015e-05,0.00067901425
-1.2,-4.6,0.0012435293,-1.6400369e-05,0.0006607775
-1.1,-4.7,0.0010628989,-9.0526755e-06,0.0006424721
-1.0,-4.8,0.0008020169,-3.8370194e-06,0.00062394544
-0.9,-4.9,0.0004498096,-9.638613e-07,0.0006051048
-0.9,-5.0,0.0,0.0,0.0006052708
-2.8987455,-2.8010502,0.0012486415,-0.00028695608,0.0010714962
-2.7986574,-2.9018047,0.0012661208,-0.00027350258,0.0010374385
-2.99877,-2.7002816,0.0012303677,-0.00029865187,0.0011071097
-2.69922,-3.0014107,0.0012826676,-0.00025885997,0.0010052181
-3.098716,-2.600254,0.0012113153,-0.00030809263,0.0011441294
-2.5996592,-3.1013153,0.0012984121,-0.00024307873,0.0009744962
-2.5000002,-3.1999984,0.001313541,-0.00022681602,0.0009452618
-3.200002,-2.4998083,0.0011914071,-0.00031496375,0.0011829273
-2.4,-3.2999997,0.0013280464,-0.00020973658,0.0009173333
-2.3,-3.3999999,0.0013421064,-0.0001923823,0.0008907434
-2.2,-3.5,0.0013559331,-0.00017492354,0.00086539635
-2.1,-3.6,0.0013697887,-0.00015753052,0.0008411802
-2.0,-3.7,0.00138398,-0.0001403265,0.0008179971
-1.9,-3.8,0.0013988285,-0.00012341078,0.00079574634
-1.8,-3.9,0.0014145329,-0.000106879634,0.0007743381
-1.7,-4.0,0.0014307911,-9.083841e-05,0.0007536862
-1.6,-4.1,0.0014460528,-7.543799e-05,0.0007337128
-1.5,-4.2,0.0014563735,-6.0889084e-05,0.0007143498
-1.4,-4.3,0.0014542821,-4.739918e-05,0.0006955423
-1.3,-4.4,0.0014288333,-3.521934e-05,0.0006771814
-1.2,-4.5,0.0013661156,-2.4537065e-05,0.000659087
-1.1,-4.6,0.001250844,-1.5485872e-05,0.000641084
-1.0,-4.7,0.0010683939,-8.301015e-06,0.00062295015
-0.9,-4.8,0.00080541905,-3.3525423e-06,0.0006045492
-0.8,-4.9,0.00045113443,-7.679615e-07,0.0005858274
-0.8,-5.0,0.0,0.0,0.00058599503
-2.7963347,-2.8037024,0.0012732258,-0.00029735058,0.0010422841
-2.8962512,-2.702871,0.0012550306,-0.00031102786,0.0010780344
-2.6975603,-2.9031546,0.0012901905,-0.00028228897,0.001008749
-2.997093,-2.6016655,0.0012356414,-0.00032268965,0.0011158413
-2.59839,-3.0027795,0.0013062026,-0.00026601413,0.000976841
-3.0971844,-2.501374,0.0012154857,-0.00033183873,0.0011550157
-2.4989903,-3.102307,0.0013213358,-0.00024886467,0.0009465566
-2.3998735,-3.2010825,0.0013356396,-0.00023129636,0.0009179555
-2.3,-3.3,0.001349421,-0.00021335638,0.0008906401
-2.2,-3.4,0.001362645,-0.00019505648,0.00086468394
-2.1,-3.5,0.0013756152,-0.00017679982,0.0008400018
-2.0,-3.6,0.0013886129,-0.00015873957,0.0008164648
-1.9,-3.7,0.0014019592,-0.00014098405,0.0007939578
-1.8,-3.8,0.0014159783,-0.00012361846,0.0007723677
-1.7,-3.9,0.0014308528,-0.00010672378,0.0007515945
-1.6,-4.0,0.0014462377,-9.039525e-05,0.00073154666
-1.5,-4.1,0.0014605117,-7.476912e-05,0.0007121389
-1.4,-4.2,0.0014696737,-6.0039936e-05,0.0006932986
-1.3,-4.3,0.001466229,-4.640655e-05,0.00067496795
-1.2,-4.4,0.001439243,-3.4136756e-05,0.000657001
-1.1,-4.5,0.0013749087,-2.343888e-05,0.00063922326
-1.0,-4.6,0.0012579394,-1.4472326e-05,0.00062146585
-0.9,-4.7,0.0010735879,-7.4972963e-06,0.0006035237
-0.8,-4.8,0.00080848543,-2.8496179e-06,0.00058527297
-0.7,-4.9,0.0004522101,-5.672256e-07,0.0005666972
-0.7,-5.0,0.0,0.0,0.00056686625
-2.7929509,-2.7063837,0.0012809989,-0.0003223215,0.0010470083
-2.6940517,-2.8066638,0.0012986938,-0.00030666258,0.0010117181
-2.8935473,-2.6049392,0.0012616784,-0.00033625076,0.0010849546
-2.594744,-2.9064422,0.0013152616,-0.00028976827,0.0009783228
-2.9941943,-2.5038755,0.0012411608,-0.00034779622,0.001124833
-2.4970765,-3.0046644,0.0013303938,-0.00027212195,0.0009473638
-2.3986511,-3.1035075,0.0013445957,-0.00025367507,0.00091795024
-2.299806,-3.2012267,0.0013580959,-0.00023512027,0.00089008117
-2.2,-3.3,0.0013709806,-0.00021616838,0.0008634911
-2.1,-3.4,0.0013832732,-0.00019698094,0.000838291
-2.0,-3.5,0.0013953081,-0.00017798714,0.0008143786
-1.9,-3.6,0.0014073874,-0.0001593229,0.0007916042
-1.8,-3.7,0.0014198432,-0.00014107753,0.0007698397
-1.7,-3.8,0.0014329995,-0.00012332159,0.0007489617
-1.6,-3.9,0.0014470207,-0.00010611972,0.0007288633
-1.5,-4.0,0.0014615174,-8.955598e-05,0.0007094489
-1.4,-4.1,0.0014747982,-7.375289e-05,0.0006906294
-1.3,-4.2,0.0014828156,-5.88909e-05,0.00067233096
-1.2,-4.3,0.0014780205,-4.5170025e-05,0.0006544823
-1.1,-4.4,0.0014494996,-3.2870208e-05,0.0006369099
-1.0,-4.5,0.0013835143,-2.2203702e-05,0.0006194554
-0.9,-4.6,0.0012647785,-1.3372417e-05,0.0006019567
-0.8,-4.7,0.0010784501,-6.65064e-06,0.0005842259
-0.7,-4.8,0.0008111993,-2.3329246e-06,0.0005661485
-0.6,-4.9,0.00045303212,-3.5641833e-07,0.00054774573
-0.6,-5.0,0.0,0.0,0.0005479208
-2.6885698,-2.7115378,0.0013081762,-0.0003321748,0.0010140253
-2.7884302,-2.6106637,0.0012892829,-0.00034829753,0.0010515315
-2.5901182,-2.8111675,0.001325277,-0.00031460242,0.000979321
-2.8898804,-2.5078874,0.0012685908,-0.00036261737,0.0010920082
-2.4921546,-2.9088871,0.0013410242,-0.00029635004,0.0009469359
-2.3956654,-3.0066001,0.0013550802,-0.0002771973,0.00091703364
-2.2986104,-3.1036155,0.001368227,-0.00025777618,0.00088879076
-2.1997638,-3.2010586,0.0013807928,-0.00023812149,0.0008617192
-2.1,-3.3,0.0013926453,-0.00021814967,0.000835989
-2.0,-3.4,0.0014039167,-0.00019814691,0.00081166293
-1.9,-3.5,0.0014149464,-0.00017848663,0.000788616
-1.8,-3.6,0.0014260551,-0.00015928909,0.0007666785
-1.7,-3.7,0.0014375825,-0.00014062088,0.0007457139
-1.6,-3.8,0.0014498503,-0.00012253746,0.00072559156
-1.5,-3.9,0.0014630011,-0.0001050869,0.00070620026
-1.4,-4.0,0.0014766,-8.834127e-05,0.00068744284
-1.3,-4.1,0.0014888869,-7.240902e-05,0.00066922884
-1.2,-4.2,0.0014957646,-5.746432e-05,0.0006514833
-1.1,-4.3,0.0014896353,-4.3715627e-05,0.0006341293
-1.0,-4.4,0.0014595743,-3.1437947e-05,0.0006169328
-0.9,-4.5,0.0013918986,-2.0846435e-05,0.0005998134
-0.8,-4.6,0.0012713269,-1.2197803e-05,0.0005825895
-0.7,-4.7,0.001082954,-5.769796e-06,0.00056508865
-0.6,-4.8,0.000813546,-1.8054944e-06,0.0005472039
-0.5,-4.9,0.0004535963,-1.4114727e-07,0.000529006
-0.5,-5.0,0.0,0.0,0.0005291858
-2.5844038,-2.716137,0.0013362856,-0.00034086875,0.0009797456
-2.68356,-2.6160696,0.0013180455,-0.0003591195,0.0010165032
-2.7845964,-2.5144641,0.0012976006,-0.00037568877,0.0010565888
-2.4862874,-2.8145757,0.0013526798,-0.00032157337,0.0009458318
-2.3898106,-2.9115908,0.001367217,-0.00030166138,0.0009147256
-2.2946408,-3.0079842,0.0013801008,-0.0002813024,0.0008861313
-2.198184,-3.1040778,0.0013921551,-0.00026081808,0.00085899426
-2.099667,-3.2014341,0.0014035689,-0.00024008562,0.00083297695
-2.0,-3.3,0.0014143325,-0.00021929095,0.0008082466
-1.9,-3.4,0.0014245007,-0.00019855627,0.0007849019
-1.8,-3.5,0.0014344648,-0.00017830823,0.0007628043
-1.7,-3.6,0.0014445598,-0.00015865317,0.0007417676
-1.6,-3.7,0.0014551299,-0.0001396333,0.0007216506
-1.5,-3.8,0.0014664904,-0.00012128761,0.0007023186
-1.4,-3.9,0.0014787607,-0.00010364787,0.000683659
-1.3,-4.0,0.0014914572,-8.677375e-05,0.0006655758
-1.2,-4.1,0.0015027535,-7.075993e-05,0.0006479773
-1.1,-4.2,0.0015085023,-5.5778193e-05,0.00063080294
-1.0,-4.3,0.0015010373,-4.2060503e-05,0.00061390654
-0.9,-4.4,0.0014694298,-2.9845456e-05,0.00059709797
-0.8,-4.5,0.0014000261,-1.9382092e-05,0.00058033026
-0.7,-4.6,0.0012775533,-1.0960997e-05,0.0005633965
-0.6,-4.7,0.001087077,-4.864411e-06,0.0005461416
-0.5,-4.8,0.0008155121,-1.2698862e-06,0.0005284713
-0.4,-4.9,0.00045390497,4.9680704e-08,0.00051051186
-0.4,-5.0,0.0,0.0,0.00051067816
-2.5795162,-2.620602,0.0013477087,-0.00036869256,0.0009802371
-2.4810917,-2.7192764,0.0013651184,-0.00034850923,0.00094451575
-2.68008,-2.5196166,0.0013278638,-0.00038770027,0.00101962
-2.3840432,-2.8169425,0.0013803637,-0.00032739696,0.00091187155
-2.2883403,-2.9130008,0.0013937509,-0.0003060427,0.0008820449
-2.1940393,-3.0086355,0.0014053572,-0.00028444547,0.0008548012
-2.0978663,-3.104285,0.0014162296,-0.00026289214,0.00082882476
-1.9995651,-3.2016087,0.001426391,-0.00024116907,0.0008039865
-1.9,-3.3,0.0014359555,-0.0002195924,0.00078038045
-1.8,-3.4,0.0014449497,-0.000198217,0.0007581113
-1.7,-3.5,0.0014537998,-0.00017746909,0.0007370331
-1.6,-3.6,0.0014628478,-0.0001574366,0.00071695005
-1.5,-3.7,0.0014724402,-0.00013813899,0.00069771794
-1.4,-3.8,0.0014828829,-0.00011959735,0.00067920174
-1.3,-3.9,0.0014942688,-0.00010182782,0.0006612902
-1.2,-4.0,0.0015060644,-8.487809e-05,0.0006438907
-1.1,-4.1,0.0015163779,-6.882684e-05,0.0006269121
-1.0,-4.2,0.0015209987,-5.385715e-05,0.00061028893
-0.9,-4.3,0.0015121737,-4.0215604e-05,0.0005938227
-0.8,-4.4,0.0014790278,-2.810906e-05,0.00057744817
-0.7,-4.5,0.0014078632,-1.782691e-05,0.00056104054
-0.6,-4.6,0.00128343,-9.6751255e-06,0.00054440746
-0.5,-4.7,0.0010908021,-3.9421147e-06,0.0005274121
-0.4,-4.8,0.0008170926,-7.323777e-07,0.0005099841
-0.3,-4.9,0.00045396702,2.2412212e-07,0.0004922796
-2.4753158,-2.624842,0.0013783852,-0.00037682703,0.0009424996
-2.5753589,-2.524909,0.0013593668,-0.00039814413,0.000980798
-2.3769972,-2.7231095,0.0013947804,-0.00035454138,0.0009079005
-2.2819524,-2.8185272,0.0014085977,-0.0003320695,0.0008771434
-2.188046,-2.913161,0.0014204349,-0.0003094704,0.0008491202
-2.0937345,-3.0088892,0.0014307459,-0.00028653743,0.00082313846
-1.9976296,-3.104465,0.0014403136,-0.00026392925,0.0007984336
-1.8997765,-3.2016592,0.0014490837,-0.00024134811,0.0007749706
-1.8,-3.3,0.0014574276,-0.000219069,0.00075250596
-1.7,-3.4,0.001465191,-0.00019714842,0.00073139387
-1.6,-3.5,0.00147289,-0.00017599371,0.00071139087
-1.5,-3.6,0.0014808683,-0.00015566676,0.0006923017
-1.4,-3.7,0.0014894716,-0.00013616642,0.00067398057
-1.3,-3.8,0.0014989933,-0.00011749531,0.00065629615
-1.2,-3.9,0.0015094974,-9.965451e-05,0.0006391406
-1.1,-4.0,0.0015203997,-8.2681065e-05,0.00062242616
-1.0,-4.1,0.0015297448,-6.664092e-05,0.00060605933
-0.9,-4.2,0.0015332104,-5.173761e-05,0.0005899467
-0.8,-4.3,0.0015230314,-3.8204336e-05,0.0005739564
-0.7,-4.4,0.0014883408,-2.6252754e-05,0.00055802026
-0.6,-4.5,0.0014153817,-1.6197413e-05,0.00054197514
-0.5,-4.6,0.0012889329,-8.35323e-06,0.00052565045
-0.4,-4.7,0.001094112,-3.0074655e-06,0.00050892326
-0.3,-4.8,0.00081828574,-1.9386407e-07,0.00049176393
-2.3717194,-2.6274836,0.0014098806,-0.00038375007,0.0009037373
-2.4707973,-2.5298715,0.0013919605,-0.0004069458,0.00094043714
-2.2757251,-2.723977,0.0014245969,-0.00035972474,0.0008713463
-2.1804075,-2.819155,0.0014371331,-0.00033557444,0.00084192335
-2.0874426,-2.9142973,0.0014472263,-0.0003113673,0.000815711
-1.9937124,-3.009108,0.0014561011,-0.0002874874,0.00079132256
-1.8971657,-3.1055648,0.0014642157,-0.0002637116,0.00076794194
-1.7996187,-3.2021077,0.0014716305,-0.00024051627,0.00074589706
-1.7,-3.3,0.0014786657,-0.00021774482,0.000724741
-1.6,-3.4,0.001485156,-0.00019537903,0.00070484827
-1.5,-3.5,0.0014916777,-0.00017391326,0.0006859625
-1.4,-3.6,0.0014985742,-0.0001533761,0.0006678942
-1.3,-3.7,0.0015061861,-0.00013374789,0.0006504989
-1.2,-3.8,0.0015147912,-0.00011501286,0.00063365273
-1.1,-3.9,0.0015244224,-9.715814e-05,0.00061725284
-1.0,-4.0,0.0015344446,-8.021227e-05,0.0006012166
-0.9,-4.1,0.0015428315,-6.4240616e-05,0.00058544584
-0.8,-4.2,0.0015451303,-4.944656e-05,0.0005698525
-0.7,-4.3,0.0015336036,-3.6053247e-05,0.0005543536
-0.6,-4.4,0.0014973474,-2.4298588e-05,0.00053884194
-0.5,-4.5,0.001422558,-1.4509627e-05,0.000523161
-0.4,-4.6,0.0012940408,-7.0096607e-06,0.0005071525
-0.3,-4.7,0.0010969891,-2.0661341e-06,0.00049070764
-2.2706146,-2.6287541,0.0014414577,-0.00038922924,0.00086487655
-2.3694613,-2.5304742,0.0014250118,-0.00041507505,0.00089992327
-2.175043,-2.7242982,0.0014546674,-0.00036346162,0.0008342873
-2.0795977,-2.820042,0.0014656279,-0.00033753706,0.00080650765
-1.9877142,-2.913756,0.0014740897,-0.00031241297,0.0007822622
-1.8938211,-3.009332,0.0014813136,-0.00028728723,0.0007594784
-1.7975457,-3.1057372,0.0014878626,-0.00026270412,0.00073771446
-1.6997104,-3.201648,0.0014939948,-0.00023900086,0.00071698753
-1.6,-3.3,0.0014995891,-0.00021564591,0.000697198
-1.5,-3.4,0.0015047789,-0.0001929441,0.0006785689
-1.4,-3.5,0.0015101099,-0.00017126427,0.0006608279
-1.3,-3.6,0.0015159232,-0.00015060161,0.00064379367
-1.2,-3.7,0.0015225501,-0.00013091884,0.00062732823
-1.1,-3.8,0.0015302497,-0.00011218369,0.0006113177
-1.0,-3.9,0.0015390224,-9.437092e-05,0.0005956659
-0.9,-4.0,0.0015481804,-7.7503864e-05,0.0005802953
-0.8,-4.1,0.0015556136,-6.165189e-05,0.00056511397
-0.7,-4.2,0.0015567541,-4.7003352e-05,0.0005500508
-0.6,-4.3,0.0015438775,-3.3785396e-05,0.0005350337
-0.5,-4.4,0.0015060287,-2.2266442e-05,0.000519939
-0.4,-4.5,0.001429372,-1.2778335e-05,0.000504622
-0.3,-4.6,0.0012987388,-5.653269e-06,0.0004889378
-2.1702828,-2.6289961,0.0014733786,-0.00039324848,0.0008254958
-2.267438,-2.5322523,0.0014588699,-0.00042099543,0.0008579804
-2.0738804,-2.7252638,0.0014850246,-0.00036541594,0.0007965881
-1.9806882,-2.8195615,0.0014938426,-0.00033841975,0.0007714592
-1.8883395,-2.9139154,0.0015006124,-0.00031199373,0.00074894313
-1.7940295,-3.0096009,0.0015062753,-0.00028595232,0.0007277749
-1.6980907,-3.105279,0.0015112738,-0.00026086348,0.0007077011
-1.5993139,-3.2025158,0.0015158821,-0.00023632894,0.0006883299
-1.5,-3.3,0.0015201254,-0.000212813,0.0006699837
-1.4,-3.4,0.0015239993,-0.00018988854,0.00065264583
-1.3,-3.5,0.0015281393,-0.00016808945,0.00063606043
-1.2,-3.6,0.0015328783,-0.00014738372,0.0006200602
-1.1,-3.7,0.0015385343,-0.00012771708,0.0006045182
-1.0,-3.8,0.0015453461,-0.00010904299,0.00058933254
-0.9,-3.9,0.0015532785,-9.1326314e-05,0.0005744156
-0.8,-4.0,0.0015615874,-7.4586926e-05,0.0005596968
-0.7,-4.1,0.0015680734,-5.8896567e-05,0.00054509885
-0.6,-4.2,0.0015680711,-4.4428274e-05,0.0005305624
-0.5,-4.3,0.0015538367,-3.1423162e-05,0.0005160194
-0.4,-4.4,0.0015143681,-2.0174977e-05,0.000501335
-0.3,-4.5,0.0014358065,-1.1017114e-05,0.0004863799
-2.0689943,-2.6304042,0.001505653,-0.0003951242,0.00078531215
-2.1666615,-2.5332468,0.0014929838,-0.00042512198,0.0008156245
-1.9746665,-2.7251246,0.0015150274,-0.00036607016,0.0007593293
-1.8808277,-2.8199072,0.0015220162,-0.0003376523,0.00073616416
-1.7892544,-2.9141028,0.0015268053,-0.00031032696,0.00071588886
-1.6951115,-3.0091944,0.0015307947,-0.000283716,0.00069656654
-1.5979398,-3.105029,0.0015344049,-0.00025800985,0.0006778371
-1.49916,-3.2023687,0.0015374494,-0.00023307769,0.00066005165
-1.4,-3.3,0.0015402047,-0.0002093,0.0006432017
-1.3,-3.4,0.0015427644,-0.00018626057,0.0006271599
-1.2,-3.5,0.001545725,-0.0001644351,0.0006117249
-1.1,-3.6,0.0015494076,-0.00014376541,0.0005967469
-1.0,-3.7,0.0015541143,-0.00012418204,0.00058211276
-0.9,-3.8,0.0015600608,-0.00010562669,0.00056773424
-0.8,-3.9,0.001567174,-8.805746e-05,0.00055353483
-0.7,-4.0,0.0015746494,-7.1490445e-05,0.000539454
-0.6,-4.1,0.0015801993,-5.599866e-05,0.0005254278
-0.5,-4.2,0.0015790702,-4.1744293e-05,0.00051141426
-0.4,-4.3,0.001563467,-2.8988055e-05,0.00049733213
-0.3,-4.4,0.0015223521,-1.8040959e-05,0.0004830498
-1.969954,-2.6301897,0.0015375768,-0.00039565805,0.00074567867
-2.0658991,-2.5338771,0.001527449,-0.00042732482,0.0007726943
-1.874992,-2.7251658,0.0015449473,-0.00036507295,0.00072198117
-1.7824488,-2.8198724,0.0015495693,-0.0003356297,0.0007015894
-1.690172,-2.9143076,0.0015525678,-0.00030745598,0.00068321114
-1.5952162,-3.0095131,0.0015549378,-0.00028023444,0.0006655653
-1.4977478,-3.1049504,0.0015570231,-0.00025422146,0.00064845715
-1.3995132,-3.2013793,0.0015585567,-0.0002292702,0.0006323391
-1.3,-3.3,0.0015597678,-0.00020516463,0.0006169375
-1.2,-3.4,0.0015610295,-0.00018211451,0.0006021814
-1.1,-3.5,0.0015628334,-0.00016035035,0.00058787846
-1.0,-3.6,0.0015654853,-0.000139791,0.0005738999
-0.9,-3.7,0.0015692699,-0.000120353805,0.0005601497
-0.8,-3.8,0.0015743778,-0.00010197084,0.0005465551
-0.7,-3.9,0.0015806949,-8.4595864e-05,0.00053305295
-0.6,-4.0,0.0015873534,-6.824173e-05,0.00051959424
-0.5,-4.1,0.0015919843,-5.2981126e-05,0.00050612993
-0.4,-4.2,0.0015897384,-3.897448e-05,0.00049262884
-0.3,-4.3,0.0015727589,-2.6502032e-05,0.00047898758
-1.8701446,-2.630381,0.0015694245,-0.0003942423,0.0007059163
-1.9665782,-2.5344403,0.0015614688,-0.00042745797,0.0007302223
-1.7766886,-2.7254596,0.0015740617,-0.00036246039,0.00068551325
-1.6832812,-2.8203533,0.0015767093,-0.0003321097,0.00066728954
-1.5907215,-2.914994,0.0015777813,-0.0003033106,0.0006510166
-1.4954494,-3.0094125,0.0015785791,-0.00027589142,0.00063513883
-1.3982699,-3.103843,0.0015791164,-0.00024987065,0.00061977847
-1.2994094,-3.2013838,0.0015789847,-0.00022455333,0.0006052254
-1.2,-3.3,0.0015787664,-0.0002004675,0.0005912697
-1.1,-3.4,0.0015787585,-0.00017750787,0.0005777718
-1.0,-3.5,0.0015794368,-0.00015588634,0.0005645682
-0.9,-3.6,0.0015810912,-0.00013550588,0.0005515578
-0.8,-3.7,0.0015839856,-0.000116272255,0.00053866155
-0.7,-3.8,0.0015882844,-9.8110526e-05,0.00052582304
-0.6,-3.9,0.0015938305,-8.0971455e-05,0.000512995
-0.5,-4.0,0.0015996905,-6.486508e-05,0.00050014077
-0.4,-4.1,0.001603419,-4.9865288e-05,0.00048722693
-0.3,-4.2,0.0016000713,-3.6141457e-05,0.00047422276
-1.7718616,-2.6307383,0.001600345,-0.00039105656,0.0006672318
-1.8676564,-2.5349185,0.0015950913,-0.00042557006,0.0006881291
-1.6776656,-2.7260714,0.0016027002,-0.00035823428,0.00064945646
-1.5845852,-2.820111,0.0016033076,-0.00032754513,0.00063369976
-1.4920961,-2.9143348,0.0016024697,-0.00029847864,0.0006196038
-1.3961983,-3.0077188,0.0016018138,-0.00027103897,0.00060537143
-1.2987555,-3.1027675,0.0016005663,-0.00024476252,0.00059180433
-1.2,-3.2,0.0015989352,-0.00021953705,0.0005788082
-1.1,-3.3,0.0015971586,-0.00019527324,0.0005662658
-1.0,-3.4,0.0015959218,-0.0001724972,0.00055397983
-0.9,-3.5,0.0015955158,-0.00015109427,0.00054183503
-0.8,-3.6,0.0015962106,-0.00013095496,0.0005297518
-0.7,-3.7,0.0015982504,-0.00011197632,0.0005176743
-0.6,-3.8,0.0016017718,-9.407934e-05,0.0005055611
-0.5,-3.9,0.0016065734,-7.7212484e-05,0.0004933815
-0.4,-4.0,0.0016116552,-6.1383005e-05,0.00048111106
-0.3,-4.1,0.0016145026,-4.6669025e-05,0.00046873515
-1.6736779,-2.6314151,0.001630449,-0.00038610568,0.000629432
-1.7681439,-2.5356503,0.0016283536,-0.00042156994,0.00064643775
-1.5796628,-2.7262053,0.0016304689,-0.00035281523,0.00061452534
-1.4875848,-2.819823,0.0016287301,-0.00032194066,0.00060153916
-1.3930976,-2.9129667,0.0016266828,-0.0002928075,0.0005888092
-1.2964587,-3.006541,0.0016243062,-0.0002652117,0.0005763748
-1.1985903,-3.102431,0.0016212725,-0.000238797,0.0005645562
-1.1,-3.2,0.0016180351,-0.0002136798,0.00055317546
-1.0,-3.3,0.0016149142,-0.00018964922,0.0005419729
-0.9,-3.4,0.0016124984,-0.00016714,0.00053084525
-0.8,-3.5,0.0016110553,-0.00014602422,0.0005197081
-0.7,-3.6,0.0016108331,-0.00012618118,0.00050850696
-0.6,-3.7,0.0016120573,-0.000107503845,0.0004972087
-0.5,-3.8,0.0016148348,-8.9909e-05,0.00048578726
-0.4,-3.9,0.0016189193,-7.3345545e-05,0.00047422756
-0.3,-4.0,0.0016232469,-5.7816374e-05,0.00046251633
-1.5749242,-2.6323268,0.0016598039,-0.0003795022,0.0005925545
-1.67022,-2.5367846,0.0016601415,-0.00041560832,0.0006065076
-1.4819485,-2.726339,0.0016572784,-0.00034615648,0.00058078184
-1.3899101,-2.818674,0.0016537261,-0.0003154357,0.0005699611
-1.2944471,-2.9104016,0.0016503207,-0.00028653795,0.00055888825
-1.1973578,-3.0042145,0.0016461627,-0.00025895407,0.00054828887
-1.0993223,-3.1009438,0.0016413169,-0.00023254183,0.0005382482
-1.0,-3.2,0.0016364155,-0.00020736792,0.00052836415
-0.9,-3.3,0.0016320117,-0.00018366134,0.0005184295
-0.8,-3.4,0.0016284742,-0.00016149294,0.00050839555
-0.7,-3.5,0.0016260445,-0.0001407242,0.00049820787
-0.6,-3.6,0.0016249542,-0.00012122643,0.00048784274
-0.5,-3.7,0.0016254033,-0.000102889964,0.0004772792
-0.4,-3.8,0.0016274713,-8.562926e-05,0.00046651406
-0.3,-3.9,0.0016308682,-6.939604e-05,0.00045554322
-1.4775172,-2.6329136,0.0016877787,-0.00037166273,0.00055744866
-1.5715091,-2.5383534,0.0016910053,-0.00040772397,0.00056775776
-1.3852607,-2.7251072,0.0016831922,-0.00033882435,0.0005482169
-1.2912849,-2.8159287,0.0016785474,-0.00030830048,0.00053891825
-1.1952833,-2.9074457,0.0016733101,-0.0002795186,0.00052982674
-1.0979711,-3.0026243,0.0016670517,-0.00025189284,0.000521244
-1.0,-3.1,0.0016604534,-0.00022568535,0.0005129389
-0.9,-3.2,0.0016540585,-0.00020067823,0.0005044112
-0.8,-3.3,0.0016484405,-0.00017737436,0.00049566105
-0.7,-3.4,0.0016438413,-0.00015561141,0.00048664835
-0.6,-3.5,0.0016404812,-0.00013524013,0.00047735282
-0.5,-3.6,0.0016385715,-0.000116129835,0.00046776806
-0.4,-3.7,0.0016382876,-9.8167235e-05,0.00045789624
-0.3,-3.8,0.0016396826,-8.1268976e-05,0.0004477499
-1.3791654,-2.6330936,0.0017149206,-0.00036265652,0.0005234065
-1.4728007,-2.540293,0.0017203802,-0.00039813534,0.0005307768
-1.2901917,-2.7243562,0.0017077357,-0.00033048453,0.00051754626
-1.1932358,-2.8109975,0.0017028558,-0.00030076806,0.0005089145
-1.0968522,-2.90389,0.0016953871,-0.00027202186,0.00050195755
-0.9992574,-3.0007215,0.0016870111,-0.00024442287,0.0004953898
-0.9,-3.1,0.0016786597,-0.00021820927,0.00048858894
-0.8,-3.2,0.0016709571,-0.00019368347,0.00048133623
-0.7,-3.3,0.001664197,-0.00017085132,0.0004736833
-0.6,-3.4,0.0016585997,-0.0001495473,0.00046561687
-0.5,-3.5,0.0016543666,-0.00012961599,0.00045714842
-0.4,-3.6,0.0016516856,-0.00011092757,0.0004482889
-0.3,-3.7,0.0016507143,-9.336722e-05,0.00043906792
-1.2826003,-2.6343155,0.0017400582,-0.00035254913,0.00049184874
-1.3726974,-2.5426009,0.00174866,-0.0003869537,0.00049542036
-1.1900939,-2.7172499,0.0017343623,-0.0003221916,0.0004852761
-1.0959537,-2.8050873,0.0017262718,-0.00029282452,0.0004802051
-0.99834,-2.9015372,0.0017161584,-0.0002637317,0.0004755155
-0.9,-3.0,0.0017058519,-0.00023627114,0.00047071956
-0.8,-3.1,0.0016960367,-0.00021042327,0.0004652317
-0.7,-3.2,0.0016871103,-0.00018645338,0.00045915018
-0.6,-3.3,0.001679284,-0.00016415076,0.0004525019
-0.5,-3.4,0.0016727557,-0.00014334943,0.0004453038
-0.4,-3.5,0.0016677055,-0.00012389272,0.00043759515
-0.3,-3.6,0.0016643045,-0.00010565274,0.0004294119
-1.1955086,-2.6382618,0.0017605047,-0.00034148683,0.00046570282
-1.2786603,-2.5458958,0.0017729892,-0.00037513708,0.00046457685
-1.093022,-2.7045348,0.0017608945,-0.00031469855,0.0004542982
-0.99773794,-2.8014355,0.0017481837,-0.00028386115,0.00045300985
-0.9,-2.9,0.0017356765,-0.00025486536,0.00045054505
-0.8,-3.0,0.0017237084,-0.00022760927,0.00044711403
-0.7,-3.1,0.0017125872,-0.0002024067,0.0004428748
-0.6,-3.2,0.0017025255,-0.00017905634,0.00043785162
-0.5,-3.3,0.001693712,-0.00015732727,0.00043211316
-0.4,-3.4,0.0016863192,-0.00013706234,0.00042570411
-0.3,-3.5,0.001680508,-0.00011810618,0.00041869254
-1.1856092,-2.5482051,0.0017961108,-0.0003625952,0.00043564735
-1.093008,-2.596002,0.0018005164,-0.00033943923,0.00042291265
-0.9965531,-2.6992326,0.0017837534,-0.0003049765,0.00042685383
-0.9,-2.8,0.0017681703,-0.00027398954,0.0004277908
-0.8,-2.9,0.00175401,-0.00024521883,0.000426734
-0.7,-3.0,0.0017406568,-0.00021872441,0.00042463184
-0.6,-3.1,0.0017283238,-0.00019423821,0.00042151133
-0.5,-3.2,0.0017172205,-0.00017155253,0.00041742797
-0.4,-3.3,0.0017074957,-0.00015042792,0.00041250358
-0.3,-3.4,0.001699303,-0.00013072423,0.00040680895
-0.99169964,-2.5975335,0.0018224256,-0.00032624652,0.00039571142
-0.89853674,-2.7002645,0.001803365,-0.00029327854,0.0004019009
-0.8006848,-2.8010824,0.0017864618,-0.00026313643,0.00040419903
-0.7,-2.9,0.0017713308,-0.0002353303,0.00040421708
-0.6,-3.0,0.0017566918,-0.00020971011,0.00040327277
-0.5,-3.1,0.0017432692,-0.00018598765,0.00040111196
-0.4,-3.2,0.0017312107,-0.0001639932,0.0003978546
-0.3,-3.3,0.001720653,-0.00014349495,0.00039365666
-0.8935216,-2.59809,0.0018425027,-0.0003129506,0.000370795
-0.8011907,-2.7030253,0.0018209153,-0.0002810652,0.00037927562
-0.70023,-2.8012838,0.0018041133,-0.0002521544,0.00038160483
-0.6,-2.9,0.0017876166,-0.00022534964,0.00038298627
-0.4,-3.1,0.0017574466,-0.00017771481,0.00038163317
-0.3,-3.2,0.0017445302,-0.00015642322,0.0003791018
-0.7030617,-2.7048533,0.0018378791,-0.0002688647,0.0003577572
-0.6,-2.8,0.0018210656,-0.00024129167,0.00036026535
4.9,-4.9,0.00030898218,2.3629157e-06,2.5862664e-06
5.0,-4.9,0.00030672725,2.6718312e-06,0.0
4.9,-5.0,0.0,0.0,2.5777917e-06
4.9,-4.8,0.0006002802,6.3548136e-06,2.6621942e-06
5.0,-4.8,0.0005967176,6.71805e-06,0.0
4.8,-4.9,0.00031232863,2.0970963e-06,5.9744534e-06
4.8,-5.0,0.0,0.0,5.884664e-06
4.8,-4.8,0.0006057946,6.0558737e-06,6.267253e-06
4.9,-4.7,0.00086831494,1.1676902e-05,2.716673e-06
5.0,-4.7,0.0008638715,1.190178e-05,0.0
4.7,-4.9,0.00031494844,2.1179899e-06,9.329638e-06
4.7,-5.0,0.0,0.0,9.244433e-06
4.7,-4.8,0.00061038736,6.116634e-06,9.602696e-06
4.8,-4.7,0.0008752406,1.1559169e-05,6.573193e-06
4.9,-4.6,0.0011070358,1.795587e-05,2.7124015e-06
5.0,-4.6,0.0011021534,1.7989316e-05,0.0
4.6,-4.9,0.00031785175,2.1210299e-06,1.2895304e-05
4.6,-5.0,0.0,0.0,1.2800658e-05
4.7,-4.7,0.0008810733,1.1702024e-05,9.883193e-06
4.6,-4.8,0.00061545183,6.167732e-06,1.3194943e-05
4.8,-4.6,0.0011145985,1.804958e-05,6.75821e-06
4.9,-4.5,0.0013114805,2.4436285e-05,2.7363012e-06
5.0,-4.5,0.0013066696,2.431333e-05,0.0
4.5,-4.9,0.00032070297,2.1594658e-06,1.6551043e-05
4.5,-5.0,0.0,0.0,1.6458393e-05
4.6,-4.7,0.0008875004,1.1823792e-05,1.3511221e-05
4.7,-4.6,0.0011209116,1.8256778e-05,1.0043249e-05
4.5,-4.8,0.0006204455,6.2649424e-06,1.6847152e-05
4.8,-4.5,0.001318867,2.4683295e-05,6.8687773e-06
4.9,-4.4,0.0014790457,3.0503388e-05,2.7910983e-06
5.0,-4.4,0.001474756,3.0278252e-05,0.0
4.4,-4.9,0.0003236464,2.1935775e-06,2.0361771e-05
4.4,-5.0,0.0,0.0,2.0267838e-05
4.6,-4.6,0.0011278584,1.8445879e-05,1.3699459e-05
4.5,-4.7,0.0008938227,1.1985286e-05,1.7158822e-05
4.7,-4.5,0.0013249549,2.492035e-05,1.0127256e-05
4.4,-4.8,0.0006255734,6.3592047e-06,2.0662721e-05
4.8,-4.4,0.0014855692,3.082617e-05,6.8944896e-06
4.9,-4.3,0.0016101677,3.5624424e-05,2.861091e-06
5.0,-4.3,0.0016067021,3.5356312e-05,0.0
4.3,-4.9,0.00032661954,2.233179e-06,2.4306637e-05
4.3,-5.0,0.0,0.0,2.4213337e-05
4.6,-4.5,0.0013316387,2.5149515e-05,1.3789474e-05
4.5,-4.6,0.0011346564,1.8656194e-05,1.7337987e-05
4.4,-4.7,0.0009002883,1.214327e-05,2.0977324e-05
4.7,-4.4,0.0014908727,3.1046417e-05,1.0132082e-05
4.3,-4.8,0.00063074194,6.460024e-06,2.460675e-05
4.8,-4.3,0.0016153777,3.5954195e-05,6.835119e-06
4.9,-4.2,0.0017081178,3.9543123e-05,2.9390167e-06
5.0,-4.2,0.0017056161,3.9279486e-05,0.0
4.2,-4.9,0.00032965018,2.2716724e-06,2.8402772e-05
4.2,-5.0,0.0,0.0,2.8309758e-05
4.5,-4.5,0.0013381313,2.5375426e-05,1.7411414e-05
4.6,-4.4,0.0014966774,3.1271353e-05,1.3768823e-05
4.4,-4.6,0.0011415784,1.8860415e-05,2.1150676e-05
4.3,-4.7,0.00090677914,1.2304599e-05,2.491577e-05
4.7,-4.3,0.0016195454,3.612685e-05,1.006354e-05
4.2,-4.8,0.000635988,6.558802e-06,2.870278e-05
4.8,-4.2,0.0017118271,3.9829305e-05,6.7137835e-06
4.9,-4.1,0.0017782027,4.2156138e-05,2.9796386e-06
5.0,-4.1,0.001776643,4.193785e-05,0.0
4.1,-4.9,0.00033272672,2.3106152e-06,3.2652457e-05
4.1,-5.0,0.0,0.0,3.256025e-05
4.5,-4.4,0.0015022642,3.1470347e-05,1.7360804e-05
4.4,-4.5,0.0013447072,2.5588713e-05,2.1205482e-05
4.6,-4.3,0.0016240914,3.6310543e-05,1.3649434e-05
4.3,-4.6,0.0011484902,1.9060506e-05,2.5074274e-05
4.2,-4.7,0.0009133363,1.2460472e-05,2.900604e-05
4.7,-4.2,0.0017147366,3.9929873e-05,9.928401e-06
4.1,-4.8,0.00064129324,6.6562834e-06,3.295072e-05
4.8,-4.1,0.0017804692,4.2366835e-05,6.511859e-06
4.9,-4.0,0.0018266881,4.3627977e-05,3.006778e-06
5.0,-4.0,0.0018259408,4.3472897e-05,0.0
4.0,-4.9,0.000335853,2.348651e-06,3.7064896e-05
4.0,-5.0,0.0,0.0,3.6973615e-05
4.4,-4.4,0.0015078846,3.1649462e-05,2.1117745e-05
4.5,-4.3,0.001628414,3.644861e-05,1.7201002e-05
4.3,-4.5,0.0013512293,2.5785996e-05,2.5101768e-05
4.6,-4.2,0.0017178949,4.0034123e-05,1.3431142e-05
4.2,-4.6,0.0011554336,1.9249179e-05,2.9147932e-05
4.1,-4.7,0.00091993506,1.2610562e-05,3.3245567e-05
4.7,-4.1,0.0017821924,4.2396598e-05,9.69783e-06
4.0,-4.8,0.000646661,6.750297e-06,3.7360856e-05
4.8,-4.0,0.0018277159,4.375366e-05,6.305296e-06
4.9,-3.9,0.0018597514,4.4187207e-05,2.956965e-06
5.0,-3.9,0.001859623,4.4089196e-05,0.0
3.9,-4.9,0.00033902557,2.3858076e-06,4.1646803e-05
3.9,-5.0,0.0,0.0,4.1556716e-05
4.4,-4.3,0.0016327227,3.655773e-05,2.0905034e-05
4.3,-4.4,0.0015134114,3.1800813e-05,2.4971408e-05
4.5,-4.2,0.0017208459,4.007881e-05,1.6922151e-05
4.2,-4.5,0.001357737,2.5962414e-05,2.9144014e-05
4.6,-4.1,0.0017840418,4.241663e-05,1.3105578e-05
4.1,-4.6,0.001162379,1.9424446e-05,3.336731e-05
4.0,-4.7,0.0009265771,1.2752201e-05,3.7646154e-05
4.7,-4.0,0.0018284307,4.3722026e-05,9.442873e-06
3.9,-4.8,0.0006520844,6.8402946e-06,4.1939522e-05
4.8,-3.9,0.0018598464,4.4226483e-05,6.0008797e-06
4.9,-3.8,0.0018828023,4.396197e-05,2.860913e-06
5.0,-3.8,0.0018830987,4.3926204e-05,0.0
3.8,-4.9,0.00034224344,2.421641e-06,4.6406316e-05
3.8,-5.0,0.0,0.0,4.631761e-05
4.3,-4.3,0.0016369106,3.662594e-05,2.4700077e-05
4.4,-4.2,0.0017237464,4.0086827e-05,2.0549129e-05
4.2,-4.4,0.0015188784,3.192199e-05,2.8967115e-05
4.5,-4.1,0.0017857122,4.2366024e-05,1.652945e-05
4.1,-4.5,0.0013641989,2.6115396e-05,3.3327833e-05
4.6,-4.0,0.0018291823,4.365249e-05,1.2719838e-05
4.0,-4.6,0.0011693262,1.9583282e-05,3.7745547e-05
3.9,-4.7,0.0009332521,1.2884229e-05,4.2213822e-05
4.7,-3.9,0.0018597995,4.4115983e-05,9.080925e-06
3.8,-4.8,0.0006575602,6.9253474e-06,4.6695048e-05
4.8,-3.8,0.0018822639,4.3923792e-05,5.6586955e-06
4.9,-3.7,0.0019001177,4.3302352e-05,2.7610956e-06
5.0,-3.7,0.0019006769,4.3317443e-05,0.0
3.7,-4.9,0.00034550406,2.4559547e-06,5.135127e-05
3.7,-5.0,0.0,0.0,5.1264175e-05
4.3,-4.2,0.0017265172,4.004242e-05,2.4259629e-05
4.2,-4.3,0.0016410052,3.664919e-05,2.8627923e-05
4.4,-4.1,0.0017873097,4.226601e-05,2.0065474e-05
4.1,-4.4,0.0015242543,3.2008702e-05,3.3101198e-05
4.5,-4.0,0.0018298,4.3503267e-05,1.6029426e-05
4.0,-4.5,0.0013706125,2.624242e-05,3.7667705e-05
4.6,-3.9,0.0018597166,4.393845e-05,1.2228868e-05
3.9,-4.6,0.0011762624,1.972377e-05,4.228843e-05
3.8,-4.7,0.00093995396,1.3005239e-05,4.695728e-05
4.7,-3.8,0.0018817105,4.3759785e-05,8.6310065e-06
3.7,-4.8,0.0006630827,7.004915e-06,5.1635245e-05
4.8,-3.7,0.0018991885,4.319935e-05,5.3585118e-06
4.9,-3.6,0.0019147734,4.242268e-05,2.5963443e-06
5.0,-3.6,0.0019154531,4.247027e-05,0.0
3.6,-4.9,0.00034880507,2.4884769e-06,5.6489895e-05
3.6,-5.0,0.0,0.0,5.6404642e-05
4.2,-4.2,0.0017291765,3.99475e-05,2.8100758e-05
4.3,-4.1,0.0017887772,4.2108197e-05,2.3696502e-05
4.1,-4.3,0.0016449777,3.6624275e-05,3.269076e-05
4.4,-4.0,0.001830333,4.33e-05,1.9448571e-05
4.0,-4.4,0.0015295364,3.2058422e-05,3.7387967e-05
4.5,-3.9,0.001859547,4.3680564e-05,1.5423491e-05
3.9,-4.5,0.0013769643,2.6341178e-05,4.2169366e-05
4.6,-3.8,0.0018810715,4.3518812e-05,1.16430465e-05
3.8,-4.6,0.0011831792,1.9843787e-05,4.7004865e-05
3.7,-4.7,0.0009466739,1.3114157e-05,5.1884344e-05
4.7,-3.7,0.0018983369,4.2992382e-05,8.177486e-06
3.6,-4.8,0.00066864653,7.078483e-06,5.6768426e-05
4.8,-3.6,0.0019136718,4.2271826e-05,4.986746e-06
4.9,-3.5,0.0019288202,4.142835e-05,2.4133274e-06
5.0,-3.5,0.0019295247,4.150401e-05,0.0
3.5,-4.9,0.00035214375,2.5189927e-06,6.183049e-05
3.5,-5.0,0.0,0.0,6.174732e-05
4.2,-4.1,0.001790124,4.189163e-05,2.7445754e-05
4.1,-4.2,0.0017316944,3.9797804e-05,3.2084936e-05
4.3,-4.0,0.001830741,4.302508e-05,2.2975832e-05
4.0,-4.3,0.0016488231,3.6553585e-05,3.6904312e-05
4.4,-3.9,0.0018592926,4.33715e-05,1.8710089e-05
3.9,-4.4,0.0015347109,3.2069132e-05,4.18336e-05
4.5,-3.8,0.0018803752,4.3189706e-05,1.4722899e-05
3.8,-4.5,0.0013832445,2.6409603e-05,4.6842146e-05
4.6,-3.7,0.0018973835,4.2701482e-05,1.10131605e-05
3.7,-4.6,0.0011900658,1.9941595e-05,5.1902833e-05
3.6,-4.7,0.00095340365,1.3209913e-05,5.7003348e-05
4.7,-3.6,0.0019126917,4.2022883e-05,7.641322e-06
3.5,-4.8,0.0006742458,7.145613e-06,6.210292e-05
4.8,-3.5,0.0019276929,4.1243937e-05,4.6014343e-06
4.9,-3.4,0.001943492,4.0465322e-05,2.1941194e-06
5.0,-3.4,0.0019441498,4.0559615e-05,0.0
3.4,-4.9,0.0003555171,2.5472812e-06,6.7381516e-05
3.4,-5.0,0.0,0.0,6.73007e-05
4.1,-4.1,0.0017913355,4.1606683e-05,3.1315096e-05
4.2,-4.0,0.0018310286,4.267012e-05,2.6616677e-05
4.0,-4.2,0.0017340666,3.959076e-05,3.621445e-05
4.3,-3.9,0.0018589337,4.2980082e-05,2.2095364e-05
3.9,-4.3,0.00165253,3.6434245e-05,4.1273343e-05
4.4,-3.8,0.001879599,4.2787276e-05,1.7873399e-05
3.8,-4.4,0.0015397689,3.2038388e-05,4.6446057e-05
4.5,-3.7,0.0018963951,4.2314157e-05,1.3928395e-05
3.7,-4.5,0.001389441,2.644574e-05,5.1695068e-05
4.6,-3.6,0.0019116006,4.1677562e-05,1.0299014e-05
3.6,-4.6,0.0011969113,2.0016108e-05,5.6991103e-05
3.5,-4.7,0.0009601342,1.3291564e-05,6.232256e-05
4.7,-3.5,0.0019267052,4.0970008e-05,7.0595124e-06
3.4,-4.8,0.00067987427,7.2058524e-06,6.76472e-05
4.8,-3.4,0.0019424438,4.0254818e-05,4.1773646e-06
4.9,-3.3,0.001959428,3.9596114e-05,1.9519507e-06
5.0,-3.3,0.0019599942,3.9703424e-05,0.0
3.3,-4.9,0.00035892197,2.5731217e-06,7.315156e-05
3.3,-5.0,0.0,0.0,7.307337e-05
4.1,-4.0,0.0018311935,4.2231855e-05,3.036458e-05
4.0,-4.1,0.0017924056,4.1255957e-05,3.5324694e-05
4.2,-3.9,0.0018584669,4.250708e-05,2.559686e-05
3.9,-4.2,0.0017362878,3.9324048e-05,4.0492338e-05
4.3,-3.8,0.0018787386,4.2298383e-05,2.1115382e-05
3.8,-4.3,0.0016560925,3.62626e-05,4.5801633e-05
4.4,-3.7,0.001895332,4.1835076e-05,1.6915963e-05
3.7,-4.4,0.0015446993,3.1961437e-05,5.1233284e-05
4.5,-3.6,0.00191049,4.1231055e-05,1.3041118e-05
3.6,-4.5,0.0013955416,2.6447722e-05,5.6737517e-05
4.6,-3.5,0.0019256084,4.058498e-05,9.516292e-06
3.5,-4.6,0.0012037051,2.0066576e-05,6.227829e-05
3.4,-4.7,0.00096685643,1.3358259e-05,6.785037e-05
4.7,-3.4,0.0019415293,3.995591e-05,6.417504e-06
3.3,-4.8,0.0006855252,7.2587527e-06,7.340989e-05
4.8,-3.3,0.0019585264,3.9366314e-05,3.721498e-06
4.9,-3.2,0.0019768463,3.888112e-05,1.682813e-06
5.0,-3.2,0.0019772877,3.899861e-05,0.0
3.2,-4.9,0.00036235494,2.5963366e-06,7.914931e-05
3.2,-5.0,0.0,0.0,7.907401e-05
4.0,-4.0,0.0018312293,4.1727002e-05,3.4246434e-05
4.1,-3.9,0.0018578838,4.1950323e-05,2.9223485e-05
3.9,-4.1,0.001793323,4.083919e-05,3.9487837e-05
4.2,-3.8,0.0018777847,4.1726737e-05,2.446382e-05
3.8,-4.2,0.0017383497,3.8998416e-05,4.4933106e-05
4.3,-3.7,0.001894198,4.1261923e-05,1.9996194e-05
3.7,-4.3,0.0016595013,3.6036727e-05,5.0500938e-05
4.4,-3.6,0.0019093117,4.0685954e-05,1.5848655e-05
3.6,-4.4,0.0015494897,3.183523e-05,5.620727e-05
4.5,-3.5,0.0019245003,4.009069e-05,1.2060567e-05
3.5,-4.5,0.0014015345,2.641404e-05,6.197752e-05
4.6,-3.4,0.0019405135,3.953376e-05,8.658364e-06
3.4,-4.6,0.0012104358,2.0091942e-05,6.777276e-05
3.3,-4.7,0.00097356073,1.3409002e-05,7.359519e-05
4.7,-3.3,0.0019577395,3.9046135e-05,5.718635e-06
3.2,-4.8,0.00069119147,7.3038564e-06,7.93997e-05
4.8,-3.2,0.0019761403,3.8634545e-05,3.2268956e-06
4.9,-3.1,0.0019956352,3.8356236e-05,1.3888668e-06
5.0,-3.1,0.0019959244,3.8483566e-05,0.0
3.1,-4.9,0.0003658123,2.6168423e-06,8.5383566e-05
3.1,-5.0,0.0,0.0,8.531141e-05
4.0,-3.9,0.0018571797,4.131485e-05,3.2982025e-05
3.9,-4.0,0.0018311217,4.1154406e-05,3.8281072e-05
4.1,-3.8,0.0018767297,4.106819e-05,2.793429e-05
3.8,-4.1,0.0017940776,4.035332e-05,4.382142e-05
4.2,-3.7,0.0018929809,4.0595856e-05,2.3182112e-05
3.7,-4.2,0.0017402426,3.8613063e-05,4.954567e-05
4.3,-3.6,0.0019080736,4.0039726e-05,1.8750123e-05
3.6,-4.3,0.0016627411,3.575563e-05,5.5395016e-05
4.4,-3.5,0.0019233295,3.9487175e-05,1.4670337e-05
3.5,-4.4,0.0015541277,3.1662308e-05,6.13787e-05
4.5,-3.4,0.0019394887,3.89951e-05,1.0985908e-05
3.4,-4.5,0.0014074086,2.6343752e-05,6.7423505e-05
4.6,-3.3,0.0019568629,3.859096e-05,7.723404e-06
3.3,-4.6,0.0012170923,2.0091073e-05,7.348262e-05
3.2,-4.7,0.000980237,1.3442548e-05,7.956563e-05
4.7,-3.2,0.0019755187,3.8292932e-05,4.9587716e-06
3.1,-4.8,0.0006968656,7.3407e-06,8.562543e-05
4.8,-3.1,0.0019951658,3.8093447e-05,2.6934258e-06
4.9,-3.0,0.002015358,3.806669e-05,1.0685748e-06
5.0,-3.0,0.0020154647,3.8204482e-05,0.0
3.0,-4.9,0.00036929027,2.6345956e-06,9.186323e-05
3.0,-5.0,0.0,0.0,9.179443e-05
3.9,-3.9,0.0018563474,4.0599934e-05,3.6884565e-05
4.0,-3.8,0.0018755661,4.0320207e-05,3.1538555e-05
3.8,-4.0,0.0018308631,4.05057e-05,4.2478547e-05
4.1,-3.7,0.0018916741,3.9835897e-05,2.6488799e-05
3.7,-4.1,0.0017946606,3.979103e-05,4.8330792e-05
4.2,-3.6,0.0019067606,3.929313e-05,2.1755068e-05
3.6,-4.2,0.0017419596,3.8159444e-05,5.43352e-05
4.3,-3.5,0.0019221051,3.8774615e-05,1.7375272e-05
3.5,-4.3,0.0016657977,3.5417816e-05,6.048955e-05
4.4,-3.4,0.0019384054,3.833829e-05,1.3379779e-05
3.4,-4.4,0.0015586024,3.1443506e-05,6.675566e-05
4.5,-3.3,0.0019559748,3.8010712e-05,9.813241e-06
3.3,-4.5,0.0014131526,2.6236095e-05,7.3083276e-05
4.6,-3.2,0.0019748216,3.7805105e-05,6.7086066e-06
3.2,-4.6,0.0012236632,2.006286e-05,7.941696e-05
3.1,-4.7,0.0009868749,1.3458051e-05,8.577061e-05
4.7,-3.1,0.0019947423,3.7731323e-05,4.1352587e-06
3.0,-4.8,0.00070254,7.368767e-06,9.2095834e-05
4.8,-3.0,0.00201517,3.778684e-05,2.1187307e-06
4.9,-2.9,0.0020351568,3.804996e-05,7.10868e-07
5.0,-2.9,0.0020350465,3.8200975e-05,0.0
2.9,-4.9,0.0003727847,2.6495127e-06,9.859722e-05
2.9,-5.0,0.0,0.0,9.853198e-05
3.9,-3.8,0.0018742881,3.948273e-05,3.528749e-05
3.8,-3.9,0.0018553805,3.980323e-05,4.0943294e-05
4.0,-3.7,0.0018902706,3.8981612e-05,2.992722e-05
3.7,-4.0,0.0018304473,3.977524e-05,4.6849123e-05
4.1,-3.6,0.0019053677,3.844513e-05,2.4879891e-05
3.6,-4.1,0.0017950725,3.9142935e-05,5.3006974e-05
4.2,-3.5,0.0019208114,3.795329e-05,2.0183852e-05
3.5,-4.2,0.0017434923,3.7637958e-05,5.9313177e-05
4.3,-3.4,0.0019372716,3.7564398e-05,1.5869475e-05
3.4,-4.3,0.0016686666,3.5021494e-05,6.5781736e-05
4.4,-3.3,0.0019550312,3.7302714e-05,1.1972378e-05
3.3,-4.4,0.0015629053,3.1175467e-05,7.2342395e-05
4.5,-3.2,0.0019741077,3.7184014e-05,8.539771e-06
3.2,-4.5,0.0014187554,2.6088344e-05,7.89631e-05
4.6,-3.1,0.0019942606,3.7211063e-05,5.6080935e-06
3.1,-4.6,0.0012301352,2.0006022e-05,8.558573e-05
3.0,-4.7,0.0009934634,1.3455357e-05,9.221925e-05
4.7,-3.0,0.0020149802,3.7402257e-05,3.2448756e-06
2.9,-4.8,0.00070820656,7.3875917e-06,9.8819786e-05
4.8,-2.9,0.0020353065,3.77495e-05,1.4932193e-06
4.9,-2.8,0.002053583,3.8377864e-05,3.2062442e-07
5.0,-2.8,0.0020532163,3.8543854e-05,0.0
2.8,-4.9,0.00037629146,2.661468e-06,0.00010559453
2.8,-5.0,0.0,0.0,0.00010553303
3.8,-3.8,0.0018728893,3.8555627e-05,3.9192142e-05
3.9,-3.7,0.0018887646,3.8032416e-05,3.350914e-05
3.7,-3.9,0.0018542733,3.8923656e-05,4.5168537e-05
4.0,-3.6,0.0019038867,3.749539e-05,2.8136541e-05
3.6,-4.0,0.0018298693,3.8961214e-05,5.1401574e-05
4.1,-3.5,0.0019194435,3.702334e-05,2.311227e-05
3.5,-4.1,0.0017953112,3.84218e-05,5.7861882e-05
4.2,-3.4,0.0019360714,3.6673515e-05,1.8463657e-05
3.4,-4.2,0.0017448321,3.705304e-05,6.449256e-05
4.3,-3.3,0.001954037,3.6469177e-05,1.42282925e-05
3.3,-4.3,0.0016713418,3.456616e-05,7.1282055e-05
4.4,-3.2,0.0019733398,3.6425663e-05,1.0443804e-05
3.2,-4.4,0.0015670297,3.085576e-05,7.814055e-05
4.5,-3.1,0.0019937535,3.654797e-05,7.1580844e-06
3.1,-4.5,0.0014242047,2.5894906e-05,8.507334e-05
4.6,-3.0,0.002014753,3.684708e-05,4.418423e-06
3.0,-4.6,0.0012364953,1.991926e-05,9.199769e-05
2.9,-4.7,0.0009999915,1.3434079e-05,9.892054e-05
4.7,-2.9,0.002035397,3.734179e-05,2.27923e-06
2.8,-4.8,0.00071385707,7.3967185e-06,0.000105806124
4.8,-2.8,0.0020541346,3.804796e-05,8.2260203e-07
4.9,-2.7,0.0020683645,3.9080365e-05,-1.3219768e-07
5.0,-2.7,0.002067721,3.9260238e-05,0.0
2.7,-4.9,0.0003798059,2.6702953e-06,0.00011286417
2.7,-5.0,0.0,0.0,0.00011280659
3.8,-3.7,0.0018871494,3.6988065e-05,3.7245885e-05
3.7,-3.8,0.0018713643,3.753851e-05,4.3263517e-05
3.9,-3.6,0.0019023112,3.6443827e-05,3.1537238e-05
3.6,-3.9,0.00185302,3.796008e-05,4.95719e-05
4.0,-3.5,0.0019179927,3.598492e-05,2.617243e-05
3.5,-4.0,0.0018291248,3.8068712e-05,5.6140292e-05
4.1,-3.4,0.0019348001,3.5666108e-05,2.1178623e-05
3.4,-4.1,0.0017953648,3.7637616e-05,6.291906e-05
4.2,-3.3,0.0019529777,3.5510257e-05,1.6590422e-05
3.3,-4.2,0.0017459695,3.640131e-05,6.9886846e-05
4.3,-3.2,0.0019725203,3.5532783e-05,1.2445917e-05
3.2,-4.3,0.0016738118,3.405511e-05,7.700465e-05
4.4,-3.1,0.001993194,3.5737696e-05,8.786187e-06
3.1,-4.4,0.0015709625,3.0484027e-05,8.417396e-05
4.5,-3.0,0.00201449,3.6140365e-05,5.664371e-06
3.0,-4.5,0.001429486,2.5656776e-05,9.142635e-05
4.6,-2.9,0.0020354725,3.675055e-05,3.1318573e-06
2.9,-4.6,0.0012427316,1.9801688e-05,9.8661076e-05
2.8,-4.7,0.0010064481,1.339337e-05,0.00010588307
4.7,-2.8,0.0020545616,3.7610786e-05,1.242317e-06
2.7,-4.8,0.00071948295,7.3953665e-06,0.00011306364
4.8,-2.7,0.002069372,3.872066e-05,7.574819e-08
4.9,-2.6,0.0020760717,4.0197956e-05,-6.283515e-07
5.0,-2.6,0.0020751322,4.0371593e-05,0.0
2.6,-4.9,0.00038332312,2.675773e-06,0.00012041514
2.6,-5.0,0.0,0.0,0.00012036166
3.7,-3.7,0.0018854194,3.5848334e-05,4.1148618e-05
3.8,-3.6,0.0019006345,3.5290555e-05,3.5093188e-05
3.6,-3.8,0.0018697067,3.6431305e-05,4.7512345e-05
3.9,-3.5,0.0019164527,3.4838187e-05,2.9376924e-05
3.5,-3.9,0.0018516149,3.691072e-05,5.4163684e-05
4.0,-3.4,0.0019334484,3.454263e-05,2.4026393e-05
3.4,-4.0,0.0018282084,3.7099948e-05,6.107291e-05
4.1,-3.3,0.0019518476,3.4426947e-05,1.9074698e-05
3.3,-4.1,0.0017952225,3.6780988e-05,6.8189176e-05
4.2,-3.2,0.0019716348,3.45056e-05,1.4556999e-05
3.2,-4.2,0.0017468919,3.5681278e-05,7.551359e-05
4.3,-3.1,0.0019925793,3.4783778e-05,1.0514119e-05
3.1,-4.3,0.001676068,3.3480974e-05,8.2953324e-05
4.4,-3.0,0.0020141758,3.527628e-05,6.9948865e-06
3.0,-4.4,0.0015746837,3.0059877e-05,9.046013e-05
4.5,-2.9,0.002035501,3.5998226e-05,4.050506e-06
2.9,-4.5,0.0014345866,2.5377904e-05,9.803125e-05
4.6,-2.8,0.002055,3.6983787e-05,1.7501534e-06
2.8,-4.6,0.0012488319,1.9652894e-05,0.000105584804
2.7,-4.7,0.0010128219,1.333238e-05,0.00011311539
4.7,-2.7,0.0020701962,3.825641e-05,1.2501624e-07
2.6,-4.8,0.0007250751,7.3825054e-06,0.00012060124
4.8,-2.6,0.0020776032,3.984678e-05,-7.293428e-07
4.9,-2.5,0.0020723084,4.1769385e-05,-1.0728318e-06
5.0,-2.5,0.002071056,4.1921252e-05,0.0
2.5,-4.9,0.00038683787,2.6776474e-06,0.00012825638
2.5,-5.0,0.0,0.0,0.0001282072
3.7,-3.6,0.0018988505,3.4035675e-05,3.881537e-05
3.6,-3.7,0.0018835681,3.46129e-05,4.5228044e-05
3.8,-3.5,0.0019148162,3.3583354e-05,3.2737084e-05
3.5,-3.8,0.0018679111,3.52336e-05,5.1948693e-05
3.9,-3.4,0.0019320094,3.33037e-05,2.7019565e-05
3.4,-3.9,0.0018500523,3.5775083e-05,5.8952384e-05
4.0,-3.3,0.0019506374,3.3219978e-05,2.1693244e-05
3.3,-4.0,0.0018271137,3.6050427e-05,6.621226e-05
4.1,-3.2,0.001970677,3.3345765e-05,1.679244e-05
3.2,-4.1,0.0017948789,3.5846002e-05,7.367987e-05
4.2,-3.1,0.0019918976,3.368665e-05,1.2354312e-05
3.1,-4.2,0.001747595,3.4876168e-05,8.136283e-05
4.3,-3.0,0.0020138025,3.4259247e-05,8.427473e-06
3.0,-4.3,0.0016781029,3.2839405e-05,8.9133115e-05
4.4,-2.9,0.0020354805,3.5078443e-05,5.060157e-06
2.9,-4.4,0.0015781842,2.9581246e-05,9.699409e-05
4.5,-2.8,0.0020553803,3.618513e-05,2.317527e-06
2.8,-4.5,0.0014394952,2.505643e-05,0.00010489553
4.6,-2.7,0.0020710614,3.7597114e-05,2.6496613e-07
2.7,-4.6,0.0012547838,1.947208e-05,0.00011277646
2.6,-4.7,0.0010191009,1.32501145e-05,0.00012062694
4.7,-2.6,0.0020789034,3.93723e-05,-1.0625839e-06
2.5,-4.8,0.00073062367,7.3576393e-06,0.000128428
4.8,-2.5,0.0020743639,4.1453477e-05,-1.5144295e-06
4.9,-2.4,0.0020516783,4.377918e-05,-1.4946827e-06
5.0,-2.4,0.0020501518,4.3899134e-05,0.0
2.4,-4.9,0.00039034485,2.6755856e-06,0.00013639672
2.4,-5.0,0.0,0.0,0.00013635213
3.6,-3.6,0.001896953,3.2679247e-05,4.271418e-05
3.7,-3.5,0.001913077,3.2220643e-05,3.62639e-05
3.5,-3.7,0.0018815901,3.328135e-05,4.949434e-05
3.8,-3.4,0.0019304759,3.1949847e-05,3.0169427e-05
3.4,-3.8,0.001865972,3.394477e-05,5.6582303e-05
3.9,-3.3,0.0019493401,3.1890195e-05,2.4458745e-05
3.3,-3.9,0.0018483275,3.455231e-05,6.394707e-05
4.0,-3.2,0.001969638,3.205435e-05,1.91645e-05
3.2,-4.0,0.0018258347,3.49185e-05,7.156766e-05
4.1,-3.1,0.0019911407,3.244839e-05,1.432177e-05
3.1,-4.1,0.0017943284,3.48275e-05,7.9401354e-05
4.2,-3.0,0.00201336,3.308996e-05,9.9765175e-06
3.0,-4.2,0.0017480826,3.3989723e-05,8.743015e-05
4.3,-2.9,0.002035397,3.399555e-05,6.174518e-06
2.9,-4.3,0.001679907,3.213628e-05,9.555899e-05
4.4,-2.8,0.002055715,3.5208308e-05,2.98185e-06
2.8,-4.4,0.0015814597,2.9046461e-05,0.00010378049
4.5,-2.7,0.0020718644,3.675302e-05,4.5469932e-07
2.7,-4.5,0.0014442021,2.4689307e-05,0.00011202281
4.6,-2.6,0.0020802647,3.8680762e-05,-1.3193444e-06
2.6,-4.6,0.0012605757,1.925582e-05,0.00012024264
2.5,-4.7,0.0010252713,1.314542e-05,0.00012842768
4.7,-2.5,0.0020761334,4.0980303e-05,-2.3110217e-06
2.4,-4.8,0.0007361187,7.3209703e-06,0.00013655308
4.8,-2.4,0.0020541581,4.3492764e-05,-2.3277235e-06
4.9,-2.3,0.0020081247,4.6104153e-05,-1.9262695e-06
5.0,-2.3,0.002006463,4.6174926e-05,0.0
2.3,-4.9,0.00039383845,2.6692837e-06,0.00014484498
2.3,-5.0,0.0,0.0,0.00014480531
3.6,-3.5,0.0019112284,3.0750238e-05,3.9967676e-05
3.5,-3.6,0.0018949362,3.1221243e-05,4.67995e-05
3.7,-3.4,0.0019288412,3.0481588e-05,3.3486864e-05
3.4,-3.7,0.00187948,3.1853222e-05,5.3957116e-05
3.8,-3.3,0.001947948,3.0438438e-05,2.7382566e-05
3.3,-3.8,0.0018638845,3.2564487e-05,6.1421e-05
3.9,-3.2,0.00196851,3.063254e-05,2.168571e-05
3.2,-3.9,0.0018464355,3.324184e-05,6.91569e-05
4.0,-3.1,0.0019903001,3.1070438e-05,1.6429076e-05
3.1,-4.0,0.0018243671,3.370532e-05,7.7147895e-05
4.1,-3.0,0.0020128388,3.1770793e-05,1.16565025e-05
3.0,-4.1,0.0017935665,3.3728946e-05,8.535974e-05
4.2,-2.9,0.002035242,3.275062e-05,7.4106088e-06
2.9,-4.2,0.0017483461,3.3042303e-05,9.374017e-05
4.3,-2.8,0.0020559847,3.4057728e-05,3.7543905e-06
2.8,-4.3,0.0016814711,3.136976e-05,0.000102241895
4.4,-2.7,0.0020726263,3.572067e-05,7.4759924e-07
2.7,-4.4,0.0015844997,2.8456057e-05,0.000110831264
4.5,-2.6,0.0020815653,3.7791102e-05,-1.5311026e-06
2.6,-4.5,0.0014486997,2.427437e-05,0.00011941609
4.6,-2.5,0.0020779977,4.026276e-05,-3.0026779e-06
2.5,-4.6,0.001266193,1.8998104e-05,0.00012799473
2.4,-4.7,0.0010313195,1.3017304e-05,0.00013652611
4.7,-2.4,0.0020563016,4.301543e-05,-3.6402341e-06
2.3,-4.8,0.0007415499,7.272277e-06,0.00014498536
4.8,-2.3,0.002010797,4.585086e-05,-3.2097576e-06
4.9,-2.2,0.0019364962,4.8381964e-05,-2.3553741e-06
5.0,-2.2,0.0019349612,4.8389356e-05,0.0
3.5,-3.5,0.0019092646,2.9172259e-05,4.385817e-05
3.6,-3.4,0.0019270988,2.8899387e-05,3.6981975e-05
3.4,-3.6,0.0018927944,2.9661525e-05,5.1080646e-05
3.7,-3.3,0.0019464543,2.8865561e-05,3.0475481e-05
3.3,-3.7,0.0018772323,3.032795e-05,5.8625206e-05
3.8,-3.2,0.0019672858,2.9081504e-05,2.4367375e-05
3.2,-3.8,0.0018616446,3.1092655e-05,6.647267e-05
3.9,-3.1,0.001989368,2.9554465e-05,1.8688523e-05
3.1,-3.9,0.0018443714,3.184433e-05,7.4591e-05
4.0,-3.0,0.002012231,3.0303594e-05,1.3480284e-05
3.0,-4.0,0.0018227054,3.2409473e-05,8.296351e-05
4.1,-2.9,0.0020350057,3.1346797e-05,8.782459e-06
2.9,-4.1,0.0017925889,3.2556854e-05,9.155742e-05
4.2,-2.8,0.0020561817,3.2735617e-05,4.6556584e-06
2.8,-4.2,0.0017483718,3.202938e-05,0.000100308294
4.3,-2.7,0.002073322,3.4501656e-05,1.1543261e-06
2.7,-4.3,0.0016827843,3.0538406e-05,0.00010919625
4.4,-2.6,0.0020828256,3.6701505e-05,-1.6380161e-06
2.6,-4.4,0.001587292,2.7814232e-05,0.000118160075
4.5,-2.5,0.0020797967,3.9334103e-05,-3.6450526e-06
2.5,-4.5,0.0014529716,2.381151e-05,0.00012710362
4.6,-2.4,0.0020585828,4.228764e-05,-4.7900658e-06
2.4,-4.6,0.0012716197,1.8701836e-05,0.00013604485
2.3,-4.7,0.0010372332,1.2865148e-05,0.00014493045
4.7,-2.3,0.00201311,4.5358425e-05,-5.0167105e-06
4.8,-2.2,0.0019389425,4.8178015e-05,-4.165765e-06
4.9,-2.1,0.0018340233,5.0228144e-05,-2.7234678e-06
5.0,-2.1,0.0018329746,5.0161656e-05,0.0
3.5,-3.4,0.0019252426,2.7203647e-05,4.0664276e-05
3.4,-3.5,0.0019071796,2.748674e-05,4.7944566e-05
3.6,-3.3,0.0019448524,2.7172331e-05,3.3747405e-05
3.3,-3.6,0.0018905221,2.7999899e-05,5.5566412e-05
3.7,-3.2,0.001965958,2.7402446e-05,2.7220125e-05
3.2,-3.7,0.0018748422,2.870535e-05,6.3507025e-05
3.8,-3.1,0.0019883362,2.7902044e-05,2.1111306e-05
3.1,-3.8,0.001859247,2.9528906e-05,7.174696e-05
3.9,-3.0,0.0020115278,2.869041e-05,1.545993e-05
3.0,-3.9,0.0018421299,3.0359311e-05,8.025841e-05
4.0,-2.9,0.0020346795,2.9786648e-05,1.0303039e-05
2.9,-4.0,0.001820844,3.1029365e-05,8.902233e-05
4.1,-2.8,0.0020562948,3.1245567e-05,5.6995104e-06
2.8,-4.1,0.0017913901,3.1309006e-05,9.800401e-05
4.2,-2.7,0.0020739452,3.309985e-05,1.697656e-06
2.7,-4.2,0.0017481516,3.0943407e-05,0.00010714387
4.3,-2.6,0.002084023,3.541535e-05,-1.6230191e-06
2.6,-4.3,0.0016838327,2.964098e-05,0.00011643888
4.4,-2.5,0.002081569,3.819077e-05,-4.1695967e-06
2.5,-4.4,0.0015898274,2.7109343e-05,0.00012576836
4.5,-2.4,0.0020607924,4.133546e-05,-5.8882642e-06
2.4,-4.5,0.0014569948,2.330036e-05,0.00013509879
4.6,-2.3,0.0020156002,4.462423e-05,-6.6347843e-06
2.3,-4.6,0.001276842,1.8371407e-05,0.00014440097
4.7,-2.2,0.0019410568,4.7686193e-05,-6.4339197e-06
4.8,-2.1,0.0018357075,5.0084425e-05,-5.1158595e-06
4.9,-2.0,0.0017014357,5.1222727e-05,-3.0752915e-06
5.0,-2.0,0.0017012006,5.109892e-05,0.0
3.4,-3.4,0.0019232663,2.5394635e-05,4.4542714e-05
3.5,-3.3,0.0019431359,2.5359384e-05,3.720757e-05
3.3,-3.5,0.0019049678,2.5693647e-05,5.2235562e-05
3.6,-3.2,0.0019645197,2.5596431e-05,3.0253672e-05
3.2,-3.6,0.0018881143,2.6236079e-05,6.026533e-05
3.7,-3.1,0.0019871981,2.6114729e-05,2.3707928e-05
3.1,-3.7,0.0018723045,2.69854e-05,6.8611116e-05
3.8,-3.0,0.002010722,2.6933123e-05,1.7606557e-05
3.0,-3.8,0.0018566865,2.7872524e-05,7.725317e-05
3.9,-2.9,0.0020342553,2.8072653e-05,1.1983816e-05
2.9,-3.9,0.0018397059,2.8785706e-05,8.6168446e-05
4.0,-2.8,0.0020563162,2.9591014e-05,6.898344e-06
2.8,-4.0,0.0018187783,2.9564982e-05,9.533228e-05
4.1,-2.7,0.002074484,3.1520543e-05,2.3923815e-06
2.7,-4.1,0.0017899635,2.997996e-05,0.00010471277
4.2,-2.6,0.0020851532,3.39376e-05,-1.45757e-06
2.6,-4.2,0.0017476793,2.977933e-05,0.00011425481
4.3,-2.5,0.002083289,3.684368e-05,-4.563347e-06
2.5,-4.3,0.0016846138,2.865549e-05,0.0001239534
4.4,-2.4,0.0020630027,4.0158127e-05,-6.843695e-06
2.4,-4.4,0.001592097,2.6339045e-05,0.0001336616
4.5,-2.3,0.0020180184,4.3660722e-05,-8.196067e-06
2.3,-4.5,0.0014607614,2.2738584e-05,0.00014339245
4.6,-2.2,0.0019433558,4.6968646e-05,-8.510808e-06
4.7,-2.1,0.0018371759,4.9596165e-05,-7.810482e-06
4.8,-2.0,0.001701853,5.111846e-05,-6.0848724e-06
4.9,-1.9,0.0015433297,5.087653e-05,-3.3782114e-06
5.0,-1.9,0.0015441299,5.07552e-05,0.0
3.4,-3.3,0.0019412986,2.3427187e-05,4.086461e-05
3.3,-3.4,0.0019211642,2.3472463e-05,4.862575e-05
3.5,-3.2,0.001962965,2.3664415e-05,3.3476957e-05
3.2,-3.5,0.0019026237,2.379285e-05,5.673944e-05
3.6,-3.1,0.0019859467,2.4193952e-05,2.6487947e-05
3.1,-3.6,0.0018855653,2.4369672e-05,6.51858e-05
3.7,-3.0,0.0020098058,2.503363e-05,1.9930425e-05
3.0,-3.7,0.0018696141,2.5167681e-05,7.394608e-05
3.8,-2.9,0.002033725,2.620693e-05,1.3835844e-05
2.9,-3.8,0.0018539579,2.6122714e-05,8.3000305e-05
3.9,-2.8,0.0020562387,2.7775006e-05,8.261958e-06
2.8,-3.9,0.0018370942,2.7122576e-05,9.2330345e-05
4.0,-2.7,0.0020749308,2.9769228e-05,3.250617e-06
2.7,-4.0,0.0018165036,2.8014329e-05,0.00010190217
4.1,-2.6,0.0020862024,3.227388e-05,-1.1267882e-06
2.6,-4.1,0.0017883029,2.8568633e-05,0.000111692134
4.2,-2.5,0.0020849544,3.529656e-05,-4.7948342e-06
2.5,-4.2,0.001746949,2.8532135e-05,0.00012165073
4.3,-2.4,0.0020651768,3.8767703e-05,-7.659171e-06
2.4,-4.3,0.0016851318,2.759186e-05,0.00013173866
4.4,-2.3,0.00202046,4.247113e-05,-9.595114e-06
2.3,-4.4,0.0015940896,2.5512443e-05,0.00014185636
4.5,-2.2,0.0019455955,4.6012192e-05,-1.05195095e-05
4.6,-2.1,0.0018387755,4.889457e-05,-1.0355813e-05
4.7,-2.0,0.0017022387,5.0617313e-05,-9.140189e-06
4.8,-1.9,0.0015421335,5.077042e-05,-6.9978437e-06
4.9,-1.8,0.0013674281,4.9096136e-05,-3.6131323e-06
5.0,-1.8,0.0013693032,4.9032606e-05,0.0
3.3,-3.3,0.0019393348,2.1376041e-05,4.4726552e-05
3.4,-3.2,0.0019612873,2.1607206e-05,3.6898222e-05
3.2,-3.4,0.0019189307,2.1437078e-05,5.2921365e-05
3.5,-3.1,0.0019845753,2.2141036e-05,2.9460023e-05
3.1,-3.5,0.0019001416,2.1784057e-05,6.146419e-05
3.6,-3.0,0.0020087722,2.2993747e-05,2.2440809e-05
3.0,-3.6,0.00188287,2.2400143e-05,7.033609e-05
3.7,-2.9,0.0020330807,2.419184e-05,1.5869527e-05
2.9,-3.7,0.0018667657,2.3251545e-05,7.952042e-05
3.8,-2.8,0.0020560543,2.5799485e-05,9.8013825e-06
2.8,-3.8,0.0018510561,2.4278406e-05,8.899708e-05
3.9,-2.7,0.00207528,2.785063e-05,4.2769043e-06
2.7,-3.9,0.0018342903,2.536934e-05,9.8750235e-05
4.0,-2.6,0.0020871607,3.0430992e-05,-6.1882446e-07
2.6,-4.0,0.0018140152,2.6376725e-05,0.00010874059
4.1,-2.5,0.0020865516,3.3554006e-05,-4.84847e-06
2.5,-4.1,0.0017864038,2.7077218e-05,0.00011895055
4.2,-2.4,0.002067319,3.716797e-05,-8.303971e-06
2.4,-4.2,0.0017459568,2.7207818e-05,0.0001293356
4.3,-2.3,0.0020228853,4.1061485e-05,-1.0842615e-05
2.3,-4.3,0.0016853742,2.6473708e-05,0.00013982467
4.4,-2.2,0.0019478728,4.4828423e-05,-1.2360999e-05
4.5,-2.1,0.0018403424,4.7946432e-05,-1.2808925e-05
4.6,-2.0,0.0017026383,4.9912534e-05,-1.2127972e-05
4.7,-1.9,0.0015411535,5.026867e-05,-1.0418745e-05
4.8,-1.8,0.0013645558,4.8922513e-05,-7.77285e-06
4.9,-1.7,0.0011828967,4.6043326e-05,-3.8613534e-06
5.0,-1.7,0.0011856606,4.6075686e-05,0.0
3.3,-3.2,0.0019594813,1.94254e-05,4.052504e-05
3.2,-3.3,0.0019372388,1.9206027e-05,4.880092e-05
3.4,-3.1,0.001983078,1.9957106e-05,3.2631917e-05
3.1,-3.4,0.0019165602,1.928821e-05,5.7437177e-05
3.5,-3.0,0.0020076148,2.08152e-05,2.5145971e-05
3.0,-3.5,0.0018975162,1.9666766e-05,6.641763e-05
3.6,-2.9,0.0020323156,2.202991e-05,1.8094264e-05
2.9,-3.6,0.0018800228,2.0326765e-05,7.572433e-05
3.7,-2.8,0.0020557547,2.3666504e-05,1.1527914e-05
2.8,-3.7,0.001863754,2.1236152e-05,8.534231e-05
3.8,-2.7,0.0020755276,2.5765195e-05,5.4807933e-06
2.7,-3.8,0.0018479764,2.2338245e-05,9.525147e-05
3.9,-2.6,0.0020880143,2.8414444e-05,5.5278377e-08
2.6,-3.9,0.0018312907,2.3525621e-05,0.00010543526
4.0,-2.5,0.0020880708,3.1620923e-05,-4.7103003e-06
2.5,-4.0,0.0018113079,2.4653102e-05,0.00011585658
4.1,-2.4,0.0020694172,3.5365792e-05,-8.763096e-06
2.4,-4.1,0.0017842607,2.5503872e-05,0.00012649843
4.2,-2.3,0.0020253053,3.943815e-05,-1.1903829e-05
2.3,-4.2,0.0017446984,2.5812355e-05,0.00013731144
4.3,-2.2,0.0019501519,4.3420256e-05,-1.4037007e-05
4.4,-2.1,0.0018419371,4.6778317e-05,-1.5084507e-05
4.5,-2.0,0.0017030325,4.895558e-05,-1.4995281e-05
4.6,-1.9,0.0015400291,4.9558876e-05,-1.38218775e-05
4.7,-1.8,0.0013621611,4.8380272e-05,-1.1553219e-05
4.8,-1.7,0.0011786325,4.5747798e-05,-8.475455e-06
4.9,-1.6,0.0009984635,4.200265e-05,-4.0964833e-06
5.0,-1.6,0.0010017744,4.217077e-05,0.0
3.2,-3.2,0.0019575409,1.711929e-05,4.436441e-05
3.3,-3.1,0.0019814488,1.7642964e-05,3.6010537e-05
3.1,-3.3,0.0019350051,1.6916974e-05,5.3094816e-05
3.4,-3.0,0.002006328,1.8499568e-05,2.8053131e-05
3.0,-3.4,0.0019140472,1.7025342e-05,6.218054e-05
3.5,-2.9,0.0020314227,1.972357e-05,2.051812e-05
2.9,-3.5,0.001894742,1.7440258e-05,7.160743e-05
3.6,-2.8,0.0020553316,2.1378863e-05,1.3451087e-05
2.8,-3.6,0.0018770185,1.8148618e-05,8.1358485e-05
3.7,-2.7,0.0020756647,2.351325e-05,6.8783884e-06
2.7,-3.7,0.0018605741,1.912054e-05,9.141968e-05
3.8,-2.6,0.0020887621,2.6224105e-05,9.01601e-07
2.6,-3.8,0.0018447136,2.0301588e-05,0.00010177129
3.9,-2.5,0.0020894976,2.9502198e-05,-4.3923883e-06
2.5,-3.9,0.00182809,2.159074e-05,0.000112395464
4.0,-2.4,0.0020714684,3.3366494e-05,-9.021636e-06
2.4,-4.0,0.0018083758,2.2842145e-05,0.00012326015
4.1,-2.3,0.0020277116,3.760934e-05,-1.2765063e-05
2.3,-4.1,0.0017818678,2.3847071e-05,0.00013434268
4.2,-2.2,0.0019524466,4.1797044e-05,-1.5510715e-05
4.3,-2.1,0.0018435364,4.5383375e-05,-1.7171831e-05
4.4,-2.0,0.0017034208,4.778433e-05,-1.7682334e-05
4.5,-1.9,0.0015389019,4.858457e-05,-1.7061106e-05
4.6,-1.8,0.001359456,4.7611367e-05,-1.5353518e-05
4.7,-1.7,0.0011750424,4.5120716e-05,-1.2568207e-05
4.8,-1.6,0.0009933372,4.1545256e-05,-9.056219e-06
4.9,-1.5,0.00082096737,3.7510694e-05,-4.3293794e-06
5.0,-1.5,0.0008244037,3.781656e-05,0.0
3.2,-3.1,0.0019796828,1.51990425e-05,3.9602048e-05
3.1,-3.2,0.001955461,1.468883e-05,4.8422877e-05
3.3,-3.0,0.0020049056,1.6048185e-05,3.116852e-05
3.0,-3.3,0.0019326281,1.450843e-05,5.7615045e-05
3.4,-2.9,0.0020303961,1.7274942e-05,2.31478e-05
2.9,-3.4,0.001911386,1.4647668e-05,6.715868e-05
3.5,-2.8,0.0020547784,1.893954e-05,1.5578136e-05
2.8,-3.5,0.0018918134,1.5103597e-05,7.7041135e-05
3.6,-2.7,0.0020756817,2.1099539e-05,8.481904e-06
2.7,-3.6,0.0018738514,1.5864664e-05,8.724637e-05
3.7,-2.6,0.002089409,2.3860404e-05,1.9534825e-06
2.6,-3.7,0.0018572207,1.6903648e-05,9.776058e-05
3.8,-2.5,0.002090833,2.7206466e-05,-3.891545e-06
2.5,-3.8,0.0018412628,1.8167995e-05,0.000108565066
3.9,-2.4,0.0020734703,3.1175845e-05,-9.076942e-06
2.4,-3.9,0.0018246826,1.956352e-05,0.00011964038
4.0,-2.3,0.0020301067,3.5583118e-05,-1.3413053e-05
2.3,-4.0,0.0018052133,2.09423e-05,0.0001309614
4.1,-2.2,0.001954753,3.9967596e-05,-1.6766873e-05
4.2,-2.1,0.0018451541,4.3775817e-05,-1.9038065e-05
4.3,-2.0,0.0017037989,4.6387882e-05,-2.0155594e-05
4.4,-1.9,0.0015377142,4.738403e-05,-2.0118945e-05
4.5,-1.8,0.0013567363,4.6573074e-05,-1.8933548e-05
4.6,-1.7,0.0011709956,4.4237982e-05,-1.6712636e-05
4.7,-1.6,0.0009890083,4.081838e-05,-1.3459252e-05
4.8,-1.5,0.00081565115,3.6877045e-05,-9.522469e-06
4.9,-1.4,0.00065471535,3.311626e-05,-4.5261945e-06
5.0,-1.4,0.0006579037,3.3511504e-05,0.0
3.1,-3.1,0.0019777745,1.2625372e-05,4.3412096e-05
3.2,-3.0,0.0020033428,1.3462026e-05,3.449757e-05
3.0,-3.2,0.0019532363,1.21335925e-05,5.2706586e-05
3.3,-2.9,0.00202923,1.4685677e-05,2.5988687e-05
2.9,-3.3,0.0019301025,1.1979593e-05,6.236825e-05
3.4,-2.8,0.0020540897,1.6351114e-05,1.7914406e-05
2.8,-3.4,0.0019085712,1.2154181e-05,7.2378716e-05
3.5,-2.7,0.0020755718,1.8529474e-05,1.0297578e-05
2.7,-3.5,0.0018887249,1.2655638e-05,8.272628e-05
3.6,-2.6,0.002089949,2.1329288e-05,3.2276448e-06
2.6,-3.6,0.0018705161,1.3473779e-05,9.3395836e-05
3.7,-2.5,0.0020920848,2.474208e-05,-3.177217e-06
2.5,-3.7,0.0018536882,1.458432e-05,0.00010437337
3.8,-2.4,0.0020754237,2.8805625e-05,-8.922413e-06
2.4,-3.8,0.0018376182,1.5936475e-05,0.00011564157
3.9,-2.3,0.002032492,3.336807e-05,-1.3840951e-05
2.3,-3.9,0.0018210628,1.7442431e-05,0.0001271795
4.0,-2.2,0.0019570775,3.7943475e-05,-1.7789533e-05
4.1,-2.1,0.0018467935,4.1967178e-05,-2.0666348e-05
4.2,-2.0,0.0017041748,4.4787383e-05,-2.238385e-05
4.3,-1.9,0.0015364834,4.5959103e-05,-2.2930877e-05
4.4,-1.8,0.0013538843,4.530429e-05,-2.231831e-05
4.5,-1.7,0.0011669244,4.307889e-05,-2.059624e-05
4.6,-1.6,0.0009841374,3.9791692e-05,-1.791169e-05
4.7,-1.5,0.00081117783,3.6033918e-05,-1.4209244e-05
4.8,-1.4,0.00064984645,3.2370637e-05,-9.85723e-06
4.9,-1.3,0.00050171727,2.9239058e-05,-4.647298e-06
5.0,-1.3,0.0005044335,2.959839e-05,0.0
3.0,-3.1,0.0019757191,9.921594e-06,4.7445985e-05
3.1,-3.0,0.0020016346,1.074153e-05,3.8045157e-05
3.2,-2.9,0.0020279195,1.1956793e-05,2.904477e-05
2.9,-3.2,0.0019508615,9.452756e-06,5.7221412e-05
3.3,-2.8,0.0020532596,1.3615692e-05,2.0464173e-05
2.8,-3.3,0.0019274226,9.329381e-06,6.736098e-05
3.4,-2.7,0.0020753294,1.580708e-05,1.2328773e-05
2.7,-3.4,0.0019055972,9.543654e-06,7.7847704e-05
3.5,-2.6,0.0020903768,1.8636434e-05,4.7242484e-06
2.6,-3.5,0.0018854705,1.0095026e-05,8.867042e-05
3.6,-2.5,0.00209325,2.2112701e-05,-2.2347315e-06
2.5,-3.6,0.0018670068,1.0974704e-05,9.9814824e-05
3.7,-2.4,0.0020773266,2.626646e-05,-8.545447e-06
2.4,-3.7,0.0018499708,1.2161252e-05,0.00011126652
3.8,-2.3,0.0020348704,3.0973162e-05,-1.4039689e-05
2.3,-3.8,0.0018337744,1.3605854e-05,0.00012300942
3.9,-2.2,0.0019594259,3.5735193e-05,-1.8570232e-05
4.0,-2.1,0.0018484653,3.997285e-05,-2.203963e-05
4.1,-2.0,0.0017045574,4.2997195e-05,-2.4346053e-05
4.2,-1.9,0.0015352061,4.4339282e-05,-2.5472122e-05
4.3,-1.8,0.0013509452,4.381559e-05,-2.5427904e-05
4.4,-1.7,0.0011626524,4.16786e-05,-2.4268704e-05
4.5,-1.6,0.0009792297,3.847497e-05,-2.2078182e-05
4.6,-1.5,0.0008061545,3.4846045e-05,-1.892688e-05
4.7,-1.4,0.00064585055,3.144678e-05,-1.4801067e-05
4.8,-1.3,0.0004977475,2.857118e-05,-1.0039829e-05
4.9,-1.2,0.0003624707,2.6094422e-05,-4.6216155e-06
5.0,-1.2,0.00036472335,2.6207323e-05,0.0
3.0,-3.0,0.001999776,7.886479e-06,4.1815674e-05
2.9,-3.1,0.0019735114,7.086956e-06,5.1708783e-05
3.1,-2.9,0.0020264601,9.088425e-06,3.2319065e-05
3.2,-2.8,0.0020522836,1.0735354e-05,2.3230252e-05
2.8,-3.2,0.0019483312,6.645117e-06,6.197314e-05
3.3,-2.7,0.0020749487,1.2934918e-05,1.4579525e-05
2.7,-3.3,0.0019245831,6.556441e-06,7.259977e-05
3.4,-2.6,0.0020906888,1.5784293e-05,6.438736e-06
2.6,-3.4,0.0019024579,6.8145955e-06,8.357277e-05
3.5,-2.5,0.002094323,1.9320569e-05,-1.0662947e-06
2.5,-3.5,0.0018820445,7.420237e-06,9.4881245e-05
3.6,-2.4,0.0020791746,2.3561806e-05,-7.9379315e-06
2.4,-3.6,0.0018633174,8.366012e-06,0.00010651144
3.7,-2.3,0.0020372425,2.8405788e-05,-1.4002213e-05
2.3,-3.7,0.0018460626,9.632994e-06,0.0001184485
3.8,-2.2,0.0019618063,3.3352702e-05,-1.9102943e-05
3.9,-2.1,0.0018501803,3.780502e-05,-2.314869e-05
4.0,-2.0,0.0017049607,4.1034393e-05,-2.602769e-05
4.1,-1.9,0.0015338975,4.254345e-05,-2.7719023e-05
4.2,-1.8,0.0013479028,4.213694e-05,-2.823975e-05
4.3,-1.7,0.0011582447,4.0058105e-05,-2.7637147e-05
4.4,-1.6,0.00097406766,3.689293e-05,-2.600525e-05
4.5,-1.5,0.00080108567,3.3338478e-05,-2.3348639e-05
4.6,-1.4,0.0006413896,3.0116138e-05,-1.9759034e-05
4.7,-1.3,0.0004947705,2.7688267e-05,-1.5210219e-05
4.8,-1.2,0.00035954767,2.5876456e-05,-1.0026825e-05
4.9,-1.1,0.00023685169,2.3520957e-05,-4.3810346e-06
5.0,-1.1,0.00023883907,2.2981185e-05,0.0
2.9,-3.0,0.0019977624,4.8959814e-06,4.5813103e-05
3.0,-2.9,0.0020248475,6.080025e-06,3.5814344e-05
2.8,-3.1,0.0019711466,4.120254e-06,5.6205496e-05
3.1,-2.8,0.0020511576,7.711754e-06,2.6214782e-05
3.2,-2.7,0.0020744235,9.914823e-06,1.7053524e-05
2.7,-3.2,0.0019456401,3.7091445e-06,6.696765e-05
3.3,-2.6,0.0020908816,1.2772807e-05,8.370859e-06
2.6,-3.3,0.001921578,3.6590836e-06,7.809123e-05
3.4,-2.5,0.0020953026,1.6367601e-05,3.1789685e-07
2.5,-3.4,0.0018991475,3.96529e-06,8.95612e-05
3.5,-2.4,0.0020809653,2.0693391e-05,-7.099088e-06
2.4,-3.5,0.0018784405,4.629583e-06,0.000101366575
3.6,-2.3,0.0020396109,2.5671365e-05,-1.3725541e-05
2.3,-3.6,0.001859442,5.646135e-06,0.00011349385
3.7,-2.2,0.0019642278,3.080496e-05,-1.9385432e-05
3.8,-2.1,0.0018519531,3.547447e-05,-2.3989613e-05
3.9,-2.0,0.001705401,3.8914e-05,-2.7421236e-05
4.0,-1.9,0.0015325719,4.059136e-05,-2.9658344e-05
4.1,-1.8,0.0013447737,4.0292034e-05,-3.0724663e-05
4.2,-1.7,0.0011536708,3.8250684e-05,-3.0676292e-05
4.3,-1.6,0.00096871733,3.5078778e-05,-2.9588487e-05
4.4,-1.5,0.00079572666,3.1529806e-05,-2.7500999e-05
4.5,-1.4,0.0006368902,2.8401884e-05,-2.4420084e-05
4.6,-1.3,0.0004915155,2.62864e-05,-2.039317e-05
4.7,-1.2,0.0003579743,2.5302841e-05,-1.541286e-05
4.8,-1.1,0.00023486711,2.4485002e-05,-9.810438e-06
4.9,-1.0,0.00012452937,2.1676908e-05,-3.8404014e-06
5.0,-1.0,0.0001262646,2.0035257e-05,0.0
2.9,-2.9,0.0020230773,2.930867e-06,3.953335e-05
2.8,-3.0,0.0019955891,1.7685469e-06,5.0041188e-05
3.0,-2.8,0.002049877,4.5454785e-06,2.9420291e-05
2.7,-3.1,0.001968619,1.019791e-06,6.0941198e-05
3.1,-2.7,0.0020737492,6.746788e-06,1.9750873e-05
3.2,-2.6,0.0020909477,9.603905e-06,1.05309655e-05
2.6,-3.2,0.0019427824,6.429452e-07,7.221094e-05
3.3,-2.5,0.002096191,1.3253982e-05,1.9146057e-06
2.5,-3.3,0.0019184013,6.3533463e-07,8.3842206e-05
3.4,-2.4,0.0020826985,1.7664051e-05,-6.034637e-06
2.4,-3.4,0.0018956596,9.938235e-07,9.582042e-05
3.5,-2.3,0.00204198,2.277364e-05,-1.32111345e-05
2.3,-3.5,0.0018746523,1.7212274e-06,0.00010813437
3.6,-2.2,0.0019667004,2.8098906e-05,-1.9418643e-05
2.2,-3.7,0.0018419576,6.9980915e-06,0.00012592788
2.2,-3.6,0.0018553738,2.813412e-06,0.000120770455
3.7,-2.1,0.0018538,3.2991473e-05,-2.4563067e-05
3.8,-2.0,0.0017058982,3.665017e-05,-2.8525219e-05
3.9,-1.9,0.001531249,3.850141e-05,-3.1283405e-05
4.0,-1.8,0.0013415694,3.830625e-05,-3.2870834e-05
4.1,-1.7,0.0011489457,3.628729e-05,-3.3351575e-05
4.2,-1.6,0.00096313475,3.307493e-05,-3.280434e-05
4.3,-1.5,0.0007901299,2.9468149e-05,-3.127186e-05
4.4,-1.4,0.0006320797,2.6324009e-05,-2.8774557e-05
4.5,-1.3,0.00048825992,2.4368703e-05,-2.5282745e-05
4.6,-1.2,0.00035642038,2.3970077e-05,-2.0835225e-05
4.7,-1.1,0.00023493031,2.4686271e-05,-1.546158e-05
4.8,-1.0,0.00012365042,2.4609724e-05,-9.51125e-06
4.9,-0.9,2.6845573e-05,2.0169458e-05,-3.7651423e-06
2.8,-2.9,0.0020211448,-3.6024176e-07,4.3478703e-05
2.9,-2.8,0.0020484375,1.2357818e-06,3.284796e-05
2.7,-3.0,0.001993251,-1.4978509e-06,5.450387e-05
3.0,-2.7,0.002072923,3.4293737e-06,2.2666389e-05
2.6,-3.1,0.0019659237,-2.2165793e-06,6.5921195e-05
3.1,-2.6,0.0020908802,6.2849367e-06,1.2926228e-05
3.2,-2.5,0.0020969913,9.978158e-06,3.743119e-06
2.5,-3.2,0.0019397524,-2.555702e-06,7.770929e-05
3.3,-2.4,0.002084378,1.4477291e-05,-4.7453664e-06
2.4,-3.3,0.001915047,-2.5169875e-06,8.98597e-05
3.4,-2.3,0.0020443555,1.9715006e-05,-1.246332e-05
2.3,-3.4,0.0018919879,-2.1019098e-06,0.00010235809
3.5,-2.2,0.0019692366,2.523988e-05,-1.9206977e-05
2.2,-3.5,0.0018706731,-1.3067653e-06,0.000115192845
3.6,-2.1,0.0018557394,3.036442e-05,-2.487349e-05
3.7,-2.0,0.001706475,3.4255256e-05,-2.9343608e-05
3.8,-1.9,0.001529952,3.629121e-05,-3.2595595e-05
3.9,-1.8,0.001338311,3.6203364e-05,-3.4673598e-05
4.0,-1.7,0.0011440767,3.420011e-05,-3.5653542e-05
4.1,-1.6,0.00095733383,3.092355e-05,-3.5619272e-05
4.2,-1.5,0.0007842378,2.7206637e-05,-3.463327e-05
4.3,-1.4,0.0006269791,2.3953322e-05,-3.2705917e-05
4.4,-1.3,0.00048468373,2.1981812e-05,-2.9823806e-05
4.5,-1.2,0.00035494496,2.1868858e-05,-2.5951116e-05
4.6,-1.1,0.0002353762,2.3588233e-05,-2.1144971e-05
4.7,-1.0,0.00012558693,2.6011969e-05,-1.5547086e-05
4.8,-0.9,2.7763921e-05,2.6477268e-05,-9.668074e-06
2.8,-2.8,0.0020468344,-2.2197169e-06,3.6497557e-05
2.7,-2.9,0.0020190454,-3.7954098e-06,4.7653393e-05
2.9,-2.7,0.0020719434,-3.828176e-08,2.5794081e-05
2.6,-3.0,0.001990743,-4.9056744e-06,5.9205642e-05
3.0,-2.6,0.002090673,2.8200798e-06,1.5539406e-05
2.5,-3.1,0.0019630545,-5.591355e-06,7.115116e-05
3.1,-2.5,0.0020976912,6.5435775e-06,5.8074347e-06
3.2,-2.4,0.0020860087,1.113322e-05,-3.2196817e-06
2.4,-3.2,0.0019365437,-5.8892665e-06,8.346926e-05
3.3,-2.3,0.0020467422,1.6498061e-05,-1.148458e-05
2.3,-3.3,0.0019115082,-5.800255e-06,9.6151e-05
3.4,-2.2,0.001971849,2.2231583e-05,-1.8757555e-05
2.2,-3.4,0.0018881253,-5.324173e-06,0.0001091822
3.5,-2.1,0.0018577911,2.7599639e-05,-2.4928528e-05
3.6,-2.0,0.0017071564,3.1739448e-05,-2.9884734e-05
3.7,-1.9,0.0015287074,3.3975863e-05,-3.3602395e-05
3.8,-1.8,0.0013350227,3.4005312e-05,-3.6138215e-05
3.9,-1.7,0.0011390854,3.2018383e-05,-3.7581136e-05
4.0,-1.6,0.00095131923,2.8664947e-05,-3.8027076e-05
4.1,-1.5,0.0007780599,2.4801357e-05,-3.7553593e-05
4.2,-1.4,0.0006215171,2.1365324e-05,-3.618223e-05
4.3,-1.3,0.000480758,1.9237194e-05,-3.389461e-05
4.4,-1.2,0.00035313753,1.9123492e-05,-3.0660307e-05
4.5,-1.1,0.00023597555,2.1308879e-05,-2.6463027e-05
4.6,-1.0,0.00012805656,2.524011e-05,-2.1447908e-05
4.7,-0.9,3.123566e-05,2.9105948e-05,-1.5946152e-05
2.7,-2.8,0.0020450628,-5.824394e-06,4.0370316e-05
2.8,-2.7,0.0020708067,-3.6577987e-06,2.9133249e-05
2.6,-2.9,0.0020167732,-7.3773954e-06,5.206128e-05
2.9,-2.6,0.0020903226,-7.9539336e-07,1.835145e-05
2.5,-3.0,0.0019880591,-8.457698e-06,6.415154e-05
3.0,-2.5,0.0020982735,2.9541068e-06,8.086228e-06
2.4,-3.1,0.0019600058,-9.107333e-06,7.663709e-05
3.1,-2.4,0.002087584,7.6254946e-06,-1.4696858e-06
3.2,-2.3,0.0020491432,1.312512e-05,-1.0275835e-05
2.3,-3.2,0.0019331501,-9.36044e-06,8.949774e-05
3.3,-2.2,0.0019745503,1.9075946e-05,-1.80779e-05
2.2,-3.3,0.0019077781,-9.2170885e-06,0.00010272382
3.4,-2.1,0.0018599757,2.4701374e-05,-2.4738236e-05
3.5,-2.0,0.0017079691,2.9110544e-05,-3.0160272e-05
3.6,-1.9,0.0015275443,3.156766e-05,-3.4316075e-05
3.7,-1.8,0.0013317326,3.1730546e-05,-3.727646e-05
3.8,-1.7,0.0011339955,2.9767969e-05,-3.9144594e-05
3.9,-1.6,0.00094511197,2.6334801e-05,-4.003096e-05
4.0,-1.5,0.0007715985,2.230362e-05,-4.0031373e-05
4.1,-1.4,0.0006156976,1.8635219e-05,-3.9176903e-05
4.2,-1.3,0.0004763966,1.6249176e-05,-3.746236e-05
4.3,-1.2,0.00035091114,1.5926353e-05,-3.484436e-05
4.4,-1.1,0.0002362135,1.8147295e-05,-3.1300595e-05
4.5,-1.0,0.00013064213,2.2766064e-05,-2.6877193e-05
4.6,-0.9,3.5097346e-05,2.8582917e-05,-2.1869433e-05
2.7,-2.7,0.002069506,-7.4324507e-06,3.2687207e-05
2.6,-2.8,0.002043117,-9.58169e-06,4.446936e-05
2.8,-2.6,0.0020898273,-4.5685883e-06,2.1364138e-05
2.5,-2.9,0.0020143227,-1.11093095e-05,5.670675e-05
2.9,-2.5,0.0020987322,-7.934291e-07,1.0567139e-05
2.4,-3.0,0.0019851942,-1.2156994e-05,6.9346956e-05
3.0,-2.4,0.0020890972,3.948681e-06,4.8354065e-07
2.3,-3.1,0.001956771,-1.2767585e-05,8.23854e-05
3.1,-2.3,0.0020515628,9.593003e-06,-8.847608e-06
3.2,-2.2,0.0019773527,1.5772137e-05,-1.717495e-05
2.2,-3.2,0.0019295645,-1.2972182e-05,9.580206e-05
3.3,-2.1,0.0018623149,2.1671853e-05,-2.4314242e-05
3.4,-2.0,0.0017089414,2.637387e-05,-3.0184323e-05
3.5,-1.9,0.0015264937,2.9076109e-05,-3.4752367e-05
3.6,-1.8,0.0013284712,2.9393937e-05,-3.8105394e-05
3.7,-1.7,0.0011288355,2.747028e-05,-4.03608e-05
3.8,-1.6,0.00093873584,2.3963386e-05,-4.1646526e-05
3.9,-1.5,0.00076487527,1.9757405e-05,-4.2076073e-05
4.0,-1.4,0.00060952356,1.582753e-05,-4.1694977e-05
4.1,-1.3,0.00047159888,1.312039e-05,-4.050844e-05
4.2,-1.2,0.00034816592,1.2450428e-05,-3.8476115e-05
4.3,-1.1,0.00023596437,1.44198275e-05,-3.555784e-05
4.4,-1.0,0.00013282672,1.91446e-05,-3.1762873e-05
4.5,-0.9,3.900366e-05,2.5891153e-05,-2.7249052e-05
2.6,-2.7,0.0020680348,-1.1365915e-05,3.6459845e-05
2.7,-2.6,0.0020891814,-8.503839e-06,2.4584322e-05
2.5,-2.8,0.0020409916,-1.3495073e-05,4.879839e-05
2.8,-2.5,0.0020990646,-4.7036015e-06,1.3248441e-05
2.4,-2.9,0.0020116882,-1.4994607e-05,6.159445e-05
2.9,-2.4,0.0020905472,1.0335308e-07,2.636235e-06
2.3,-3.0,0.001982141,-1.6006958e-05,7.4797725e-05
3.0,-2.3,0.0020540084,5.89688e-06,-7.215773e-06
2.2,-3.1,0.0019533432,-1.6575412e-05,8.840291e-05
3.1,-2.2,0.0019802682,1.2316507e-05,-1.605767e-05
3.2,-2.1,0.0018648305,1.8511115e-05,-2.3669138e-05
3.3,-2.0,0.0017101027,2.3532177e-05,-2.9972438e-05
3.4,-1.9,0.0015255881,2.6508043e-05,-3.4929468e-05
3.5,-1.8,0.0013252713,2.7006834e-05,-3.8645434e-05
3.6,-1.7,0.0011236363,2.5142184e-05,-4.125206e-05
3.7,-1.6,0.0009322198,2.1575026e-05,-4.2896205e-05
3.8,-1.5,0.0007579158,1.7197797e-05,-4.3709722e-05
3.9,-1.4,0.00060301926,1.29965e-05,-4.3753364e-05
4.0,-1.3,0.00046637055,9.931878e-06,-4.3044856e-05
4.1,-1.2,0.00034489814,8.837333e-06,-4.154902e-05
4.2,-1.1,0.00023512063,1.0375867e-05,-3.9220515e-05
4.3,-1.0,0.0001344949,1.48362615e-05,-3.6033518e-05
4.4,-0.9,4.256755e-05,2.1826343e-05,-3.206911e-05
2.6,-2.6,0.0020883793,-1.2604192e-05,2.8015553e-05
2.5,-2.7,0.0020663864,-1.5461797e-05,4.0454503e-05
2.7,-2.5,0.002099269,-8.779694e-06,1.6131711e-05
2.4,-2.8,0.002038679,-1.7568242e-05,5.336138e-05
2.8,-2.4,0.0020919298,-3.9090824e-06,4.9840055e-06
2.3,-2.9,0.0020088633,-1.9037096e-05,6.6729444e-05
2.9,-2.3,0.002056486,2.0348875e-06,-5.390967e-06
2.2,-3.0,0.001978894,-2.0011286e-05,8.051015e-05
3.0,-2.2,0.0019833103,8.7046465e-06,-1.4738154e-05
3.1,-2.1,0.001867545,1.521703e-05,-2.281611e-05
3.2,-2.0,0.0017114831,2.0585747e-05,-2.9540492e-05
3.3,-1.9,0.0015248617,2.3867457e-05,-3.4867164e-05
3.4,-1.8,0.0013221668,2.457738e-05,-3.891896e-05
3.5,-1.7,0.0011184299,2.2796301e-05,-4.1843658e-05
3.6,-1.6,0.0009255942,1.9188052e-05,-4.3807406e-05
3.7,-1.5,0.0007507506,1.4651706e-05,-4.4960918e-05
3.8,-1.4,0.0005962138,1.0183399e-05,-4.5380904e-05
3.9,-1.3,0.00046074082,6.7501287e-06,-4.5097357e-05
4.0,-1.2,0.0003411196,5.1919706e-06,-4.4085293e-05
4.1,-1.1,0.00023367847,6.2016634e-06,-4.2295786e-05
4.2,-1.0,0.00013554253,1.017244e-05,-3.968777e-05
4.3,-0.9,4.5700068e-05,1.6965254e-05,-3.627803e-05
2.5,-2.6,0.0020874152,-1.6873819e-05,3.1659474e-05
2.6,-2.5,0.0020993412,-1.3025282e-05,1.9216786e-05
2.4,-2.7,0.0020645533,-1.9724197e-05,4.4674474e-05
2.7,-2.4,0.0020932406,-8.091087e-06,7.5245416e-06
2.3,-2.8,0.0020361734,-2.1805165e-05,5.8162634e-05
2.8,-2.3,0.0020589961,-1.9958964e-06,-3.3800745e-06
2.2,-2.9,0.002005841,-2.3240935e-05,7.211728e-05
2.9,-2.2,0.0019864913,4.9325618e-06,-1.3228748e-05
3.0,-2.1,0.001870481,1.1785787e-05,-2.17688e-05
3.1,-2.0,0.0017131132,1.7532731e-05,-2.8904029e-05
3.2,-1.9,0.0015243497,2.1155322e-05,-3.458597e-05
3.3,-1.8,0.0013191923,2.2110764e-05,-3.8949718e-05
3.4,-1.7,0.0011132495,2.0441465e-05,-4.2162173e-05
3.5,-1.6,0.00091889047,1.6815467e-05,-4.4409895e-05
3.6,-1.5,0.00074341136,1.21386365e-05,-4.5862544e-05
3.7,-1.4,0.00058914203,7.417571e-06,-4.6612422e-05
3.8,-1.3,0.00045474502,3.6237177e-06,-4.6702666e-05
3.9,-1.2,0.00033686776,1.5918024e-06,-4.611944e-05
4.0,-1.1,0.00023165585,2.028065e-06,-4.481672e-05
4.1,-1.0,0.00013596246,5.386384e-06,-4.2741918e-05
4.2,-0.9,4.829331e-05,1.1699597e-05,-3.9875624e-05
2.5,-2.5,0.0020992756,-1.7445347e-05,2.250213e-05
2.4,-2.6,0.0020862825,-2.1317834e-05,3.5517667e-05
2.6,-2.4,0.0020944742,-1.2447963e-05,1.025566e-05
2.3,-2.7,0.0020625277,-2.4157776e-05,4.912288e-05
2.7,-2.3,0.002061538,-6.2005142e-06,-1.1877312e-06
2.2,-2.8,0.0020334672,-2.621025e-05,6.320685e-05
2.8,-2.2,0.0019898228,9.957905e-07,-1.1540298e-05
2.9,-2.1,0.0018736611,8.212302e-06,-2.0540336e-05
3.0,-2.0,0.0017150237,1.4369554e-05,-2.8079032e-05
3.1,-1.9,0.0015240881,1.8369044e-05,-3.4105553e-05
3.2,-1.8,0.0013163849,1.960944e-05,-3.8763195e-05
3.3,-1.7,0.0011081278,1.8083287e-05,-4.2234442e-05
3.4,-1.6,0.00091213983,1.446579e-05,-4.4734228e-05
3.5,-1.5,0.0007359297,9.671325e-06,-4.6448826e-05
3.6,-1.4,0.00058183895,4.7185536e-06,-4.7486195e-05
3.7,-1.3,0.00044842402,5.8246957e-07,-4.790228e-05
3.8,-1.2,0.0003321865,-1.9086588e-06,-4.7696223e-05
3.9,-1.1,0.00022909748,-2.0558969e-06,-4.6824884e-05
4.0,-1.0,0.00013577048,6.3495065e-07,-4.523428e-05
4.1,-0.9,5.0319195e-05,6.3088046e-06,-4.2880394e-05
2.4,-2.5,0.0020990665,-2.204592e-05,2.5987623e-05
2.5,-2.4,0.002095623,-1.698544e-05,1.3174253e-05
2.3,-2.6,0.002084973,-2.5941641e-05,3.9592673e-05
2.6,-2.3,0.0020641088,-1.0585766e-05,1.1821381e-06
2.2,-2.7,0.0020603016,-2.8767716e-05,5.38028e-05
2.7,-2.2,0.0019933134,-3.1115221e-06,-9.682046e-06
2.8,-2.1,0.001877107,4.4902467e-06,-1.9142708e-05
2.9,-2.0,0.0017172465,1.1090835e-05,-2.7081285e-05
3.0,-1.9,0.001524113,1.5503741e-05,-3.344414e-05
3.1,-1.8,0.0013137822,1.7071485e-05,-3.8382957e-05
3.2,-1.7,0.0011030979,1.5725056e-05,-4.2087417e-05
3.3,-1.6,0.00090537244,1.2143695e-05,-4.4810204e-05
3.4,-1.5,0.000728336,7.2572893e-06,-4.6753885e-05
3.5,-1.4,0.0005743384,2.0975485e-06,-4.8040565e-05
3.6,-1.3,0.00044181803,-2.3559776e-06,-4.873964e-05
3.7,-1.2,0.00032712411,-5.2802707e-06,-4.886109e-05
3.8,-1.1,0.00022605337,-5.9923427e-06,-4.836914e-05
3.9,-1.0,0.0001350091,-3.978663e-06,-4.7210884e-05
4.0,-0.9,5.1775085e-05,9.7806e-07,-4.533078e-05
2.4,-2.4,0.0020966784,-2.1709822e-05,1.6278833e-05
2.3,-2.5,0.0020987072,-2.6833903e-05,2.9676949e-05
2.5,-2.3,0.0020667047,-1.5159458e-05,3.7254486e-06
2.2,-2.6,0.0020834776,-3.075036e-05,4.388677e-05
2.6,-2.2,0.0019969717,-7.3972e-06,-7.661464e-06
2.7,-2.1,0.0018808394,6.1218407e-07,-1.758739e-05
2.8,-2.0,0.0017198139,7.689776e-06,-2.592502e-05
2.9,-1.9,0.0015244607,1.2556663e-05,-3.261814e-05
3.0,-1.8,0.001311419,1.44874575e-05,-3.7823316e-05
3.1,-1.7,0.0010981928,1.3367662e-05,-4.174677e-05
3.2,-1.6,0.0008986167,9.850604e-06,-4.4665598e-05
3.3,-1.5,0.0007206588,4.9001173e-06,-4.681058e-05
3.4,-1.4,0.00056667184,-4.406989e-07,-4.8312577e-05
3.5,-1.3,0.00043496594,-5.1816633e-06,-4.925651e-05
3.6,-1.2,0.00032172477,-8.507829e-06,-4.9659484e-05
3.7,-1.1,0.00022257681,-9.749511e-06,-4.949901e-05
3.8,-1.0,0.0001337275,-8.391989e-06,-4.872221e-05
3.9,-0.9,5.2686835e-05,-4.1734247e-06,-4.727279e-05
2.3,-2.4,0.0020976304,-2.6628508e-05,1.957059e-05
2.4,-2.3,0.002069319,-1.9930018e-05,6.4388905e-06
2.2,-2.5,0.0020981897,-3.1816704e-05,3.357092e-05
2.5,-2.2,0.0020008038,-1.1870875e-05,-5.484755e-06
2.6,-2.1,0.0018848785,-3.4304935e-06,-1.5885213e-05
2.7,-2.0,0.0017227583,4.158644e-06,-2.462361e-05
2.8,-1.9,0.0015251691,9.524592e-06,-3.1642674e-05
2.9,-1.8,0.0013093284,1.185635e-05,-3.7100428e-05
3.0,-1.7,0.0010934445,1.1005355e-05,-4.1233216e-05
3.1,-1.6,0.0008918996,7.5855514e-06,-4.4327342e-05
3.2,-1.5,0.00071292475,2.5997779e-06,-4.664962e-05
3.3,-1.4,0.0005588676,-2.8952386e-06,-4.833749e-05
3.4,-1.3,0.00042790294,-7.893287e-06,-4.9491675e-05
3.5,-1.2,0.00031603212,-1.1579599e-05,-5.013815e-05
3.6,-1.1,0.00021871773,-1.3314637e-05,-5.0262515e-05
3.7,-1.0,0.00013197983,-1.2571933e-05,-4.982133e-05
3.8,-0.9,5.3091255e-05,-9.074726e-06,-4.8756796e-05
2.3,-2.3,0.0020719424,-2.4906378e-05,9.3200815e-06
2.2,-2.4,0.002098468,-3.175033e-05,2.3046246e-05
2.4,-2.2,0.002004815,-1.6543116e-05,-3.1563702e-06
2.5,-2.1,0.0018892437,-7.648106e-06,-1.4044299e-05
2.6,-2.0,0.0017261119,4.886164e-07,-2.3190401e-05
2.7,-1.9,0.0015262779,6.4003925e-06,-3.053312e-05
2.8,-1.8,0.0013075487,9.181366e-06,-3.6236255e-05
2.9,-1.7,0.0010888858,8.634341e-06,-4.0566174e-05
3.0,-1.6,0.0008852499,5.3463414e-06,-4.3824475e-05
3.1,-1.5,0.00070515845,3.5274726e-07,-4.6299327e-05
3.2,-1.4,0.00055095187,-5.2679084e-06,-4.8148027e-05
3.3,-1.3,0.00042065862,-1.0493e-05,-4.948167e-05
3.4,-1.2,0.0003100869,-1.4501153e-05,-5.033767e-05
3.5,-1.1,0.00021452954,-1.668187e-05,-5.070986e-05
3.6,-1.0,0.00012981865,-1.6507109e-05,-5.0559207e-05
3.7,-0.9,5.303497e-05,-1.3690565e-05,-4.9834507e-05
2.2,-2.3,0.0020745639,-3.0098365e-05,1.2364025e-05
2.3,-2.2,0.0020090062,-2.1425232e-05,-6.805634e-07
2.4,-2.1,0.0018939539,-1.2053079e-05,-1.2069844e-05
2.5,-2.0,0.0017299068,-3.3307465e-06,-2.1636415e-05
2.6,-1.9,0.0015278279,3.1747725e-06,-2.9305203e-05
2.7,-1.8,0.001306122,6.4565834e-06,-3.5250137e-05
2.8,-1.7,0.00108455,6.252995e-06,-3.9766666e-05
2.9,-1.6,0.0008786979,3.1300362e-06,-4.3179774e-05
3.0,-1.5,0.000697383,-1.8464556e-06,-4.5786193e-05
3.1,-1.4,0.00054294785,-7.563953e-06,-4.777405e-05
3.2,-1.3,0.0004132599,-1.2985194e-05,-4.926128e-05
3.3,-1.2,0.00030392525,-1.7285804e-05,-5.0294642e-05
3.4,-1.1,0.00021004495,-1.9855226e-05,-5.0882714e-05
3.5,-1.0,0.00012732002,-2.0197826e-05,-5.0984974e-05
3.6,-0.9,5.2564454e-05,-1.800755e-05,-5.0555445e-05
2.2,-2.2,0.002013378,-2.653097e-05,1.932563e-06
2.3,-2.1,0.0018990268,-1.6658683e-05,-9.971928e-06
2.4,-2.0,0.0017341747,-7.312224e-06,-1.9968711e-05
2.5,-1.9,0.0015298612,-1.6249034e-07,-2.7972057e-05
2.6,-1.8,0.0013050907,3.673274e-06,-3.415863e-05
2.7,-1.7,0.0010804716,3.8555872e-06,-3.885376e-05
2.8,-1.6,0.0008722696,9.320374e-07,-4.2409712e-05
2.9,-1.5,0.0006896199,-4.001684e-06,-4.5133733e-05
3.0,-1.4,0.00053487567,-9.790687e-06,-4.7242575e-05
3.1,-1.3,0.00040573138,-1.5379832e-05,-4.886138e-05
3.2,-1.2,0.0002975773,-1.9936955e-05,-5.004649e-05
3.3,-1.1,0.00020531617,-2.2847424e-05,-5.0814273e-05
3.4,-1.0,0.00012447391,-2.3651657e-05,-5.1137995e-05
3.5,-0.9,5.174743e-05,-2.2031036e-05,-5.0967814e-05
2.1,-2.2,0.0020179355,-3.18781e-05,4.6678097e-06
2.1,-2.3,0.0020771676,-3.5517834e-05,1.5564796e-05
2.2,-2.1,0.0019044802,-2.148099e-05,-7.77026e-06
2.3,-2.0,0.001738951,-1.1468246e-05,-1.8202665e-05
2.4,-1.9,0.0015324182,-3.620572e-06,-2.654111e-05
2.5,-1.8,0.0013044971,8.2186557e-07,-3.2971504e-05
2.6,-1.7,0.0010766858,1.4363338e-06,-3.7842226e-05
2.7,-1.6,0.0008659885,-1.253183e-06,-4.153137e-05
2.8,-1.5,0.0006818877,-6.1168294e-06,-4.4361997e-05
2.9,-1.4,0.0005267517,-1.1955755e-05,-4.6576974e-05
3.0,-1.3,0.00039809273,-1.768775e-05,-4.830885e-05
3.1,-1.2,0.0002910697,-2.2464623e-05,-4.962427e-05
3.2,-1.1,0.00020038235,-2.5675585e-05,-5.05441e-05
3.3,-1.0,0.0001213586,-2.6885842e-05,-5.105185e-05
3.4,-0.9,5.0575465e-05,-2.5777923e-05,-5.1110295e-05
2.1,-2.1,0.0019103606,-2.6537798e-05,-5.487975e-06
2.2,-2.0,0.0017442821,-1.5816522e-05,-1.6367838e-05
2.3,-1.9,0.0015355498,-7.207931e-06,-2.5036554e-05
2.4,-1.8,0.0013043861,-2.105433e-06,-3.1697287e-05
2.5,-1.7,0.0010732275,-1.0100307e-06,-3.6740465e-05
2.6,-1.6,0.00085987884,-3.4307461e-06,-4.055831e-05
2.7,-1.5,0.0006742026,-8.197981e-06,-4.3488526e-05
2.8,-1.4,0.0005185885,-1.4067029e-05,-4.579739e-05
2.9,-1.3,0.0003903582,-1.9919848e-05,-4.7626905e-05
3.0,-1.2,0.0002844223,-2.488823e-05,-4.9053782e-05
3.1,-1.1,0.00019525856,-2.836242e-05,-5.0104765e-05
3.2,-1.0,0.00011804059,-2.9923849e-05,-5.0768518e-05
3.3,-0.9,4.912255e-05,-2.9272334e-05,-5.1018404e-05
2.1,-2.0,0.0017502431,-2.037541e-05,-1.4481053e-05
2.2,-1.9,0.001539337,-1.0942647e-05,-2.350372e-05
2.3,-1.8,0.0013048173,-5.1224106e-06,-3.038334e-05
2.4,-1.7,0.0010701371,-3.48879e-06,-3.557202e-05
2.5,-1.6,0.0008539635,-5.606249e-06,-3.9499788e-05
2.6,-1.5,0.0006665774,-1.0251812e-05,-4.2526975e-05
2.7,-1.4,0.0005103968,-1.613275e-05,-4.4921133e-05
2.8,-1.3,0.00038253816,-2.2087857e-05,-4.6835572e-05
2.9,-1.2,0.0002776487,-2.722378e-05,-4.8358408e-05
3.0,-1.1,0.00018997322,-3.0927957e-05,-4.9520833e-05
3.1,-1.0,0.00011449661,-3.2792854e-05,-5.0319617e-05
3.2,-0.9,4.7456353e-05,-3.2540862e-05,-5.073376e-05
2.0988758,-1.9008019,0.0015456848,-1.4931094e-05,-2.1862663e-05
2.1990848,-1.8007352,0.0013076237,-8.2859815e-06,-2.9023602e-05
2.3,-1.7,0.0010674376,-6.019094e-06,-3.4398592e-05
2.4,-1.6,0.00084825227,-7.794356e-06,-3.83931e-05
2.5,-1.5,0.0006590179,-1.2288682e-05,-4.149268e-05
2.6,-1.4,0.00050218176,-1.8162607e-05,-4.3961598e-05
2.7,-1.3,0.00037464095,-2.4202704e-05,-4.5952365e-05
2.8,-1.2,0.000270762,-2.948599e-05,-4.7558173e-05
2.9,-1.1,0.00018454256,-3.3389057e-05,-4.8816004e-05
3.0,-1.0,0.00011077958,-3.551622e-05,-4.9729868e-05
3.1,-0.9,4.556042e-05,-3.5605928e-05,-5.0285675e-05
2.0971959,-1.8034203,0.0013159302,-1.1642655e-05,-2.7510496e-05
2.1982937,-1.7022102,0.0010704009,-8.616971e-06,-3.3108503e-05
2.299058,-1.6009631,0.0008447463,-9.969899e-06,-3.7250804e-05
2.4,-1.5,0.0006515015,-1.43329935e-05,-4.041893e-05
2.5,-1.4,0.0004939244,-2.017671e-05,-4.2940566e-05
2.6,-1.3,0.0003666662,-2.6280306e-05,-4.4992743e-05
2.7,-1.2,0.00026376912,-3.169021e-05,-4.667074e-05
2.8,-1.1,0.0001789841,-3.5764708e-05,-4.8010104e-05
2.9,-1.0,0.00010690679,-3.8114842e-05,-4.902334e-05
3.0,-0.9,4.34846e-05,-3.8497317e-05,-4.969816e-05
2.0958567,-1.7054329,0.0010765056,-1.1305947e-05,-3.1717384e-05
2.196985,-1.604271,0.00084662373,-1.2057824e-05,-3.6001267e-05
2.2982895,-1.5025524,0.0006486263,-1.6220392e-05,-3.9255076e-05
2.3990798,-1.4010311,0.0004870827,-2.2114245e-05,-4.1862808e-05
2.5,-1.3,0.00035858102,-2.8353526e-05,-4.3977092e-05
2.6,-1.2,0.00025666467,-3.385966e-05,-4.5712804e-05
2.7,-1.1,0.00017330484,-3.8077305e-05,-4.7121088e-05
2.8,-1.0,0.00010289853,-4.0613362e-05,-4.821855e-05
2.9,-0.9,4.124747e-05,-4.1246163e-05,-4.899509e-05
2.0946686,-1.6073318,0.00084850664,-1.4207706e-05,-3.471901e-05
2.195834,-1.5058811,0.00064739067,-1.8036671e-05,-3.8041642e-05
2.2975605,-1.4036397,0.0004825882,-2.3906729e-05,-4.0718285e-05
2.39829,-1.3023981,0.0003531582,-3.0241255e-05,-4.288463e-05
2.4990785,-1.2008374,0.00025018476,-3.5983972e-05,-4.4685934e-05
2.6,-1.1,0.00016749458,-4.0355822e-05,-4.6165474e-05
2.7,-1.0,9.876016e-05,-4.3043252e-05,-4.733213e-05
2.8,-0.9,3.887051e-05,-4.3879678e-05,-4.8195347e-05
2.0929444,-1.5106128,0.0006490914,-1.97637e-05,-3.679013e-05
2.194549,-1.4079045,0.00048056783,-2.5555875e-05,-3.950848e-05
2.2964964,-1.3055706,0.00034859806,-3.2023905e-05,-4.174384e-05
2.397353,-1.2039098,0.0002456691,-3.792431e-05,-4.359479e-05
2.4987655,-1.1009408,0.00016221547,-4.2598676e-05,-4.5140707e-05
2.599136,-1.0006651,9.489012e-05,-4.5431818e-05,-4.637132e-05
2.7,-0.9,3.6361667e-05,-4.643195e-05,-4.7315047e-05
2.0911036,-1.4136713,0.00048101525,-2.7055867e-05,-3.825846e-05
2.1929233,-1.3111014,0.0003467113,-3.3595123e-05,-4.0536004e-05
2.295135,-1.2076035,0.00024155073,-3.978212e-05,-4.245928e-05
2.396189,-1.105088,0.00015919565,-4.4644894e-05,-4.40473e-05
2.4972913,-1.0028971,9.1839014e-05,-4.7759993e-05,-4.5347017e-05
2.5986981,-0.90091246,3.42012e-05,-4.8951923e-05,-4.635711e-05
2.0887642,-1.3165315,0.00034469503,-3.511809e-05,-3.929861e-05
2.19136,-1.2141157,0.0002399151,-4.140444e-05,-4.1260075e-05
2.2928636,-1.1110445,0.00015731882,-4.654089e-05,-4.2906897e-05
2.3949664,-1.0073462,8.9985355e-05,-4.9964892e-05,-4.427127e-05
2.4970655,-0.9034,3.272729e-05,-5.1414005e-05,-4.5346005e-05
2.0876474,-1.2203624,0.00023793361,-4.29645e-05,-4.003772e-05
2.1896517,-1.1175114,0.00015564417,-4.8336093e-05,-4.173252e-05
2.291467,-1.0136408,8.900852e-05,-5.204949e-05,-4.3144355e-05
2.39379,-0.9089763,3.2648906e-05,-5.3784574e-05,-4.4278215e-05
2.0868306,-1.122528,0.00015266816,-5.014829e-05,-4.05434e-05
2.1887612,-1.0191617,8.7334454e-05,-5.4090662e-05,-4.1995783e-05
2.2904923,-0.9158248,3.2976637e-05,-5.6055596e-05,-4.3172146e-05
2.0861962,-1.0239286,8.49255e-05,-5.6128214e-05,-4.0833616e-05
2.1878257,-0.92127424,3.230845e-05,-5.8315036e-05,-4.2044838e-05
2.0852559,-0.9259206,3.0944833e-05,-6.0588973e-05,-4.0907744e-05
